espn_athlete_id,name,dob,key,nba_person_id,draftYear,draftRound,draftNumber
2,Tariq Abdul-Wahad,1974-11-03,tariq abdulwahad,1505,1997.0,1.0,11.0
3,Shareef Abdur-Rahim,1976-12-11,shareef abdurrahim,949,1996.0,1.0,3.0
7,Courtney Alexander,1977-04-27,courtney alexander,2042,2000.0,1.0,13.0
9,Ray Allen,1975-07-20,ray allen,951,1996.0,1.0,5.0
10,Malik Allen,1978-06-27,malik allen,2124,-1.0,-1.0,-1.0
11,Rafer Alston,1976-07-24,rafer alston,1747,1998.0,2.0,39.0
13,John Amaechi,1970-11-26,john amaechi,680,-1.0,-1.0,-1.0
14,Nick Anderson,1968-01-20,nick anderson,98,1989.0,1.0,11.0
15,Kenny Anderson,1970-10-09,kenny anderson,72,1991.0,1.0,2.0
17,Shandon Anderson,1973-12-31,shandon anderson,1000,1996.0,2.0,54.0
18,Derek Anderson,1974-07-18,derek anderson,1507,1997.0,1.0,13.0
21,Greg Anthony,1967-11-15,greg anthony,21,1991.0,1.0,12.0
24,Darrell Armstrong,1968-06-22,darrell armstrong,353,-1.0,-1.0,-1.0
25,Metta World Peace,1979-11-13,metta world peace,1897,1999.0,1.0,16.0
26,Chucky Atkins,1974-08-14,chucky atkins,1088,-1.0,-1.0,-1.0
27,Stacey Augmon,1968-08-01,stacey augmon,278,1991.0,1.0,9.0
30,William Avery,1979-08-08,william avery,1895,1999.0,1.0,14.0
31,Dalibor Bagaric,1980-07-02,dalibor bagaric,2053,2000.0,1.0,24.0
34,Vin Baker,1971-11-23,vin baker,452,1993.0,1.0,8.0
38,Erick Barkley,1978-02-21,erick barkley,2057,2000.0,1.0,28.0
40,Dana Barros,1967-04-13,dana barros,344,1989.0,1.0,16.0
41,Jon Barry,1969-07-25,jon barry,468,1992.0,1.0,21.0
42,Brent Barry,1971-12-31,brent barry,699,1995.0,1.0,15.0
45,Tony Battie,1976-02-11,tony battie,1499,1997.0,1.0,5.0
49,Raja Bell,1976-09-19,raja bell,1952,-1.0,-1.0,-1.0
50,Jonathan Bender,1981-01-30,jonathan bender,1886,1999.0,1.0,5.0
58,Travis Best,1972-07-12,travis best,696,1995.0,1.0,23.0
61,Mike Bibby,1978-05-13,mike bibby,1710,1998.0,1.0,2.0
63,Chauncey Billups,1976-09-25,chauncey billups,1497,1997.0,1.0,3.0
68,Mookie Blaylock,1967-03-20,mookie blaylock,302,1989.0,1.0,12.0
69,Corie Blount,1969-01-04,corie blount,916,1993.0,1.0,25.0
70,Mark Blount,1975-11-30,mark blount,1548,1997.0,2.0,54.0
77,Calvin Booth,1976-05-07,calvin booth,1916,1999.0,2.0,35.0
82,Cal Bowdler,1977-03-31,cal bowdler,1898,1999.0,1.0,17.0
83,Bruce Bowen,1971-06-14,bruce bowen,1477,-1.0,-1.0,-1.0
84,Ryan Bowen,1975-11-20,ryan bowen,1763,1998.0,2.0,55.0
85,Ira Bowman,1973-06-11,ira bowman,1085,-1.0,-1.0,-1.0
87,Earl Boykins,1976-06-02,earl boykins,1863,-1.0,-1.0,-1.0
88,Shawn Bradley,1972-03-22,shawn bradley,762,1993.0,1.0,2.0
91,Elton Brand,1979-03-11,elton brand,1882,1999.0,1.0,1.0
92,Terrell Brandon,1970-05-20,terrell brandon,210,1991.0,1.0,11.0
94,Primoz Brezec,1979-10-02,primoz brezec,2056,2000.0,1.0,27.0
96,Chucky Brown,1968-02-29,chucky brown,359,1989.0,2.0,43.0
97,Dee Brown,1968-11-29,dee brown,244,1990.0,1.0,19.0
98,Randy Brown,1968-05-22,randy brown,753,1991.0,2.0,31.0
99,P.J. Brown,1969-10-14,pj brown,136,1992.0,2.0,29.0
105,Ernest Brown,1979-05-17,ernest brown,2081,2000.0,2.0,52.0
106,Rick Brunson,1972-06-14,rick brunson,1594,-1.0,-1.0,-1.0
109,Mark Bryant,1965-04-25,mark bryant,95,1988.0,1.0,21.0
110,Kobe Bryant,1978-08-23,kobe bryant,977,1996.0,1.0,13.0
111,Greg Buckner,1976-09-16,greg buckner,1761,1998.0,2.0,53.0
112,Jud Buechler,1968-06-19,jud buechler,146,1990.0,2.0,38.0
114,Rodney Buford,1977-11-02,rodney buford,1934,1999.0,2.0,53.0
115,Matt Bullard,1967-06-05,matt bullard,672,-1.0,-1.0,-1.0
121,Mitchell Butler,1970-12-15,mitchell butler,348,-1.0,-1.0,-1.0
122,Jason Caffey,1973-06-12,jason caffey,679,1995.0,1.0,20.0
125,Marcus Camby,1974-03-22,marcus camby,948,1996.0,1.0,2.0
127,Elden Campbell,1968-07-23,elden campbell,922,1990.0,1.0,27.0
130,Brian Cardinal,1977-05-02,brian cardinal,2073,2000.0,2.0,44.0
136,Vince Carter,1977-01-26,vince carter,1713,1998.0,1.0,5.0
137,Anthony Carter,1975-06-16,anthony carter,1853,-1.0,-1.0,-1.0
138,Sam Cassell,1969-11-18,sam cassell,208,1993.0,1.0,24.0
139,Kelvin Cato,1974-08-26,kelvin cato,1509,1997.0,1.0,15.0
144,Calbert Cheaney,1971-07-17,calbert cheaney,384,1993.0,1.0,6.0
146,Chris Childs,1967-11-20,chris childs,164,-1.0,-1.0,-1.0
147,Doug Christie,1970-05-09,doug christie,57,1992.0,1.0,17.0
149,Keon Clark,1975-04-16,keon clark,1721,1998.0,1.0,13.0
150,Speedy Claxton,1978-05-08,speedy claxton,2049,2000.0,1.0,20.0
151,Mateen Cleaves,1977-09-07,mateen cleaves,2043,2000.0,1.0,14.0
156,Derrick Coleman,1967-06-21,derrick coleman,934,1990.0,1.0,1.0
159,Bimbo Coles,1968-04-22,bimbo coles,902,1990.0,2.0,40.0
161,Jason Collier,1977-09-08,jason collier,2044,2000.0,1.0,15.0
164,Chris Crawford,1975-05-13,chris crawford,1544,1997.0,2.0,50.0
165,Jamal Crawford,1980-03-20,jamal crawford,2037,2000.0,1.0,8.0
167,Austin Croshere,1975-05-01,austin croshere,1506,1997.0,1.0,12.0
169,John Crotty,1969-07-15,john crotty,180,-1.0,-1.0,-1.0
172,Vonteego Cummings,1976-02-29,vonteego cummings,1907,1999.0,1.0,26.0
175,Dell Curry,1964-06-25,dell curry,209,1986.0,1.0,15.0
176,Michael Curry,1968-08-22,michael curry,688,-1.0,-1.0,-1.0
181,Erick Dampier,1975-07-14,erick dampier,956,1996.0,1.0,10.0
183,Antonio Daniels,1975-03-19,antonio daniels,1498,1997.0,1.0,4.0
187,Dale Davis,1969-03-25,dale davis,905,1991.0,1.0,13.0
188,Hubert Davis,1970-05-17,hubert davis,93,1992.0,1.0,20.0
189,Antonio Davis,1968-10-31,antonio davis,213,1990.0,2.0,45.0
192,Emanual Davis,1968-08-27,emanual davis,1023,-1.0,-1.0,-1.0
193,Ricky Davis,1979-09-23,ricky davis,1729,1998.0,1.0,21.0
194,Baron Davis,1979-04-13,baron davis,1884,1999.0,1.0,3.0
196,Andrew DeClercq,1973-02-01,andrew declercq,692,1995.0,2.0,34.0
197,Vinny Del Negro,1966-08-09,vinny del negro,219,1988.0,2.0,29.0
198,Tony Delk,1974-01-28,tony delk,960,1996.0,1.0,16.0
201,Derrick Dial,1975-12-20,derrick dial,1760,1998.0,2.0,52.0
203,Michael Dickerson,1975-06-25,michael dickerson,1722,1998.0,1.0,14.0
205,Vlade Divac,1968-02-03,vlade divac,124,1989.0,1.0,26.0
207,Michael Doleac,1977-06-15,michael doleac,1720,1998.0,1.0,12.0
209,Keyon Dooling,1980-05-08,keyon dooling,2039,2000.0,1.0,10.0
211,Bryce Drew,1974-09-21,bryce drew,1724,1998.0,1.0,16.0
212,Predrag Drobnjak,1975-10-27,predrag drobnjak,1542,1997.0,2.0,48.0
213,Chris Dudley,1965-02-22,chris dudley,201,1987.0,4.0,75.0
215,Tim Duncan,1976-04-25,tim duncan,1495,1997.0,1.0,1.0
220,Howard Eisley,1972-12-04,howard eisley,458,1994.0,2.0,30.0
221,Obinna Ekezie,1975-08-22,obinna ekezie,1918,1999.0,2.0,37.0
229,LaPhonso Ellis,1970-05-05,laphonso ellis,111,1992.0,1.0,5.0
236,Evan Eschmeyer,1975-05-30,evan eschmeyer,1915,1999.0,2.0,34.0
237,Patrick Ewing,1962-08-05,patrick ewing,121,1985.0,1.0,1.0
240,Danny Ferry,1966-10-17,danny ferry,198,1989.0,1.0,2.0
242,Michael Finley,1973-03-06,michael finley,714,1995.0,1.0,21.0
246,Derek Fisher,1974-08-09,derek fisher,965,1996.0,1.0,24.0
247,Marcus Fizer,1978-08-10,marcus fizer,2033,2000.0,1.0,4.0
248,Danny Fortson,1976-03-27,danny fortson,1504,1997.0,1.0,10.0
249,Greg Foster,1968-10-03,greg foster,323,1990.0,2.0,35.0
250,Jeff Foster,1977-01-16,jeff foster,1902,1999.0,1.0,21.0
251,Tremaine Fowlkes,1976-04-11,tremaine fowlkes,1762,1998.0,2.0,54.0
252,Rick Fox,1969-07-24,rick fox,296,1991.0,1.0,24.0
254,Adonal Foyle,1975-03-09,adonal foyle,1502,1997.0,1.0,8.0
255,Steve Francis,1977-02-21,steve francis,1883,1999.0,1.0,2.0
259,Lawrence Funderburke,1970-12-15,lawrence funderburke,1444,1994.0,2.0,51.0
261,Kevin Garnett,1976-05-19,kevin garnett,708,1995.0,1.0,5.0
262,Dean Garrett,1966-11-27,dean garrett,1051,1988.0,2.0,38.0
264,Pat Garrity,1976-08-23,pat garrity,1727,1998.0,1.0,19.0
265,Chris Gatling,1967-09-03,chris gatling,423,1991.0,1.0,16.0
266,Matt Geiger,1969-09-10,matt geiger,761,1992.0,2.0,42.0
267,Devean George,1977-08-29,devean george,1904,1999.0,1.0,23.0
269,Kendall Gill,1968-05-25,kendall gill,383,1990.0,1.0,5.0
270,Eddie Gill,1978-08-16,eddie gill,2109,-1.0,-1.0,-1.0
274,Dion Glover,1978-10-22,dion glover,1901,1999.0,1.0,20.0
276,Steve Goodrich,1976-03-18,steve goodrich,1864,-1.0,-1.0,-1.0
279,Horace Grant,1965-07-04,horace grant,270,1987.0,1.0,10.0
280,Brian Grant,1972-03-05,brian grant,258,1994.0,1.0,8.0
285,Adrian Griffin,1974-07-04,adrian griffin,1559,-1.0,-1.0,-1.0
287,Tom Gugliotta,1969-12-19,tom gugliotta,339,1992.0,1.0,6.0
288,A.J. Guyton,1978-02-12,aj guyton,2062,2000.0,2.0,32.0
291,Darvin Ham,1973-07-23,darvin ham,1032,-1.0,-1.0,-1.0
294,Richard Hamilton,1978-02-14,richard hamilton,1888,1999.0,1.0,7.0
296,Zendon Hamilton,1975-04-29,zendon hamilton,1985,-1.0,-1.0,-1.0
301,Tim Hardaway,1966-09-01,tim hardaway,896,1989.0,1.0,14.0
302,Anfernee Hardaway,1971-07-18,anfernee hardaway,358,1993.0,1.0,3.0
306,Matt Harpring,1976-05-31,matt harpring,1723,1998.0,1.0,15.0
307,Othella Harrington,1974-01-31,othella harrington,970,1996.0,2.0,30.0
308,Al Harrington,1980-02-17,al harrington,1733,1998.0,1.0,25.0
309,Lucious Harris,1970-12-18,lucious harris,446,1993.0,2.0,28.0
312,Jason Hart,1978-04-29,jason hart,2078,2000.0,2.0,49.0
314,Antonio Harvey,1970-07-06,antonio harvey,176,-1.0,-1.0,-1.0
316,Donnell Harvey,1980-08-26,donnell harvey,2051,2000.0,1.0,22.0
322,Alan Henderson,1972-12-02,alan henderson,673,1995.0,1.0,16.0
324,Cedric Henderson,1975-03-11,cedric henderson,1538,1997.0,2.0,44.0
334,Tyrone Hill,1968-03-19,tyrone hill,238,1990.0,1.0,11.0
336,Grant Hill,1972-10-05,grant hill,255,1994.0,1.0,3.0
339,Fred Hoiberg,1972-10-15,fred hoiberg,697,1995.0,2.0,52.0
347,Robert Horry,1970-08-25,robert horry,109,1992.0,1.0,11.0
348,Eddie House,1978-05-14,eddie house,2067,2000.0,2.0,37.0
349,Allan Houston,1971-04-20,allan houston,275,1993.0,1.0,11.0
351,Juwan Howard,1973-02-07,juwan howard,436,1994.0,1.0,5.0
353,Troy Hudson,1976-03-13,troy hudson,1607,-1.0,-1.0,-1.0
356,Larry Hughes,1979-01-23,larry hughes,1716,1998.0,1.0,8.0
359,Lindsey Hunter,1970-12-03,lindsey hunter,283,1993.0,1.0,10.0
362,Zydrunas Ilgauskas,1975-06-05,zydrunas ilgauskas,980,1996.0,1.0,20.0
366,Allen Iverson,1975-06-07,allen iverson,947,1996.0,1.0,1.0
370,Mark Jackson,1965-04-01,mark jackson,349,1987.0,1.0,18.0
371,Jaren Jackson,1967-10-27,jaren jackson,1114,-1.0,-1.0,-1.0
372,Jim Jackson,1970-10-14,jim jackson,754,1992.0,1.0,4.0
376,Bobby Jackson,1973-03-13,bobby jackson,1517,1997.0,1.0,23.0
377,Marc Jackson,1975-01-16,marc jackson,1531,1997.0,2.0,37.0
378,Stephen Jackson,1978-04-05,stephen jackson,1536,1997.0,2.0,42.0
380,Jermaine Jackson,1976-06-07,jermaine jackson,1983,-1.0,-1.0,-1.0
383,Jerome James,1975-11-17,jerome james,1744,1998.0,2.0,36.0
384,Tim James,1976-12-25,tim james,1906,1999.0,1.0,25.0
385,Antawn Jamison,1976-06-12,antawn jamison,1712,1998.0,1.0,4.0
386,Harold Jamison,1976-11-20,harold jamison,1942,-1.0,-1.0,-1.0
390,Avery Johnson,1965-03-25,avery johnson,422,-1.0,-1.0,-1.0
393,Ervin Johnson,1967-12-21,ervin johnson,911,1993.0,1.0,23.0
396,Anthony Johnson,1974-10-02,anthony johnson,1533,1997.0,2.0,39.0
398,DerMarr Johnson,1980-05-05,dermarr johnson,2035,2000.0,1.0,6.0
401,Popeye Jones,1970-06-17,popeye jones,461,1992.0,2.0,41.0
402,Eddie Jones,1971-10-20,eddie jones,224,1994.0,1.0,10.0
406,Damon Jones,1976-08-25,damon jones,1800,-1.0,-1.0,-1.0
407,Jumaine Jones,1979-02-10,jumaine jones,1908,1999.0,1.0,27.0
420,Shawn Kemp,1969-11-26,shawn kemp,431,1989.0,1.0,17.0
425,Steve Kerr,1965-09-27,steve kerr,70,1988.0,2.0,50.0
429,Jason Kidd,1973-03-23,jason kidd,467,1994.0,1.0,2.0
434,Andrei Kirilenko,1981-02-18,andrei kirilenko,1905,1999.0,1.0,24.0
437,Kerry Kittles,1974-06-12,kerry kittles,954,1996.0,1.0,8.0
439,Travis Knight,1974-09-13,travis knight,969,1996.0,1.0,29.0
440,Brevin Knight,1975-11-08,brevin knight,1510,1997.0,1.0,16.0
446,Toni Kukoc,1968-09-18,toni kukoc,389,1990.0,2.0,29.0
453,Christian Laettner,1969-08-17,christian laettner,363,1992.0,1.0,3.0
454,Raef LaFrentz,1976-05-29,raef lafrentz,1711,1998.0,1.0,3.0
457,Trajan Langdon,1976-05-13,trajan langdon,1892,1999.0,1.0,11.0
458,Dan Langhi,1977-11-28,dan langhi,2061,2000.0,2.0,31.0
459,Rusty LaRue,1973-12-10,rusty larue,1601,-1.0,-1.0,-1.0
465,Voshon Lenard,1973-05-14,voshon lenard,702,1994.0,2.0,46.0
469,Rashard Lewis,1979-08-08,rashard lewis,1740,1998.0,2.0,32.0
470,Quincy Lewis,1977-06-26,quincy lewis,1900,1999.0,1.0,19.0
476,Randy Livingston,1975-04-02,randy livingston,988,1996.0,2.0,42.0
481,Grant Long,1966-03-12,grant long,3,1988.0,2.0,33.0
483,Art Long,1972-10-01,art long,1609,-1.0,-1.0,-1.0
485,Felipe Lopez,1974-12-19,felipe lopez,1732,1998.0,1.0,24.0
489,Tyronn Lue,1977-05-03,tyronn lue,1731,1998.0,1.0,23.0
491,George Lynch,1970-09-03,george lynch,248,1993.0,1.0,12.0
493,Todd MacCulloch,1976-01-27,todd macculloch,1928,1999.0,2.0,47.0
494,Sam Mack,1970-05-26,sam mack,694,-1.0,-1.0,-1.0
496,Mark Madsen,1976-01-28,mark madsen,2058,2000.0,1.0,29.0
497,Corey Maggette,1979-11-12,corey maggette,1894,1999.0,1.0,13.0
498,Jamaal Magloire,1978-05-21,jamaal magloire,2048,2000.0,1.0,19.0
500,Dan Majerle,1965-09-09,dan majerle,105,1988.0,1.0,14.0
501,Karl Malone,1963-07-24,karl malone,252,1985.0,1.0,13.0
506,Danny Manning,1966-05-17,danny manning,330,1988.0,1.0,1.0
509,Stephon Marbury,1977-02-20,stephon marbury,950,1996.0,1.0,4.0
510,Shawn Marion,1978-05-07,shawn marion,1890,1999.0,1.0,9.0
511,Sean Marks,1975-08-23,sean marks,1752,1998.0,2.0,44.0
512,Donyell Marshall,1973-05-18,donyell marshall,923,1994.0,1.0,4.0
513,Donny Marshall,1972-07-17,donny marshall,681,1995.0,2.0,39.0
514,Darrick Martin,1971-03-06,darrick martin,239,-1.0,-1.0,-1.0
515,Kenyon Martin,1977-12-30,kenyon martin,2030,2000.0,1.0,1.0
516,Jamal Mashburn,1972-11-29,jamal mashburn,469,1993.0,1.0,4.0
517,Anthony Mason,1966-12-14,anthony mason,193,1988.0,3.0,53.0
518,Desmond Mason,1977-10-11,desmond mason,2046,2000.0,1.0,17.0
519,Tony Massenburg,1967-07-31,tony massenburg,763,1990.0,2.0,43.0
522,Walter McCarty,1974-02-01,walter mccarty,962,1996.0,1.0,19.0
524,George McCloud,1967-05-27,george mccloud,45,1989.0,1.0,7.0
525,Jelani McCoy,1977-12-06,jelani mccoy,1741,1998.0,2.0,33.0
530,Antonio McDyess,1974-09-07,antonio mcdyess,686,1995.0,1.0,2.0
532,Tracy McGrady,1979-05-24,tracy mcgrady,1503,1997.0,1.0,9.0
535,Jeff McInnis,1974-10-22,jeff mcinnis,976,1996.0,2.0,37.0
538,Derrick McKey,1966-10-10,derrick mckey,365,1987.0,1.0,9.0
539,Aaron McKie,1972-10-02,aaron mckie,243,1994.0,1.0,17.0
540,Roshown McLeod,1975-11-17,roshown mcleod,1728,1998.0,1.0,20.0
543,Slava Medvedenko,1979-04-04,slava medvedenko,2098,-1.0,-1.0,-1.0
546,Ron Mercer,1976-05-18,ron mercer,1500,1997.0,1.0,6.0
549,Chris Mihm,1979-07-16,chris mihm,2036,2000.0,1.0,7.0
550,Darius Miles,1981-10-09,darius miles,2032,2000.0,1.0,3.0
552,Reggie Miller,1965-08-24,reggie miller,397,1987.0,1.0,11.0
556,Brad Miller,1976-04-12,brad miller,1802,-1.0,-1.0,-1.0
557,Andre Miller,1976-03-19,andre miller,1889,1999.0,1.0,8.0
558,Mike Miller,1980-02-19,mike miller,2034,2000.0,1.0,5.0
560,Chris Mills,1970-01-25,chris mills,168,1993.0,1.0,22.0
565,Sam Mitchell,1963-09-02,sam mitchell,417,1985.0,3.0,54.0
566,Cuttino Mobley,1975-09-01,cuttino mobley,1749,1998.0,2.0,41.0
568,Nazr Mohammed,1977-09-05,nazr mohammed,1737,1998.0,1.0,29.0
570,Jerome Moiso,1978-06-15,jerome moiso,2040,2000.0,1.0,11.0
571,Eric Montross,1971-09-23,eric montross,376,1994.0,1.0,9.0
575,Mikki Moore,1975-11-04,mikki moore,1630,-1.0,-1.0,-1.0
578,Hanno Mottola,1976-09-09,hanno mottola,2069,2000.0,2.0,40.0
580,Alonzo Mourning,1970-02-08,alonzo mourning,297,1992.0,1.0,2.0
585,Tracy Murray,1971-07-25,tracy murray,145,1992.0,1.0,18.0
586,Lamond Murray,1973-04-20,lamond murray,441,1994.0,1.0,7.0
588,Dikembe Mutombo,1966-06-25,dikembe mutombo,87,1991.0,1.0,4.0
589,Mamadou N'diaye,1975-06-16,mamadou ndiaye,2055,2000.0,1.0,26.0
590,Lee Nailon,1975-02-22,lee nailon,1924,1999.0,2.0,43.0
591,Eduardo Najera,1976-07-11,eduardo najera,2059,2000.0,2.0,38.0
592,Steve Nash,1974-02-07,steve nash,959,1996.0,1.0,15.0
593,Makhtar Ndiaye,1973-12-12,makhtar ndiaye,1823,-1.0,-1.0,-1.0
597,Tyrone Nesby,1976-01-31,tyrone nesby,1838,-1.0,-1.0,-1.0
598,Rasho Nesterovic,1976-05-30,rasho nesterovic,1725,1998.0,1.0,17.0
601,Ira Newble,1975-01-20,ira newble,1956,-1.0,-1.0,-1.0
602,Johnny Newman,1963-11-28,johnny newman,271,1986.0,2.0,29.0
608,Moochie Norris,1973-07-27,moochie norris,983,1996.0,2.0,33.0
609,Dirk Nowitzki,1978-06-19,dirk nowitzki,1717,1998.0,1.0,9.0
614,Shaquille O'Neal,1972-03-06,shaquille oneal,406,1992.0,1.0,1.0
615,Jermaine O'Neal,1978-10-13,jermaine oneal,979,1996.0,1.0,17.0
616,Charles Oakley,1963-12-18,charles oakley,891,1985.0,1.0,9.0
617,Lamar Odom,1979-11-06,lamar odom,1885,1999.0,1.0,4.0
619,Hakeem Olajuwon,1963-01-21,hakeem olajuwon,165,1984.0,1.0,1.0
620,Kevin Ollie,1972-12-27,kevin ollie,1563,-1.0,-1.0,-1.0
621,Michael Olowokandi,1975-04-03,michael olowokandi,1709,1998.0,1.0,1.0
622,Greg Ostertag,1973-03-06,greg ostertag,731,1995.0,1.0,28.0
623,Bo Outlaw,1971-04-13,bo outlaw,448,-1.0,-1.0,-1.0
624,Doug Overton,1969-08-03,doug overton,77,1991.0,2.0,40.0
627,Olumide Oyedeji,1981-05-11,olumide oyedeji,2071,2000.0,2.0,42.0
628,Robert Pack,1969-02-03,robert pack,123,-1.0,-1.0,-1.0
630,Scott Padgett,1976-04-19,scott padgett,1909,1999.0,1.0,28.0
632,Milt Palacio,1978-02-07,milt palacio,1960,-1.0,-1.0,-1.0
637,Cherokee Parks,1972-10-11,cherokee parks,685,1995.0,1.0,12.0
638,Ruben Patterson,1975-07-31,ruben patterson,1739,1998.0,2.0,31.0
640,Gary Payton,1968-07-23,gary payton,56,1990.0,1.0,2.0
642,Anthony Peeler,1969-11-25,anthony peeler,324,1992.0,1.0,15.0
645,Mike Penberthy,1974-11-29,mike penberthy,2130,-1.0,-1.0,-1.0
651,Elliot Perry,1969-03-28,elliot perry,386,1991.0,2.0,37.0
655,Wesley Person,1971-03-28,wesley person,445,1994.0,1.0,23.0
656,Morris Peterson,1977-08-26,morris peterson,2050,2000.0,1.0,21.0
660,Eric Piatkowski,1970-09-30,eric piatkowski,15,1994.0,1.0,15.0
662,Paul Pierce,1977-10-13,paul pierce,1718,1998.0,1.0,10.0
663,Scottie Pippen,1965-09-25,scottie pippen,937,1987.0,1.0,5.0
664,Scot Pollard,1975-02-12,scot pollard,1513,1997.0,1.0,19.0
667,Mark Pope,1972-09-11,mark pope,998,1996.0,2.0,52.0
668,Terry Porter,1963-04-08,terry porter,345,1985.0,1.0,24.0
671,James Posey,1977-01-13,james posey,1899,1999.0,1.0,18.0
672,Lavor Postell,1978-02-26,lavor postell,2068,2000.0,2.0,39.0
674,Vitaly Potapenko,1975-03-21,vitaly potapenko,958,1996.0,1.0,12.0
680,Brent Price,1968-12-09,brent price,85,1992.0,2.0,32.0
682,Joel Przybilla,1979-10-10,joel przybilla,2038,2000.0,1.0,9.0
687,Theo Ratliff,1973-04-17,theo ratliff,689,1995.0,1.0,18.0
690,Zeljko Rebraca,1972-04-09,zeljko rebraca,1442,1994.0,2.0,54.0
691,Eldridge Recasner,1967-12-14,eldridge recasner,695,1992.0,-22.0,-22.0
692,Michael Redd,1979-08-24,michael redd,2072,2000.0,2.0,43.0
697,Don Reid,1973-12-30,don reid,690,1995.0,2.0,58.0
702,Glen Rice,1967-05-28,glen rice,779,1989.0,1.0,4.0
703,Quentin Richardson,1980-04-13,quentin richardson,2047,2000.0,1.0,18.0
704,Mitch Richmond,1965-06-30,mitch richmond,782,1988.0,1.0,5.0
705,Isaiah Rider,1971-03-12,isaiah rider,375,1993.0,1.0,5.0
714,Clifford Robinson,1966-12-16,clifford robinson,361,1989.0,2.0,36.0
715,David Robinson,1965-08-06,david robinson,764,1987.0,1.0,1.0
716,Larry Robinson,1968-01-11,larry robinson,1683,-1.0,-1.0,-1.0
717,Glenn Robinson,1973-01-10,glenn robinson,299,1994.0,1.0,1.0
724,Eddie Robinson,1976-04-19,eddie robinson,1944,-1.0,-1.0,-1.0
729,Rodney Rogers,1971-06-20,rodney rogers,915,1993.0,1.0,9.0
730,Carlos Rogers,1971-02-06,carlos rogers,435,1994.0,1.0,11.0
737,Sean Rooks,1969-09-09,sean rooks,399,1992.0,2.0,30.0
738,Jalen Rose,1973-01-30,jalen rose,147,1994.0,1.0,13.0
739,Malik Rose,1974-11-23,malik rose,990,1996.0,2.0,44.0
741,Michael Ruffin,1977-01-21,michael ruffin,1913,1999.0,2.0,32.0
742,Bryon Russell,1970-12-31,bryon russell,935,1993.0,2.0,45.0
753,Daniel Santiago,1976-06-24,daniel santiago,2091,-1.0,-1.0,-1.0
760,Shawnelle Scott,1972-06-16,shawnelle scott,1035,1994.0,2.0,43.0
767,Ansu Sesay,1976-07-29,ansu sesay,1738,1998.0,2.0,30.0
770,Brian Shaw,1966-03-22,brian shaw,216,1988.0,1.0,24.0
777,Dickey Simpkins,1972-04-06,dickey simpkins,54,1994.0,1.0,21.0
779,Brian Skinner,1976-05-19,brian skinner,1730,1998.0,1.0,22.0
780,Reggie Slater,1970-08-27,reggie slater,1073,-1.0,-1.0,-1.0
788,Joe Smith,1975-07-26,joe smith,693,1995.0,1.0,1.0
789,Leon Smith,1980-11-02,leon smith,1910,1999.0,1.0,29.0
793,Jabari Smith,1977-02-12,jabari smith,2074,2000.0,2.0,45.0
796,Eric Snow,1973-04-24,eric snow,727,1995.0,2.0,43.0
799,Felton Spencer,1968-01-05,felton spencer,280,1990.0,1.0,6.0
800,Latrell Sprewell,1970-09-08,latrell sprewell,84,1992.0,1.0,24.0
802,Jerry Stackhouse,1974-11-05,jerry stackhouse,711,1995.0,1.0,3.0
804,John Starks,1965-08-10,john starks,317,-1.0,-1.0,-1.0
805,Vladimir Stepania,1976-05-08,vladimir stepania,1735,1998.0,1.0,27.0
808,DeShawn Stevenson,1981-04-03,deshawn stevenson,2052,2000.0,1.0,23.0
811,Bryant Stith,1970-12-10,bryant stith,179,1992.0,1.0,13.0
812,John Stockton,1962-03-26,john stockton,304,1984.0,1.0,16.0
813,Peja Stojakovic,1977-06-09,peja stojakovic,978,1996.0,1.0,14.0
817,Damon Stoudamire,1973-09-03,damon stoudamire,757,1995.0,1.0,7.0
818,Rod Strickland,1966-07-11,rod strickland,393,1988.0,1.0,19.0
819,Mark Strickland,1970-07-14,mark strickland,1110,-1.0,-1.0,-1.0
820,Erick Strickland,1973-11-25,erick strickland,1065,-1.0,-1.0,-1.0
824,Bruno Sundov,1980-02-10,bruno sundov,1743,1998.0,2.0,35.0
825,Bob Sura,1973-03-25,bob sura,682,1995.0,1.0,17.0
829,Stromile Swift,1979-11-21,stromile swift,2031,2000.0,1.0,2.0
831,Wally Szczerbiak,1977-03-05,wally szczerbiak,1887,1999.0,1.0,6.0
841,Jason Terry,1977-09-15,jason terry,1891,1999.0,1.0,10.0
846,Kurt Thomas,1972-10-04,kurt thomas,703,1995.0,1.0,10.0
847,Tim Thomas,1977-02-26,tim thomas,1501,1997.0,1.0,7.0
849,Kenny Thomas,1977-07-25,kenny thomas,1903,1999.0,1.0,22.0
851,Etan Thomas,1978-04-01,etan thomas,2041,2000.0,1.0,12.0
857,Robert Traylor,1977-02-01,robert traylor,1714,1998.0,1.0,6.0
858,Gary Trent,1974-09-22,gary trent,718,1995.0,1.0,11.0
860,Jake Tsakalidis,1979-06-10,jake tsakalidis,2054,2000.0,1.0,25.0
862,Hedo Turkoglu,1979-03-19,hedo turkoglu,2045,2000.0,1.0,16.0
868,Nick Van Exel,1971-11-27,nick van exel,89,1993.0,2.0,37.0
869,Keith Van Horn,1975-10-23,keith van horn,1496,1997.0,1.0,2.0
874,Jacque Vaughn,1975-02-11,jacque vaughn,1521,1997.0,1.0,27.0
879,Jake Voskuhl,1977-11-01,jake voskuhl,2063,2000.0,2.0,33.0
881,Antoine Walker,1976-08-12,antoine walker,952,1996.0,1.0,6.0
882,Samaki Walker,1976-02-25,samaki walker,955,1996.0,1.0,9.0
883,Rasheed Wallace,1974-09-17,rasheed wallace,739,1995.0,1.0,4.0
884,John Wallace,1974-02-09,john wallace,961,1996.0,1.0,18.0
885,Ben Wallace,1974-09-10,ben wallace,1112,-1.0,-1.0,-1.0
888,Charlie Ward,1970-10-12,charlie ward,369,1994.0,1.0,26.0
897,Chris Webber,1973-03-01,chris webber,185,1993.0,1.0,1.0
901,Bonzi Wells,1976-09-28,bonzi wells,1719,1998.0,1.0,11.0
904,David Wesley,1970-11-14,david wesley,133,-1.0,-1.0,-1.0
911,Jahidi White,1976-02-19,jahidi white,1751,1998.0,2.0,43.0
913,Chris Whitney,1971-10-05,chris whitney,43,1993.0,2.0,47.0
919,Scott Williams,1968-03-21,scott williams,281,-1.0,-1.0,-1.0
921,Walt Williams,1970-04-16,walt williams,1005,1992.0,1.0,7.0
923,Aaron Williams,1971-10-02,aaron williams,1425,-1.0,-1.0,-1.0
924,Monty Williams,1971-10-08,monty williams,42,1994.0,1.0,24.0
929,Eric Williams,1972-07-17,eric williams,677,1995.0,1.0,14.0
930,Jerome Williams,1973-05-10,jerome williams,966,1996.0,1.0,26.0
931,Alvin Williams,1974-08-06,alvin williams,1541,1997.0,2.0,47.0
933,Jason Williams,1975-11-18,jason williams,1715,1998.0,1.0,7.0
934,Shammond Williams,1975-04-05,shammond williams,1742,1998.0,2.0,34.0
936,Corliss Williamson,1973-12-04,corliss williamson,722,1995.0,1.0,13.0
937,Kevin Willis,1962-09-06,kevin willis,788,1984.0,1.0,11.0
959,Lorenzen Wright,1975-11-04,lorenzen wright,953,1996.0,1.0,7.0
974,Gilbert Arenas,1982-01-06,gilbert arenas,2240,2001.0,2.0,30.0
975,Brandon Armstrong,1980-06-16,brandon armstrong,2220,2001.0,1.0,23.0
976,Shane Battier,1978-09-09,shane battier,2203,2001.0,1.0,6.0
977,Ruben Boumtje-Boumtje,1978-05-20,ruben boumtjeboumtje,2257,2001.0,2.0,49.0
979,Michael Bradley,1979-04-18,michael bradley,2214,2001.0,1.0,17.0
980,Jamison Brewer,1980-11-19,jamison brewer,2249,2001.0,2.0,40.0
981,Kwame Brown,1982-03-10,kwame brown,2198,2001.0,1.0,1.0
982,Kedrick Brown,1981-03-18,kedrick brown,2208,2001.0,1.0,11.0
983,Damone Brown,1979-06-28,damone brown,2245,2001.0,2.0,36.0
984,Tyson Chandler,1982-10-02,tyson chandler,2199,2001.0,1.0,2.0
987,Jason Collins,1978-12-02,jason collins,2215,2001.0,1.0,18.0
988,Jarron Collins,1978-12-02,jarron collins,2260,2001.0,2.0,52.0
989,Omar Cook,1982-01-28,omar cook,2241,2001.0,2.0,31.0
990,Eddy Curry,1982-12-05,eddy curry,2201,2001.0,1.0,4.0
992,DeSagana Diop,1982-01-30,desagana diop,2205,2001.0,1.0,8.0
993,Alton Ford,1981-05-29,alton ford,2228,2001.0,2.0,50.0
994,Joseph Forte,1981-03-23,joseph forte,2218,2001.0,1.0,21.0
995,Antonis Fotsis,1981-04-01,antonis fotsis,2238,2001.0,2.0,47.0
996,Pau Gasol,1980-07-06,pau gasol,2200,2001.0,1.0,3.0
997,Eddie Griffin,1982-05-30,eddie griffin,2204,2001.0,1.0,7.0
998,Trenton Hassell,1979-03-04,trenton hassell,2239,2001.0,2.0,29.0
999,Kirk Haston,1979-03-10,kirk haston,2213,2001.0,1.0,16.0
1000,Brendan Haywood,1979-11-27,brendan haywood,2217,2001.0,1.0,20.0
1002,Steven Hunter,1981-10-31,steven hunter,2212,2001.0,1.0,15.0
1006,Richard Jefferson,1980-06-21,richard jefferson,2210,2001.0,1.0,13.0
1007,Joe Johnson,1981-06-29,joe johnson,2207,2001.0,1.0,10.0
1009,Alvin Jones,1978-09-09,alvin jones,2264,2001.0,2.0,56.0
1012,Terence Morris,1979-01-11,terence morris,2242,2001.0,2.0,33.0
1013,Troy Murphy,1980-05-02,troy murphy,2211,2001.0,1.0,14.0
1015,Tony Parker,1982-05-17,tony parker,2225,2001.0,1.0,28.0
1016,Vladimir Radmanovic,1980-11-19,vladimir radmanovic,2209,2001.0,1.0,12.0
1017,Zach Randolph,1981-07-16,zach randolph,2216,2001.0,1.0,19.0
1018,Jason Richardson,1981-01-20,jason richardson,2202,2001.0,1.0,5.0
1019,Jeryl Sasser,1979-02-13,jeryl sasser,2219,2001.0,1.0,22.0
1020,Kenny Satterfield,1981-04-10,kenny satterfield,2261,2001.0,2.0,53.0
1021,Brian Scalabrine,1978-03-18,brian scalabrine,2243,2001.0,2.0,34.0
1022,Bobby Simmons,1980-06-02,bobby simmons,2250,2001.0,2.0,41.0
1023,Will Solomon,1978-07-20,will solomon,2226,2001.0,2.0,32.0
1024,Jamaal Tinsley,1978-02-28,jamaal tinsley,2224,2001.0,1.0,27.0
1025,Jeff Trepagnier,1979-07-11,jeff trepagnier,2244,2001.0,2.0,35.0
1026,Gerald Wallace,1982-07-23,gerald wallace,2222,2001.0,1.0,25.0
1027,Earl Watson,1979-06-12,earl watson,2248,2001.0,2.0,39.0
1028,Rodney White,1980-06-28,rodney white,2206,2001.0,1.0,9.0
1029,Loren Woods,1978-06-21,loren woods,2254,2001.0,2.0,45.0
1031,Maurice Evans,1978-11-08,maurice evans,2230,-1.0,-1.0,-1.0
1034,Charlie Bell,1979-03-12,charlie bell,2294,-1.0,-1.0,-1.0
1035,Michael Jordan,1963-02-17,michael jordan,893,1984.0,1.0,3.0
1036,Victor Alexander,1969-08-31,victor alexander,2349,1991.0,1.0,17.0
1039,Amal McCaskill,1973-10-28,amal mccaskill,1043,1996.0,2.0,49.0
1043,Dean Oliver,1978-11-05,dean oliver,2352,-1.0,-1.0,-1.0
1048,Ratko Varda,1979-05-06,ratko varda,2237,-1.0,-1.0,-1.0
1051,Mike James,1975-06-23,mike james,2229,-1.0,-1.0,-1.0
1054,Oscar Torres,1976-12-18,oscar torres,2351,-1.0,-1.0,-1.0
1055,Carlos Arroyo,1979-07-30,carlos arroyo,2306,-1.0,-1.0,-1.0
1057,Tierre Brown,1979-06-03,tierre brown,2357,-1.0,-1.0,-1.0
1058,Joe Crispin,1979-07-18,joe crispin,2343,-1.0,-1.0,-1.0
1060,Ike Fontaine,1975-04-16,ike fontaine,1829,-1.0,-1.0,-1.0
1073,Tang Hamilton,1978-05-26,tang hamilton,2347,-1.0,-1.0,-1.0
1135,Chris Andersen,1978-07-07,chris andersen,2365,-1.0,-1.0,-1.0
1450,Mengke Bateer,1975-11-20,mengke bateer,2370,-1.0,-1.0,-1.0
52,Corey Benjamin,1978-02-24,corey benjamin,1736,1998.0,1.0,28.0
272,Manu Ginobili,1977-07-28,manu ginobili,1938,1999.0,2.0,57.0
273,Gordan Giricek,1977-06-20,gordan giricek,1921,1999.0,2.0,40.0
275,Anthony Goldwire,1971-09-06,anthony goldwire,924,1994.0,2.0,52.0
503,Matt Maloney,1971-12-06,matt maloney,1074,-1.0,-1.0,-1.0
685,Igor Rakocevic,1978-03-29,igor rakocevic,2080,2000.0,2.0,51.0
698,Efthimios Rentzias,1976-01-11,efthimios rentzias,981,1996.0,1.0,23.0
745,Arvydas Sabonis,1964-12-19,arvydas sabonis,717,1986.0,1.0,24.0
748,Soumaila Samake,1978-03-18,soumaila samake,2066,2000.0,2.0,36.0
749,Pepe Sanchez,1977-05-08,pepe sanchez,2143,-1.0,-1.0,-1.0
837,Maurice Taylor,1976-10-30,maurice taylor,1508,1997.0,1.0,14.0
932,Brandon Williams,1975-02-27,brandon williams,1585,-1.0,-1.0,-1.0
948,Ruben Wolkowyski,1973-09-30,ruben wolkowyski,2106,-1.0,-1.0,-1.0
1010,Sean Lampley,1979-09-03,sean lampley,2253,2001.0,2.0,44.0
1014,Mehmet Okur,1979-05-26,mehmet okur,2246,2001.0,2.0,37.0
1063,Paul Shirley,1977-12-23,paul shirley,2321,-1.0,-1.0,-1.0
1702,Robert Archibald,1980-03-29,robert archibald,2425,2002.0,2.0,31.0
1703,Carlos Boozer,1981-11-20,carlos boozer,2430,2002.0,2.0,34.0
1705,Caron Butler,1980-03-13,caron butler,2406,2002.0,1.0,10.0
1706,Dan Dickau,1978-09-16,dan dickau,2424,2002.0,1.0,28.0
1707,Juan Dixon,1978-10-09,juan dixon,2413,2002.0,1.0,17.0
1708,Mike Dunleavy,1980-09-15,mike dunleavy,2399,2002.0,1.0,3.0
1709,Melvin Ely,1978-05-02,melvin ely,2408,2002.0,1.0,12.0
1710,Dan Gadzuric,1978-02-02,dan gadzuric,2429,2002.0,2.0,33.0
1711,Drew Gooden,1981-09-24,drew gooden,2400,2002.0,1.0,4.0
1712,Marcus Haislip,1980-12-22,marcus haislip,2409,2002.0,1.0,13.0
1714,Ryan Humphrey,1979-07-24,ryan humphrey,2415,2002.0,1.0,19.0
1715,Casey Jacobsen,1981-03-19,casey jacobsen,2418,2002.0,1.0,22.0
1716,Chris Jefferies,1980-02-13,chris jefferies,2423,2002.0,1.0,27.0
1717,Jared Jeffries,1981-11-25,jared jeffries,2407,2002.0,1.0,11.0
1718,Fred Jones,1979-03-11,fred jones,2410,2002.0,1.0,14.0
1721,Roger Mason Jr.,1980-09-10,roger mason,2427,2002.0,2.0,30.0
1722,Yao Ming,1980-09-12,yao ming,2397,2002.0,1.0,1.0
1723,Bostjan Nachbar,1980-07-03,bostjan nachbar,2411,2002.0,1.0,15.0
1724,Tayshaun Prince,1980-02-28,tayshaun prince,2419,2002.0,1.0,23.0
1725,Kareem Rush,1980-10-30,kareem rush,2416,2002.0,1.0,20.0
1726,John Salmons,1979-12-12,john salmons,2422,2002.0,1.0,26.0
1727,Amar'e Stoudemire,1982-11-16,amare stoudemire,2405,2002.0,1.0,9.0
1728,Nikoloz Tskitishvili,1983-04-14,nikoloz tskitishvili,2401,2002.0,1.0,5.0
1729,Dajuan Wagner,1983-02-04,dajuan wagner,2402,2002.0,1.0,6.0
1730,Jiri Welsch,1980-01-27,jiri welsch,2412,2002.0,1.0,16.0
1731,Chris Wilcox,1982-09-03,chris wilcox,2404,2002.0,1.0,8.0
1732,Frank Williams,1980-02-25,frank williams,2421,2002.0,1.0,25.0
1733,Jay Williams,1981-09-10,jay williams,2398,2002.0,1.0,2.0
1734,Qyntel Woods,1981-02-16,qyntel woods,2417,2002.0,1.0,21.0
1735,Vincent Yarbrough,1981-03-21,vincent yarbrough,2428,2002.0,2.0,32.0
1766,Lonny Baxter,1979-01-27,lonny baxter,2437,2002.0,2.0,43.0
1767,Rasual Butler,1979-05-23,rasual butler,2446,2002.0,2.0,52.0
1779,Chris Owens,1979-03-01,chris owens,2442,2002.0,2.0,47.0
1780,Jamal Sampson,1983-05-15,jamal sampson,2441,2002.0,2.0,46.0
1783,Tamar Slay,1980-04-02,tamar slay,2447,2002.0,2.0,53.0
1816,Junior Harrington,1980-10-02,junior harrington,2454,-1.0,-1.0,-1.0
1817,Predrag Savovic,1976-05-21,predrag savovic,2453,-1.0,-1.0,-1.0
1819,Cezary Trybanski,1979-09-22,cezary trybanski,2456,-1.0,-1.0,-1.0
1820,Nate Huffman,1975-04-02,nate huffman,1572,-1.0,-1.0,-1.0
1821,Jannero Pargo,1979-10-22,jannero pargo,2457,-1.0,-1.0,-1.0
1823,Smush Parker,1981-06-01,smush parker,2470,-1.0,-1.0,-1.0
1828,Reggie Evans,1980-05-18,reggie evans,2501,-1.0,-1.0,-1.0
1858,Devin Brown,1978-12-30,devin brown,2484,-1.0,-1.0,-1.0
1859,Pat Burke,1973-12-14,pat burke,2469,-1.0,-1.0,-1.0
1862,Adam Harrington,1980-07-05,adam harrington,2492,-1.0,-1.0,-1.0
1872,J.R. Bremer,1980-09-19,jr bremer,2452,-1.0,-1.0,-1.0
1911,Guy Rucker,1977-07-27,guy rucker,2462,1999.0,,
1913,Mike Wilks,1979-05-07,mike wilks,2366,-1.0,-1.0,-1.0
1939,Juaquin Hawkins,1973-07-02,juaquin hawkins,1038,-1.0,-1.0,-1.0
1960,Antoine Rigaudeau,1971-12-17,antoine rigaudeau,2541,-1.0,-1.0,-1.0
89,Torraye Braggs,1976-05-15,torraye braggs,1765,1998.0,2.0,57.0
202,Kaniel Dickens,1978-07-21,kaniel dickens,2079,2000.0,2.0,50.0
234,Francisco Elson,1976-02-28,francisco elson,1922,1999.0,2.0,41.0
281,Paul Grant,1974-01-06,paul grant,1514,1997.0,1.0,20.0
553,Oliver Miller,1970-04-06,oliver miller,932,1992.0,1.0,22.0
665,Olden Polynice,1964-11-21,olden polynice,178,1987.0,1.0,8.0
866,Ime Udoka,1977-08-09,ime udoka,2137,-1.0,-1.0,-1.0
1704,Curtis Borchardt,1980-09-13,curtis borchardt,2414,2002.0,1.0,18.0
1765,Matt Barnes,1980-03-09,matt barnes,2440,2002.0,2.0,45.0
1784,Darius Songaila,1978-02-14,darius songaila,2443,2002.0,2.0,49.0
1860,Maurice Carter,1976-10-12,maurice carter,2466,-1.0,-1.0,-1.0
1875,Richie Frahm,1977-08-14,richie frahm,2499,-1.0,-1.0,-1.0
1966,LeBron James,1984-12-30,lebron james,2544,2003.0,1.0,1.0
1975,Carmelo Anthony,1984-05-29,carmelo anthony,2546,2003.0,1.0,3.0
1977,Chris Bosh,1984-03-24,chris bosh,2547,2003.0,1.0,4.0
1979,T.J. Ford,1983-03-24,tj ford,2551,2003.0,1.0,8.0
1980,Jarvis Hayes,1981-08-09,jarvis hayes,2553,2003.0,1.0,10.0
1981,Kirk Hinrich,1981-01-02,kirk hinrich,2550,2003.0,1.0,7.0
1982,Chris Kaman,1982-04-28,chris kaman,2549,2003.0,1.0,6.0
1985,Luke Ridnour,1981-02-13,luke ridnour,2557,2003.0,1.0,14.0
1987,Dwyane Wade,1982-01-17,dwyane wade,2548,2003.0,1.0,5.0
1991,Jerome Beasley,1980-05-17,jerome beasley,2602,2003.0,2.0,33.0
1993,Troy Bell,1980-11-10,troy bell,2559,2003.0,1.0,16.0
1994,Steve Blake,1980-02-26,steve blake,2581,2003.0,2.0,38.0
1995,Keith Bogans,1980-05-12,keith bogans,2586,2003.0,2.0,43.0
1997,Zarko Cabarkapa,1981-05-21,zarko cabarkapa,2560,2003.0,1.0,17.0
1998,Brian Cook,1980-12-04,brian cook,2567,2003.0,1.0,24.0
2001,Ndudi Ebi,1984-06-18,ndudi ebi,2569,2003.0,1.0,26.0
2002,Reece Gaines,1981-01-07,reece gaines,2558,2003.0,1.0,15.0
2004,Willie Green,1981-07-28,willie green,2584,2003.0,2.0,41.0
2005,Travis Hansen,1978-04-15,travis hansen,2580,2003.0,2.0,37.0
2006,Josh Howard,1980-04-28,josh howard,2572,2003.0,1.0,29.0
2007,Brandon Hunter,1980-11-24,brandon hunter,2599,2003.0,2.0,56.0
2008,Dahntay Jones,1980-12-27,dahntay jones,2563,2003.0,1.0,20.0
2009,James Jones,1980-10-04,james jones,2592,2003.0,2.0,49.0
2011,Kyle Korver,1981-03-17,kyle korver,2594,2003.0,2.0,51.0
2015,Travis Outlaw,1984-09-18,travis outlaw,2566,2003.0,1.0,23.0
2016,Zaza Pachulia,1984-02-10,zaza pachulia,2585,2003.0,2.0,42.0
2018,Kendrick Perkins,1984-11-10,kendrick perkins,2570,2003.0,1.0,27.0
2027,Luke Walton,1980-03-28,luke walton,2575,2003.0,2.0,32.0
2165,Marcus Banks,1981-11-19,marcus banks,2556,2003.0,1.0,13.0
2166,Leandro Barbosa,1982-11-28,leandro barbosa,2571,2003.0,1.0,28.0
2167,Boris Diaw,1982-04-16,boris diaw,2564,2003.0,1.0,21.0
2169,Maciej Lampe,1985-02-05,maciej lampe,2573,2003.0,2.0,30.0
2170,James Lang,1983-10-17,james lang,2591,2003.0,2.0,48.0
2171,Darko Milicic,1985-06-20,darko milicic,2545,2003.0,1.0,2.0
2172,Sasha Pavlovic,1983-11-15,sasha pavlovic,2562,2003.0,1.0,19.0
2173,Mickael Pietrus,1982-02-07,mickael pietrus,2554,2003.0,1.0,11.0
2174,Zoran Planinic,1982-09-12,zoran planinic,2565,2003.0,1.0,22.0
2175,Michael Sweetney,1982-10-25,michael sweetney,2552,2003.0,1.0,9.0
2176,Slavko Vranes,1983-01-30,slavko vranes,2582,2003.0,2.0,39.0
2177,David West,1980-08-29,david west,2561,2003.0,1.0,18.0
2178,Mo Williams,1982-12-19,mo williams,2590,2003.0,2.0,47.0
2181,Theron Smith,1980-10-03,theron smith,2604,-1.0,-1.0,-1.0
2184,Udonis Haslem,1980-06-09,udonis haslem,2617,-1.0,-1.0,-1.0
2189,Kirk Penney,1980-11-23,kirk penney,2632,-1.0,-1.0,-1.0
2191,Britton Johnsen,1979-07-08,britton johnsen,2639,-1.0,-1.0,-1.0
2199,Ben Handlogten,1973-11-16,ben handlogten,1052,-1.0,-1.0,-1.0
2200,Marquis Daniels,1981-01-07,marquis daniels,2605,-1.0,-1.0,-1.0
2211,Matt Carroll,1980-08-28,matt carroll,2679,-1.0,-1.0,-1.0
2212,Josh Davis,1980-08-10,josh davis,2668,-1.0,-1.0,-1.0
2214,Ronald Dupree,1981-01-26,ronald dupree,2648,-1.0,-1.0,-1.0
2221,Linton Johnson,1980-06-13,linton johnson,2669,-1.0,-1.0,-1.0
2233,Alex Garcia,1980-03-04,alex garcia,2682,-1.0,-1.0,-1.0
2364,Desmond Penigar,1981-07-16,desmond penigar,2667,-1.0,-1.0,-1.0
2365,Hiram Fuller,1981-05-13,hiram fuller,2673,-1.0,-1.0,-1.0
2366,Desmond Ferguson,1977-07-22,desmond ferguson,2724,-1.0,-1.0,-1.0
2522,Keith McLeod,1979-11-05,keith mcleod,2693,-1.0,-1.0,-1.0
6,Cory Alexander,1973-06-22,cory alexander,724,1995.0,1.0,29.0
681,Laron Profit,1977-08-05,laron profit,1919,1999.0,2.0,38.0
683,Aleksandar Radojevic,1976-08-08,aleksandar radojevic,1893,1999.0,1.0,12.0
848,John Thomas,1975-09-08,john thomas,1519,1997.0,1.0,25.0
1719,Nenad Krstic,1983-07-25,nenad krstic,2420,2002.0,1.0,24.0
1769,Corsley Edwards,1979-03-05,corsley edwards,2451,2002.0,2.0,57.0
1775,Mario Kasun,1980-04-05,mario kasun,2435,2002.0,2.0,40.0
1978,Nick Collison,1980-10-26,nick collison,2555,2003.0,1.0,12.0
1996,Matt Bonner,1980-04-05,matt bonner,2588,2003.0,2.0,45.0
1999,Carlos Delfino,1982-08-29,carlos delfino,2568,2003.0,1.0,25.0
2188,Quinton Ross,1981-04-30,quinton ross,2624,-1.0,-1.0,-1.0
2222,Brandin Knight,1981-12-16,brandin knight,2688,-1.0,-1.0,-1.0
2241,Yuta Tabuse,1980-10-05,yuta tabuse,2657,-1.0,-1.0,-1.0
2367,Tony Allen,1982-01-11,tony allen,2754,2004.0,1.0,25.0
2368,Rafael Araujo,1980-08-12,rafael araujo,2737,2004.0,1.0,8.0
2372,Lionel Chalmers,1980-11-10,lionel chalmers,2763,2004.0,2.0,33.0
2373,Josh Childress,1983-06-20,josh childress,2735,2004.0,1.0,6.0
2377,Chris Duhon,1982-08-31,chris duhon,2768,2004.0,2.0,38.0
2380,Matt Freije,1981-10-02,matt freije,2782,2004.0,2.0,53.0
2381,Ben Gordon,1983-04-04,ben gordon,2732,2004.0,1.0,3.0
2382,Devin Harris,1983-02-27,devin harris,2734,2004.0,1.0,5.0
2383,David Harrison,1982-08-15,david harrison,2758,2004.0,1.0,29.0
2384,Dwight Howard,1985-12-08,dwight howard,2730,2004.0,1.0,1.0
2386,Andre Iguodala,1984-01-28,andre iguodala,2738,2004.0,1.0,9.0
2387,Royal Ivey,1981-12-20,royal ivey,2767,2004.0,2.0,37.0
2388,Luke Jackson,1981-11-06,luke jackson,2739,2004.0,1.0,10.0
2389,Al Jefferson,1985-01-04,al jefferson,2744,2004.0,1.0,15.0
2393,Shaun Livingston,1985-09-11,shaun livingston,2733,2004.0,1.0,4.0
2394,Kevin Martin,1983-02-01,kevin martin,2755,2004.0,1.0,26.0
2399,Emeka Okafor,1982-09-28,emeka okafor,2731,2004.0,1.0,2.0
2403,Peter John Ramos,1985-05-23,peter john ramos,2762,2004.0,2.0,32.0
2404,Justin Reed,1982-01-16,justin reed,2770,2004.0,2.0,40.0
2411,Josh Smith,1985-12-05,josh smith,2746,2004.0,1.0,17.0
2416,Robert Swift,1985-12-03,robert swift,2741,2004.0,1.0,12.0
2417,Sebastian Telfair,1985-06-09,sebastian telfair,2742,2004.0,1.0,13.0
2419,Anderson Varejao,1982-09-28,anderson varejao,2760,2004.0,2.0,30.0
2421,Sasha Vujacic,1984-03-08,sasha vujacic,2756,2004.0,1.0,27.0
2422,Delonte West,1983-07-26,delonte west,2753,2004.0,1.0,24.0
2423,Dorell Wright,1985-12-02,dorell wright,2748,2004.0,1.0,19.0
2426,Trevor Ariza,1985-06-30,trevor ariza,2772,2004.0,2.0,43.0
2427,Andris Biedrins,1986-04-02,andris biedrins,2740,2004.0,1.0,11.0
2428,Antonio Burks,1980-02-25,antonio burks,2766,2004.0,2.0,36.0
2429,Luol Deng,1985-04-16,luol deng,2736,2004.0,1.0,7.0
2431,Andre Emmett,1982-08-27,andre emmett,2765,2004.0,2.0,35.0
2433,Kris Humphries,1985-02-06,kris humphries,2743,2004.0,1.0,14.0
2439,Jameer Nelson,1982-02-09,jameer nelson,2749,2004.0,1.0,20.0
2441,Pavel Podkolzin,1985-01-15,pavel podkolzin,2750,2004.0,1.0,21.0
2442,Bernard Robinson,1980-12-26,bernard robinson,2774,2004.0,2.0,45.0
2444,JR Smith,1985-09-09,smith,2747,2004.0,1.0,18.0
2445,Kirk Snyder,1983-06-05,kirk snyder,2745,2004.0,1.0,16.0
2446,Pape Sow,1981-11-22,pape sow,2776,2004.0,2.0,47.0
2448,Beno Udrih,1982-07-05,beno udrih,2757,2004.0,1.0,28.0
2449,Jackson Vroman,1981-06-06,jackson vroman,2761,2004.0,2.0,31.0
2453,Horace Jenkins,1974-10-14,horace jenkins,2798,-1.0,-1.0,-1.0
2454,Tony Bobbitt,1979-10-22,tony bobbitt,2800,-1.0,-1.0,-1.0
2458,John Edwards,1981-07-31,john edwards,2823,-1.0,-1.0,-1.0
2460,Ibrahim Kutluay,1974-01-07,ibrahim kutluay,2825,-1.0,-1.0,-1.0
2466,Jared Reiner,1982-04-08,jared reiner,2876,-1.0,-1.0,-1.0
2494,Billy Thomas,1975-12-23,billy thomas,2873,-1.0,-1.0,-1.0
2498,Geno Carlisle,1976-08-13,geno carlisle,2367,-1.0,-1.0,-1.0
2499,Erik Daniels,1982-04-01,erik daniels,2845,-1.0,-1.0,-1.0
2506,Damien Wilkins,1980-01-11,damien wilkins,2863,-1.0,-1.0,-1.0
2508,Jackie Butler,1985-03-10,jackie butler,2866,-1.0,-1.0,-1.0
2509,Andre Barrett,1982-02-21,andre barrett,2857,-1.0,-1.0,-1.0
2512,Awvee Storey,1977-04-18,awvee storey,2852,-1.0,-1.0,-1.0
2520,James Thomas,1980-11-22,james thomas,2839,-1.0,-1.0,-1.0
2706,Maurice Baker,1979-07-28,maurice baker,2486,-1.0,-1.0,-1.0
2728,Mark Jones,1975-05-25,mark jones,2891,1983.0,4.0,82.0
1772,Randy Holcomb,1979-08-08,randy holcomb,2450,2002.0,2.0,56.0
2190,Alex Scales,1978-07-03,alex scales,2637,-1.0,-1.0,-1.0
2197,Josh Powell,1983-01-25,josh powell,2694,-1.0,-1.0,-1.0
2438,Sergei Monia,1983-04-15,sergei monia,2752,2004.0,1.0,23.0
2477,Earl Barron,1981-08-14,earl barron,2853,-1.0,-1.0,-1.0
2486,Gerald Fitch,1982-08-12,gerald fitch,2809,-1.0,-1.0,-1.0
2492,Melvin Sanders,1981-01-03,melvin sanders,2684,-1.0,-1.0,-1.0
2744,Martynas Andriuskevicius,1986-03-12,martynas andriuskevicius,101149,2005.0,2.0,44.0
2745,Brandon Bass,1985-04-30,brandon bass,101138,2005.0,2.0,33.0
2746,Andray Blatche,1986-08-22,andray blatche,101154,2005.0,2.0,49.0
2747,Andrew Bogut,1984-11-28,andrew bogut,101106,2005.0,1.0,1.0
2748,Andrew Bynum,1987-10-27,andrew bynum,101115,2005.0,1.0,10.0
2749,Travis Diener,1982-03-01,travis diener,101143,2005.0,2.0,38.0
2750,Ike Diogu,1983-09-11,ike diogu,101113,2005.0,1.0,9.0
2751,Monta Ellis,1985-10-26,monta ellis,101145,2005.0,2.0,40.0
2752,Daniel Ewing,1983-03-26,daniel ewing,101137,2005.0,2.0,32.0
2753,Raymond Felton,1984-06-26,raymond felton,101109,2005.0,1.0,5.0
2754,Channing Frye,1983-05-17,channing frye,101112,2005.0,1.0,8.0
2757,Ryan Gomes,1982-09-01,ryan gomes,101155,2005.0,2.0,50.0
2759,Joey Graham,1982-06-11,joey graham,101121,2005.0,1.0,16.0
2760,Danny Granger,1983-04-20,danny granger,101122,2005.0,1.0,17.0
2761,Gerald Green,1986-01-26,gerald green,101123,2005.0,1.0,18.0
2762,Orien Greene,1982-02-04,orien greene,101158,2005.0,2.0,53.0
2763,Luther Head,1982-11-26,luther head,101129,2005.0,1.0,24.0
2765,Julius Hodge,1983-11-18,julius hodge,101125,2005.0,1.0,20.0
2767,Ersan Ilyasova,1987-05-15,ersan ilyasova,101141,2005.0,2.0,36.0
2768,Jarrett Jack,1983-10-28,jarrett jack,101127,2005.0,1.0,22.0
2769,Amir Johnson,1987-05-01,amir johnson,101161,2005.0,2.0,56.0
2770,Linas Kleiza,1985-01-03,linas kleiza,101132,2005.0,1.0,27.0
2771,Yaroslav Korolev,1987-05-07,yaroslav korolev,101117,2005.0,1.0,12.0
2772,David Lee,1983-04-29,david lee,101135,2005.0,1.0,30.0
2775,Jason Maxiell,1983-02-18,jason maxiell,101131,2005.0,1.0,26.0
2776,Sean May,1984-04-04,sean may,101118,2005.0,1.0,13.0
2777,Rashad McCants,1984-09-25,rashad mccants,101119,2005.0,1.0,14.0
2778,CJ Miles,1987-03-18,cj miles,101139,2005.0,2.0,34.0
2779,Chris Paul,1985-05-06,chris paul,101108,2005.0,1.0,4.0
2780,Johan Petro,1986-01-27,johan petro,101130,2005.0,1.0,25.0
2781,Lawrence Roberts,1982-10-20,lawrence roberts,101160,2005.0,2.0,55.0
2782,Nate Robinson,1984-05-31,nate robinson,101126,2005.0,1.0,21.0
2784,Wayne Simien,1983-03-09,wayne simien,101134,2005.0,1.0,29.0
2786,Salim Stoudamire,1982-10-11,salim stoudamire,101136,2005.0,2.0,31.0
2787,Chris Taft,1985-03-10,chris taft,101147,2005.0,2.0,42.0
2789,Ronny Turiaf,1983-01-13,ronny turiaf,101142,2005.0,2.0,37.0
2792,Charlie Villanueva,1984-08-24,charlie villanueva,101111,2005.0,1.0,7.0
2793,Von Wafer,1985-07-21,von wafer,101144,2005.0,2.0,39.0
2794,Hakim Warrick,1982-07-08,hakim warrick,101124,2005.0,1.0,19.0
2795,Martell Webster,1986-12-04,martell webster,101110,2005.0,1.0,6.0
2796,Robert Whaley,1982-04-16,robert whaley,101156,2005.0,2.0,51.0
2797,Marvin Williams,1986-06-19,marvin williams,101107,2005.0,1.0,2.0
2798,Deron Williams,1984-06-26,deron williams,101114,2005.0,1.0,3.0
2799,Lou Williams,1986-10-27,lou williams,101150,2005.0,2.0,45.0
2800,Bracey Wright,1984-07-01,bracey wright,101152,2005.0,2.0,47.0
2801,Antoine Wright,1984-02-06,antoine wright,101120,2005.0,1.0,15.0
2802,Alex Acker,1983-01-21,alex acker,101165,2005.0,2.0,60.0
2804,Arvydas Macijauskas,1980-01-19,arvydas macijauskas,101178,-1.0,-1.0,-1.0
2805,Fabricio Oberto,1975-03-21,fabricio oberto,101177,-1.0,-1.0,-1.0
2806,Jose Calderon,1981-09-28,jose calderon,101181,-1.0,-1.0,-1.0
2807,Ronnie Price,1983-06-21,ronnie price,101179,-1.0,-1.0,-1.0
2808,Deng Gai,1982-03-22,deng gai,101184,-1.0,-1.0,-1.0
2809,Rawle Marshall,1982-02-20,rawle marshall,101185,-1.0,-1.0,-1.0
2810,Shavlik Randolph,1983-11-24,shavlik randolph,101183,-1.0,-1.0,-1.0
2811,Eddie Basden,1983-02-15,eddie basden,101188,-1.0,-1.0,-1.0
2813,Sarunas Jasikevicius,1976-03-05,sarunas jasikevicius,101180,-1.0,-1.0,-1.0
2814,Matt Walsh,1982-12-02,matt walsh,101190,-1.0,-1.0,-1.0
2815,Donell Taylor,1982-07-26,donell taylor,101182,-1.0,-1.0,-1.0
2816,Will Bynum,1983-01-04,will bynum,101198,-1.0,-1.0,-1.0
2817,Anthony Roberson,1983-02-14,anthony roberson,101194,-1.0,-1.0,-1.0
2819,Dwayne Jones II,1983-06-09,dwayne jones,101204,-1.0,-1.0,-1.0
2824,Esteban Batista,1983-09-02,esteban batista,101212,-1.0,-1.0,-1.0
2830,Sharrod Ford,1982-01-09,sharrod ford,101213,-1.0,-1.0,-1.0
2832,Stephen Graham,1982-06-11,stephen graham,101211,-1.0,-1.0,-1.0
2833,Anthony Grundy,1979-04-15,anthony grundy,101219,-1.0,-1.0,-1.0
2834,Chuck Hayes,1983-06-11,chuck hayes,101236,-1.0,-1.0,-1.0
2839,Aaron Miles,1983-04-13,aaron miles,101223,-1.0,-1.0,-1.0
2855,Kevin Burleson,1979-04-09,kevin burleson,101207,-1.0,-1.0,-1.0
2863,Andre Owens,1980-10-31,andre owens,101261,-1.0,-1.0,-1.0
2866,John Lucas III,1982-11-21,john lucas,101249,-1.0,-1.0,-1.0
2871,Noel Felix,1981-10-04,noel felix,101230,-1.0,-1.0,-1.0
2873,James Singleton,1981-07-20,james singleton,101189,-1.0,-1.0,-1.0
2886,Devin Green,1982-10-25,devin green,101209,-1.0,-1.0,-1.0
6569,Alan Anderson,1982-10-16,alan anderson,101187,-1.0,-1.0,-1.0
635,Anthony Parker,1975-06-19,anthony parker,1515,1997.0,1.0,21.0
2215,Lynn Greer,1979-10-23,lynn greer,2696,-1.0,-1.0,-1.0
2459,Desmon Farmer,1981-10-07,desmon farmer,2824,-1.0,-1.0,-1.0
2510,Andre Brown,1981-05-12,andre brown,2810,-1.0,-1.0,-1.0
2756,Mickael Gelabale,1983-05-22,mickael gelabale,101153,2005.0,2.0,48.0
2766,Mile Ilic,1984-06-02,mile ilic,101148,2005.0,2.0,43.0
2785,Uros Slokar,1983-05-14,uros slokar,101166,2005.0,2.0,58.0
2821,Kelenna Azubuike,1983-12-16,kelenna azubuike,101235,-1.0,-1.0,-1.0
2827,Will Conroy,1982-12-08,will conroy,101215,-1.0,-1.0,-1.0
2887,Roger Powell,1983-01-15,roger powell,101232,-1.0,-1.0,-1.0
2981,Hassan Adams,1984-06-20,hassan adams,200801,2006.0,2.0,54.0
2982,Maurice Ager,1984-02-09,maurice ager,200772,2006.0,1.0,28.0
2983,LaMarcus Aldridge,1985-07-19,lamarcus aldridge,200746,2006.0,1.0,2.0
2984,Hilton Armstrong,1984-11-23,hilton armstrong,200756,2006.0,1.0,12.0
2985,James Augustine,1984-02-27,james augustine,200788,2006.0,2.0,41.0
2986,Renaldo Balkman,1984-07-14,renaldo balkman,200764,2006.0,1.0,20.0
2987,Andrea Bargnani,1985-10-26,andrea bargnani,200745,2006.0,1.0,1.0
2989,Will Blalock,1983-09-08,will blalock,200807,2006.0,2.0,60.0
2991,Ronnie Brewer,1985-03-20,ronnie brewer,200758,2006.0,1.0,14.0
2992,Shannon Brown,1985-11-29,shannon brown,200769,2006.0,1.0,25.0
2994,Dee Brown,1984-08-17,dee brown,200793,2006.0,2.0,46.0
2995,Rodney Carney,1984-04-05,rodney carney,200760,2006.0,1.0,16.0
2997,Mardy Collins,1984-08-04,mardy collins,200776,2006.0,1.0,29.0
2998,Paul Davis,1984-07-21,paul davis,200781,2006.0,2.0,34.0
3000,Quincy Douby,1984-05-16,quincy douby,200763,2006.0,1.0,19.0
3002,Jordan Farmar,1986-11-30,jordan farmar,200770,2006.0,1.0,26.0
3003,Randy Foye,1983-09-24,randy foye,200751,2006.0,1.0,7.0
3005,Rudy Gay,1986-08-17,rudy gay,200752,2006.0,1.0,8.0
3006,Daniel Gibson,1986-02-27,daniel gibson,200789,2006.0,2.0,42.0
3008,Ryan Hollins,1984-10-10,ryan hollins,200797,2006.0,2.0,50.0
3009,Alexander Johnson,1983-02-08,alexander johnson,200792,2006.0,2.0,45.0
3010,Solomon Jones,1984-07-16,solomon jones,200780,2006.0,2.0,33.0
3011,Bobby Jones,1984-01-09,bobby jones,200784,2006.0,2.0,37.0
3012,Kyle Lowry,1986-03-25,kyle lowry,200768,2006.0,1.0,24.0
3013,Damir Markota,1985-12-26,damir markota,200806,2006.0,2.0,59.0
3015,Paul Millsap,1985-02-10,paul millsap,200794,2006.0,2.0,47.0
3016,Adam Morrison,1984-07-19,adam morrison,200747,2006.0,1.0,3.0
3017,David Noel,1984-02-27,david noel,200786,2006.0,2.0,39.0
3018,Steve Novak,1983-06-13,steve novak,200779,2006.0,2.0,32.0
3019,Patrick O'Bryant,1986-06-20,patrick obryant,200753,2006.0,1.0,9.0
3023,Leon Powe,1984-01-22,leon powe,200796,2006.0,2.0,49.0
3024,JJ Redick,1984-06-24,jj redick,200755,2006.0,1.0,11.0
3025,Sergio Rodriguez,1986-06-12,sergio rodriguez,200771,2006.0,1.0,27.0
3026,Rajon Rondo,1986-02-22,rajon rondo,200765,2006.0,1.0,21.0
3027,Brandon Roy,1984-07-23,brandon roy,200750,2006.0,1.0,6.0
3028,Thabo Sefolosha,1984-05-02,thabo sefolosha,200757,2006.0,1.0,13.0
3029,Mouhamed Sene,1986-05-12,mouhamed sene,200754,2006.0,1.0,10.0
3030,Cedric Simmons,1986-01-03,cedric simmons,200759,2006.0,1.0,15.0
3031,Craig Smith,1983-11-10,craig smith,200783,2006.0,2.0,36.0
3032,Tyrus Thomas,1986-08-17,tyrus thomas,200748,2006.0,1.0,4.0
3033,P.J. Tucker,1985-05-05,pj tucker,200782,2006.0,2.0,35.0
3037,James White,1982-10-21,james white,200778,2006.0,2.0,31.0
3038,Shawne Williams,1986-02-16,shawne williams,200761,2006.0,1.0,17.0
3039,Marcus Williams,1985-12-03,marcus williams,200766,2006.0,1.0,22.0
3040,Shelden Williams,1983-10-21,shelden williams,200749,2006.0,1.0,5.0
3041,Lou Amundson,1982-12-07,lou amundson,200811,-1.0,-1.0,-1.0
3045,Tarence Kinsey,1984-03-21,tarence kinsey,200814,-1.0,-1.0,-1.0
3046,Chris Quinn,1983-09-27,chris quinn,200809,-1.0,-1.0,-1.0
3047,Allan Ray,1984-06-17,allan ray,200810,-1.0,-1.0,-1.0
3048,Yakhouba Diawara,1982-08-29,yakhouba diawara,200821,-1.0,-1.0,-1.0
3049,Jorge Garbajosa,1977-12-19,jorge garbajosa,200816,-1.0,-1.0,-1.0
3052,Justin Williams,1984-05-12,justin williams,200818,-1.0,-1.0,-1.0
3053,Pops Mensah-Bonsu,1983-09-07,pops mensahbonsu,200822,-1.0,-1.0,-1.0
3054,Robert Hite,1984-01-12,robert hite,200823,-1.0,-1.0,-1.0
3055,J.J. Barea,1984-06-26,jj barea,200826,-1.0,-1.0,-1.0
3059,Ivan McFarlin,1982-04-26,ivan mcfarlin,200829,-1.0,-1.0,-1.0
3060,Mike Hall,1984-06-05,mike hall,200837,-1.0,-1.0,-1.0
3061,Kevinn Pinkney,1983-10-20,kevinn pinkney,200838,-1.0,-1.0,-1.0
3064,Steven Smith,1983-04-12,steven smith,200848,-1.0,-1.0,-1.0
3066,Cedric Bozeman,1983-03-07,cedric bozeman,200841,-1.0,-1.0,-1.0
3083,Chris McCray,1984-05-27,chris mccray,200840,-1.0,-1.0,-1.0
3153,Renaldo Major,1982-05-07,renaldo major,200970,-1.0,-1.0,-1.0
3160,Jeremy Richardson,1984-03-01,jeremy richardson,200978,-1.0,-1.0,-1.0
3179,Randolph Morris,1986-01-02,randolph morris,201043,-1.0,-1.0,-1.0
1778,Juan Carlos Navarro,1980-06-13,juan carlos navarro,2434,2002.0,2.0,39.0
1781,Luis Scola,1980-04-30,luis scola,2449,2002.0,2.0,55.0
2514,Kasib Powell,1981-03-18,kasib powell,2867,-1.0,-1.0,-1.0
2758,Marcin Gortat,1984-02-17,marcin gortat,101162,2005.0,2.0,57.0
2774,Ian Mahinmi,1986-11-05,ian mahinmi,101133,2005.0,1.0,28.0
2837,Keith Langford,1983-09-15,keith langford,101247,-1.0,-1.0,-1.0
2996,Cheikh Samb,1984-10-22,cheikh samb,200798,2006.0,2.0,51.0
2999,Guillermo Diaz,1985-03-04,guillermo diaz,200799,2006.0,2.0,52.0
3020,Oleksiy Pecherov,1985-12-08,oleksiy pecherov,200762,2006.0,1.0,18.0
3021,Kosta Perovic,1985-02-19,kosta perovic,200785,2006.0,2.0,38.0
3057,Darius Washington,1985-12-06,darius washington,200827,-1.0,-1.0,-1.0
3081,Mike  Harris,1983-06-15,mike harris,200839,-1.0,-1.0,-1.0
3187,Arron Afflalo,1985-10-15,arron afflalo,201167,2007.0,1.0,27.0
3188,Morris Almond,1985-02-02,morris almond,201165,2007.0,1.0,25.0
3190,Marco Belinelli,1986-03-25,marco belinelli,201158,2007.0,1.0,18.0
3192,Aaron Brooks,1985-01-14,aaron brooks,201166,2007.0,1.0,26.0
3194,Wilson Chandler,1987-05-10,wilson chandler,201163,2007.0,1.0,23.0
3195,Mike Conley,1987-10-11,mike conley,201144,2007.0,1.0,4.0
3196,Daequan Cook,1987-04-28,daequan cook,201161,2007.0,1.0,21.0
3197,Javaris Crittenton,1987-12-31,javaris crittenton,201159,2007.0,1.0,19.0
3198,JamesOn Curry,1986-01-07,jameson curry,201191,2007.0,2.0,51.0
3200,Glen Davis,1986-01-01,glen davis,201175,2007.0,2.0,35.0
3201,Jared Dudley,1985-07-10,jared dudley,201162,2007.0,1.0,22.0
3202,Kevin Durant,1988-09-29,kevin durant,201142,2007.0,1.0,2.0
3203,Nick Fazekas,1985-06-17,nick fazekas,201174,2007.0,2.0,34.0
3205,Kyrylo Fesenko,1986-12-24,kyrylo fesenko,201178,2007.0,2.0,38.0
3207,Aaron Gray,1984-12-07,aaron gray,201189,2007.0,2.0,49.0
3208,Taurean Green,1986-11-28,taurean green,201192,2007.0,2.0,52.0
3209,Jeff Green,1986-08-28,jeff green,201145,2007.0,1.0,5.0
3211,Spencer Hawes,1988-04-28,spencer hawes,201150,2007.0,1.0,10.0
3212,Herbert Hill,1984-10-01,herbert hill,201195,2007.0,2.0,55.0
3213,Al Horford,1986-06-03,al horford,201143,2007.0,1.0,3.0
3217,Carl Landry,1983-09-19,carl landry,201171,2007.0,2.0,31.0
3218,Stephane Lasme,1982-12-17,stephane lasme,201186,2007.0,2.0,46.0
3219,Acie Law,1985-01-25,acie law,201151,2007.0,1.0,11.0
3220,Josh McRoberts,1987-02-28,josh mcroberts,201177,2007.0,2.0,37.0
3223,Demetris Nichols,1984-09-04,demetris nichols,201193,2007.0,2.0,53.0
3224,Joakim Noah,1985-02-25,joakim noah,201149,2007.0,1.0,9.0
3225,Greg Oden,1988-01-22,greg oden,201141,2007.0,1.0,1.0
3227,Gabe Pruitt,1986-04-19,gabe pruitt,201172,2007.0,2.0,32.0
3229,Chris Richard,1984-12-25,chris richard,201181,2007.0,2.0,41.0
3231,Ramon Sessions,1986-04-11,ramon sessions,201196,2007.0,2.0,56.0
3232,Jason Smith,1986-03-02,jason smith,201160,2007.0,1.0,20.0
3234,D.J. Strawberry,1985-06-15,dj strawberry,201199,2007.0,2.0,59.0
3235,Rodney Stuckey,1986-04-21,rodney stuckey,201155,2007.0,1.0,15.0
3237,Al Thornton,1983-12-07,al thornton,201154,2007.0,1.0,14.0
3238,Alando Tucker,1984-02-11,alando tucker,201169,2007.0,1.0,29.0
3239,Sean Williams,1986-09-13,sean williams,201157,2007.0,1.0,17.0
3240,Marcus Williams,1986-11-18,marcus williams,201173,2007.0,2.0,33.0
3241,Julian Wright,1987-05-20,julian wright,201153,2007.0,1.0,13.0
3242,Brandan Wright,1987-10-05,brandan wright,201148,2007.0,1.0,8.0
3243,Nick Young,1985-06-01,nick young,201156,2007.0,1.0,16.0
3244,Thaddeus Young,1988-06-21,thaddeus young,201152,2007.0,1.0,12.0
3246,Dominic McGuire,1985-10-20,dominic mcguire,201187,2007.0,2.0,47.0
3247,Joel Anthony,1982-08-09,joel anthony,201202,-1.0,-1.0,-1.0
3249,Jamario Moon,1980-06-13,jamario moon,200081,-1.0,-1.0,-1.0
3252,Mustafa Shakur,1984-08-18,mustafa shakur,201203,-1.0,-1.0,-1.0
3263,Thomas Gardner,1985-02-08,thomas gardner,201242,-1.0,-1.0,-1.0
3273,Courtney Sims,1983-10-21,courtney sims,201235,-1.0,-1.0,-1.0
3277,C.J. Watson,1984-04-17,cj watson,201228,-1.0,-1.0,-1.0
3278,Mario West,1984-06-19,mario west,201238,-1.0,-1.0,-1.0
3290,Darryl Watkins,1984-11-08,darryl watkins,201208,-1.0,-1.0,-1.0
3401,Lance Allred,1981-02-02,lance allred,200984,-1.0,-1.0,-1.0
3402,Blake Ahearn,1984-05-27,blake ahearn,201336,-1.0,-1.0,-1.0
2850,Jawad Williams,1983-02-19,jawad williams,101214,-1.0,-1.0,-1.0
3204,Rudy Fernandez,1985-04-04,rudy fernandez,201164,2007.0,1.0,24.0
3206,Marc Gasol,1985-01-29,marc gasol,201188,2007.0,2.0,48.0
3255,Dontell Jefferson,1983-12-15,dontell jefferson,200971,-1.0,-1.0,-1.0
3256,Trey Johnson,1984-08-30,trey johnson,201234,-1.0,-1.0,-1.0
3276,Anthony Tolliver,1985-06-01,anthony tolliver,201229,-1.0,-1.0,-1.0
3410,Alexis Ajinca,1988-05-06,alexis ajinca,201582,2008.0,1.0,20.0
3411,Joe Alexander,1986-12-26,joe alexander,201570,2008.0,1.0,8.0
3412,Ryan Anderson,1988-05-06,ryan anderson,201583,2008.0,1.0,21.0
3413,Darrell Arthur,1988-03-25,darrell arthur,201589,2008.0,1.0,27.0
3415,D.J. Augustin,1987-11-10,dj augustin,201571,2008.0,1.0,9.0
3416,Nicolas Batum,1988-12-14,nicolas batum,201587,2008.0,1.0,25.0
3417,Jerryd Bayless,1988-08-20,jerryd bayless,201573,2008.0,1.0,11.0
3418,Michael Beasley,1989-01-09,michael beasley,201563,2008.0,1.0,2.0
3419,Mario Chalmers,1986-05-19,mario chalmers,201596,2008.0,2.0,34.0
3420,Joe Crawford,1986-06-17,joe crawford,201621,2008.0,2.0,58.0
3421,Joey Dorsey,1983-12-16,joey dorsey,201595,2008.0,2.0,33.0
3422,Chris Douglas-Roberts,1987-01-08,chris douglasroberts,201604,2008.0,2.0,40.0
3423,Goran Dragic,1986-05-06,goran dragic,201609,2008.0,2.0,45.0
3428,Danilo Gallinari,1988-08-08,danilo gallinari,201568,2008.0,1.0,6.0
3429,J.R. Giddens,1985-02-13,jr giddens,201592,2008.0,1.0,30.0
3431,Eric Gordon,1988-12-25,eric gordon,201569,2008.0,1.0,7.0
3432,Donte Greene,1988-02-21,donte greene,201590,2008.0,1.0,28.0
3433,Malik Hairston,1987-02-23,malik hairston,201612,2008.0,2.0,48.0
3436,Roy Hibbert,1986-12-11,roy hibbert,201579,2008.0,1.0,17.0
3437,JJ Hickson,1988-09-04,jj hickson,201581,2008.0,1.0,19.0
3438,George Hill,1986-05-04,george hill,201588,2008.0,1.0,26.0
3440,Darnell Jackson,1985-11-07,darnell jackson,201616,2008.0,2.0,52.0
3441,Nathan Jawai,1986-10-10,nathan jawai,201605,2008.0,2.0,41.0
3442,DeAndre Jordan,1988-07-21,deandre jordan,201599,2008.0,2.0,35.0
3444,Kosta Koufos,1989-02-24,kosta koufos,201585,2008.0,1.0,23.0
3445,Courtney Lee,1985-10-03,courtney lee,201584,2008.0,1.0,22.0
3447,Robin Lopez,1988-04-01,robin lopez,201577,2008.0,1.0,15.0
3448,Brook Lopez,1988-04-01,brook lopez,201572,2008.0,1.0,10.0
3449,Kevin Love,1988-09-07,kevin love,201567,2008.0,1.0,5.0
3450,O.J. Mayo,1987-11-05,oj mayo,201564,2008.0,1.0,3.0
3451,Luc Mbah a Moute,1986-09-09,luc mbah a moute,201601,2008.0,2.0,37.0
3452,JaVale McGee,1988-01-19,javale mcgee,201580,2008.0,1.0,18.0
3455,Anthony Randolph,1989-07-15,anthony randolph,201576,2008.0,1.0,14.0
3456,Derrick Rose,1988-10-04,derrick rose,201565,2008.0,1.0,1.0
3457,Brandon Rush,1985-07-07,brandon rush,201575,2008.0,1.0,13.0
3458,Walter Sharpe,1986-07-18,walter sharpe,201594,2008.0,2.0,32.0
3459,Sean Singletary,1985-09-06,sean singletary,201606,2008.0,2.0,42.0
3460,Marreese Speights,1987-08-04,marreese speights,201578,2008.0,1.0,16.0
3461,Mike Taylor,1986-01-21,mike taylor,201446,2008.0,2.0,55.0
3462,Jason Thompson,1986-07-21,jason thompson,201574,2008.0,1.0,12.0
3464,Henry Walker,1987-10-09,henry walker,201611,2008.0,2.0,47.0
3466,Kyle Weaver,1986-02-18,kyle weaver,201602,2008.0,2.0,38.0
3467,Sonny Weems,1986-07-08,sonny weems,201603,2008.0,2.0,39.0
3468,Russell Westbrook,1988-11-12,russell westbrook,201566,2008.0,1.0,4.0
3469,D.J. White,1986-08-31,dj white,201591,2008.0,1.0,29.0
3472,Bobby Brown,1984-09-24,bobby brown,201628,-1.0,-1.0,-1.0
3474,Anthony Morrow,1985-09-27,anthony morrow,201627,-1.0,-1.0,-1.0
3475,Othello Hunter,1986-05-28,othello hunter,201629,-1.0,-1.0,-1.0
3477,Steven Hill,1985-11-14,steven hill,201631,-1.0,-1.0,-1.0
3837,Rob Kurz,1985-03-05,rob kurz,201633,-1.0,-1.0,-1.0
3838,DeMarcus Nelson,1985-11-02,demarcus nelson,201634,-1.0,-1.0,-1.0
3930,Cartier Martin,1984-11-20,cartier martin,201858,-1.0,-1.0,-1.0
3439,Serge Ibaka,1989-09-18,serge ibaka,201586,2008.0,1.0,24.0
3554,Omri Casspi,1988-06-22,omri casspi,201956,2009.0,1.0,23.0
3963,Rodrigue Beaubois,1988-02-24,rodrigue beaubois,201958,2009.0,1.0,25.0
3965,DeJuan Blair,1989-04-22,dejuan blair,201971,2009.0,2.0,37.0
3966,Jon Brockman,1987-03-20,jon brockman,201972,2009.0,2.0,38.0
3967,Derrick Brown,1987-09-08,derrick brown,201974,2009.0,2.0,40.0
3968,Chase Budinger,1988-05-22,chase budinger,201978,2009.0,2.0,44.0
3970,DeMarre Carroll,1986-07-27,demarre carroll,201960,2009.0,1.0,27.0
3971,Earl Clark,1988-01-17,earl clark,201947,2009.0,1.0,14.0
3973,Darren Collison,1987-08-23,darren collison,201954,2009.0,1.0,21.0
3974,Dante Cunningham,1987-04-22,dante cunningham,201967,2009.0,2.0,33.0
3975,Stephen Curry,1988-03-14,stephen curry,201939,2009.0,1.0,7.0
3976,Austin Daye,1988-06-05,austin daye,201948,2009.0,1.0,15.0
3978,DeMar DeRozan,1989-08-07,demar derozan,201942,2009.0,1.0,9.0
3979,Toney Douglas,1986-03-16,toney douglas,201962,2009.0,1.0,29.0
3981,Wayne Ellington,1987-11-29,wayne ellington,201961,2009.0,1.0,28.0
3983,Tyreke Evans,1989-09-19,tyreke evans,201936,2009.0,1.0,4.0
3985,Jonny Flynn,1989-02-06,jonny flynn,201938,2009.0,1.0,6.0
3986,Taj Gibson,1985-06-24,taj gibson,201959,2009.0,1.0,26.0
3988,Danny Green,1987-06-22,danny green,201980,2009.0,2.0,46.0
3989,Blake Griffin,1989-03-16,blake griffin,201933,2009.0,1.0,1.0
3990,Taylor Griffin,1986-04-18,taylor griffin,201981,2009.0,2.0,48.0
3991,Tyler Hansbrough,1985-11-03,tyler hansbrough,201946,2009.0,1.0,13.0
3992,James Harden,1989-08-26,james harden,201935,2009.0,1.0,3.0
3993,Gerald Henderson,1987-12-09,gerald henderson,201945,2009.0,1.0,12.0
3994,Jordan Hill,1987-07-27,jordan hill,201941,2009.0,1.0,8.0
3995,Jrue Holiday,1990-06-12,jrue holiday,201950,2009.0,1.0,17.0
3996,Lester Hudson,1984-08-07,lester hudson,201991,2009.0,2.0,58.0
3997,Brandon Jennings,1989-09-23,brandon jennings,201943,2009.0,1.0,10.0
3998,Jonas Jerebko,1987-03-02,jonas jerebko,201973,2009.0,2.0,39.0
3999,James Johnson,1987-02-20,james johnson,201949,2009.0,1.0,16.0
4000,Ty Lawson,1987-11-03,ty lawson,201951,2009.0,1.0,18.0
4001,Eric Maynor,1987-06-11,eric maynor,201953,2009.0,1.0,20.0
4003,Jodie Meeks,1987-08-21,jodie meeks,201975,2009.0,2.0,41.0
4004,Patty Mills,1988-08-11,patty mills,201988,2009.0,2.0,55.0
4005,Byron Mullens,1989-02-14,byron mullens,201957,2009.0,1.0,24.0
4008,Jeff Ayres,1987-04-29,jeff ayres,201965,2009.0,2.0,31.0
4010,A.J. Price,1986-10-07,aj price,201985,2009.0,2.0,52.0
4012,DaJuan Summers,1988-01-24,dajuan summers,201969,2009.0,2.0,35.0
4014,Jermaine Taylor,1986-12-08,jermaine taylor,201966,2009.0,2.0,32.0
4015,Jeff Teague,1988-06-10,jeff teague,201952,2009.0,1.0,19.0
4016,Hasheem Thabeet,1987-02-16,hasheem thabeet,201934,2009.0,1.0,2.0
4017,Marcus Thornton,1987-06-05,marcus thornton,201977,2009.0,2.0,43.0
4019,Terrence Williams,1987-06-28,terrence williams,201944,2009.0,1.0,11.0
4020,Sam Young,1985-06-01,sam young,201970,2009.0,2.0,36.0
4021,Trey Gilder,1985-01-24,trey gilder,201821,-1.0,-1.0,-1.0
4023,Garrett Temple,1986-05-08,garrett temple,202066,-1.0,-1.0,-1.0
4024,Marcus Landry,1985-11-01,marcus landry,202068,-1.0,-1.0,-1.0
4027,Antonio Anderson,1985-06-05,antonio anderson,202079,-1.0,-1.0,-1.0
4029,Tony Gaffney,1984-11-14,tony gaffney,202070,-1.0,-1.0,-1.0
4032,Wesley Matthews,1986-10-14,wesley matthews,202083,-1.0,-1.0,-1.0
4164,Curtis Jerrells,1987-02-05,curtis jerrells,201998,-1.0,-1.0,-1.0
4205,David Andersen,1980-06-23,david andersen,2431,2002.0,2.0,36.0
4224,Sundiata Gaines,1986-04-18,sundiata gaines,202178,-1.0,-1.0,-1.0
4226,Cedric Jackson,1986-03-05,cedric jackson,202132,-1.0,-1.0,-1.0
4229,Reggie Williams,1986-09-14,reggie williams,202130,-1.0,-1.0,-1.0
4232,Alonzo Gee,1987-05-29,alonzo gee,202087,-1.0,-1.0,-1.0
4233,Kenny Hasbrouck,1986-08-14,kenny hasbrouck,202238,-1.0,-1.0,-1.0
4234,Brian Butch,1984-12-22,brian butch,202221,-1.0,-1.0,-1.0
4235,Greg Stiemsma,1985-09-26,greg stiemsma,201880,-1.0,-1.0,-1.0
4236,Oliver Lafayette,1984-05-06,oliver lafayette,201802,-1.0,-1.0,-1.0
3233,Tiago Splitter,1985-01-01,tiago splitter,201168,2007.0,1.0,28.0
3414,Omer Asik,1986-07-04,omer asik,201600,2008.0,2.0,36.0
3425,Semih Erden,1986-07-28,semih erden,201623,2008.0,2.0,60.0
3426,Patrick Ewing Jr.,1984-05-20,patrick ewing,201607,2008.0,2.0,43.0
3453,Nikola Pekovic,1986-01-03,nikola pekovic,201593,2008.0,2.0,31.0
3984,Christian Eyenga,1989-06-22,christian eyenga,201963,2009.0,1.0,30.0
4018,Robert Vaden,1985-03-03,robert vaden,201987,2009.0,2.0,54.0
4035,Garret Siler,1986-10-25,garret siler,202081,-1.0,-1.0,-1.0
4158,Jerel McNeal,1987-06-01,jerel mcneal,202077,-1.0,-1.0,-1.0
4179,Larry Owens,1983-01-08,larry owens,202082,-1.0,-1.0,-1.0
4237,John Wall,1990-09-06,john wall,202322,2010.0,1.0,1.0
4238,Eric Bledsoe,1989-12-09,eric bledsoe,202339,2010.0,1.0,18.0
4239,Evan Turner,1988-10-27,evan turner,202323,2010.0,1.0,2.0
4240,Avery Bradley,1990-11-26,avery bradley,202340,2010.0,1.0,19.0
4241,Xavier Henry,1991-03-15,xavier henry,202333,2010.0,1.0,12.0
4242,James Anderson,1989-03-25,james anderson,202341,2010.0,1.0,20.0
4243,Jordan Crawford,1988-10-23,jordan crawford,202348,2010.0,1.0,27.0
4244,Lance Stephenson,1990-09-05,lance stephenson,202362,2010.0,2.0,40.0
4245,Terrico White,1990-03-07,terrico white,202358,2010.0,2.0,36.0
4246,Dominique Jones,1988-10-15,dominique jones,202346,2010.0,1.0,25.0
4247,Wesley Johnson,1987-07-11,wesley johnson,202325,2010.0,1.0,4.0
4248,Al-Farouq Aminu,1990-09-21,alfarouq aminu,202329,2010.0,1.0,8.0
4249,Gordon Hayward,1990-03-23,gordon hayward,202330,2010.0,1.0,9.0
4250,Luke Babbitt,1989-06-20,luke babbitt,202337,2010.0,1.0,16.0
4251,Paul George,1990-05-02,paul george,202331,2010.0,1.0,10.0
4252,Damion James,1987-10-07,damion james,202345,2010.0,1.0,24.0
4253,Quincy Pondexter,1988-03-10,quincy pondexter,202347,2010.0,1.0,26.0
4254,Craig Brackins,1987-10-09,craig brackins,202342,2010.0,1.0,21.0
4256,Devin Ebanks,1989-10-28,devin ebanks,202365,2010.0,2.0,43.0
4257,Derrick Favors,1991-07-15,derrick favors,202324,2010.0,1.0,3.0
4258,DeMarcus Cousins,1990-08-13,demarcus cousins,202326,2010.0,1.0,5.0
4259,Ed Davis,1989-06-05,ed davis,202334,2010.0,1.0,13.0
4260,Greg Monroe,1990-06-04,greg monroe,202328,2010.0,1.0,7.0
4262,Hassan Whiteside,1989-06-13,hassan whiteside,202355,2010.0,2.0,33.0
4263,Daniel Orton,1990-08-06,daniel orton,202350,2010.0,1.0,29.0
4264,Patrick Patterson,1989-03-14,patrick patterson,202335,2010.0,1.0,14.0
4265,Larry Sanders,1988-11-21,larry sanders,202336,2010.0,1.0,15.0
4267,Cole Aldrich,1988-10-31,cole aldrich,202332,2010.0,1.0,11.0
4268,Solomon Alabi,1988-03-21,solomon alabi,202374,2010.0,2.0,50.0
4270,Trevor Booker,1987-11-25,trevor booker,202344,2010.0,1.0,23.0
4271,Da'Sean Butler,1988-01-25,dasean butler,202364,2010.0,2.0,42.0
4274,Landry Fields,1988-06-27,landry fields,202361,2010.0,2.0,39.0
4276,Luke Harangody,1988-01-02,luke harangody,202376,2010.0,2.0,52.0
4277,Lazar Hayward,1986-11-26,lazar hayward,202351,2010.0,1.0,30.0
4278,Darington Hobson,1987-09-29,darington hobson,202359,2010.0,2.0,37.0
4279,Armon Johnson,1989-02-23,armon johnson,202356,2010.0,2.0,34.0
4281,Gani Lawal,1988-11-07,gani lawal,202371,2010.0,2.0,46.0
4282,Hamady Ndiaye,1987-01-12,hamady ndiaye,202380,2010.0,2.0,56.0
4283,Dexter Pittman,1988-03-02,dexter pittman,202354,2010.0,2.0,32.0
4285,Andy Rautins,1986-11-02,andy rautins,202360,2010.0,2.0,38.0
4289,Kevin Seraphin,1989-12-07,kevin seraphin,202338,2010.0,1.0,17.0
4291,Greivis Vasquez,1987-01-16,greivis vasquez,202349,2010.0,1.0,28.0
4292,Willie Warren,1989-10-22,willie warren,202378,2010.0,2.0,54.0
4294,Elliot Williams,1989-06-20,elliot williams,202343,2010.0,1.0,22.0
4295,Jeremy Evans,1987-10-24,jeremy evans,202379,2010.0,2.0,55.0
4296,Ben Uzoh,1988-03-18,ben uzoh,202386,-1.0,-1.0,-1.0
4298,Timofey Mozgov,1986-07-16,timofey mozgov,202389,-1.0,-1.0,-1.0
4299,Jeremy Lin,1988-08-23,jeremy lin,202391,-1.0,-1.0,-1.0
4300,Gary Neal,1984-10-03,gary neal,202390,-1.0,-1.0,-1.0
4302,Sherron Collins,1987-03-18,sherron collins,202395,-1.0,-1.0,-1.0
4304,Samardo Samuels,1989-01-09,samardo samuels,202396,-1.0,-1.0,-1.0
4305,Ish Smith,1988-07-05,ish smith,202397,-1.0,-1.0,-1.0
4312,Gary Forbes,1985-02-25,gary forbes,201814,-1.0,-1.0,-1.0
4325,Marcus Cousin,1986-12-18,marcus cousin,202408,-1.0,-1.0,-1.0
4327,Zabian Dowdell,1984-09-10,zabian dowdell,202220,-1.0,-1.0,-1.0
4335,Jeff Adrien,1986-02-10,jeff adrien,202399,-1.0,-1.0,-1.0
4360,Manny Harris,1989-09-21,manny harris,202412,-1.0,-1.0,-1.0
4400,Chris Johnson,1985-07-17,chris johnson,202419,-1.0,-1.0,-1.0
3193,Derrick Byars,1984-04-25,derrick byars,201182,2007.0,2.0,42.0
4036,Diamon Simpson,1987-09-08,diamon simpson,202067,-1.0,-1.0,-1.0
4165,Jan Vesely,1990-04-24,jan vesely,202686,2011.0,1.0,6.0
4286,Ryan Reid,1986-10-30,ryan reid,202385,2010.0,2.0,57.0
4303,Donald Sloan,1988-01-15,donald sloan,202388,-1.0,-1.0,-1.0
4320,Jerome Dyson,1987-05-01,jerome dyson,202406,-1.0,-1.0,-1.0
4329,Mickell Gladness,1986-07-26,mickell gladness,202148,-1.0,-1.0,-1.0
6424,Lavoy Allen,1989-02-04,lavoy allen,202730,2011.0,2.0,50.0
6425,Keith Benson,1988-08-13,keith benson,202728,2011.0,2.0,48.0
6427,Bismack Biyombo,1992-08-28,bismack biyombo,202687,2011.0,1.0,7.0
6428,MarShon Brooks,1989-01-26,marshon brooks,202705,2011.0,1.0,25.0
6429,Alec Burks,1991-07-20,alec burks,202692,2011.0,1.0,12.0
6430,Jimmy Butler III,1989-09-14,jimmy butler,202710,2011.0,1.0,30.0
6431,Norris Cole,1988-10-13,norris cole,202708,2011.0,1.0,28.0
6433,Kenneth Faried,1989-11-19,kenneth faried,202702,2011.0,1.0,22.0
6434,Jimmer Fredette,1989-02-25,jimmer fredette,202690,2011.0,1.0,10.0
6435,Andrew Goudelock,1988-12-07,andrew goudelock,202726,2011.0,2.0,46.0
6436,Jordan Hamilton,1990-10-06,jordan hamilton,202706,2011.0,1.0,26.0
6438,Justin Harper,1989-08-30,justin harper,202712,2011.0,2.0,32.0
6439,Josh Harrellson,1989-02-12,josh harrellson,202725,2011.0,2.0,45.0
6440,Tobias Harris,1992-07-15,tobias harris,202699,2011.0,1.0,19.0
6441,Tyler Honeycutt,1990-07-15,tyler honeycutt,202715,2011.0,2.0,35.0
6442,Kyrie Irving,1992-03-23,kyrie irving,202681,2011.0,1.0,1.0
6443,Reggie Jackson,1990-04-16,reggie jackson,202704,2011.0,1.0,24.0
6444,Charles Jenkins,1989-02-28,charles jenkins,202724,2011.0,2.0,44.0
6445,JaJuan Johnson,1989-02-08,jajuan johnson,202707,2011.0,1.0,27.0
6446,Cory Joseph,1991-08-20,cory joseph,202709,2011.0,1.0,29.0
6447,Enes Freedom,1992-05-20,enes freedom,202683,2011.0,1.0,3.0
6448,Brandon Knight,1991-12-02,brandon knight,202688,2011.0,1.0,8.0
6449,Malcolm Lee,1990-05-22,malcolm lee,202723,2011.0,2.0,43.0
6450,Kawhi Leonard,1991-06-29,kawhi leonard,202695,2011.0,1.0,15.0
6451,Travis Leslie,1990-03-29,travis leslie,202727,2011.0,2.0,47.0
6452,Jon Leuer,1989-05-14,jon leuer,202720,2011.0,2.0,40.0
6453,DeAndre Liggins,1988-03-31,deandre liggins,202732,2011.0,2.0,53.0
6454,Shelvin Mack,1990-04-22,shelvin mack,202714,2011.0,2.0,34.0
6460,E'Twaun Moore,1989-02-25,etwaun moore,202734,2011.0,2.0,55.0
6461,Markieff Morris,1989-09-02,markieff morris,202693,2011.0,1.0,13.0
6462,Marcus Morris Sr.,1989-09-02,marcus morris,202694,2011.0,1.0,14.0
6463,Darius Morris,1991-01-03,darius morris,202721,2011.0,2.0,41.0
6466,Chandler Parsons,1988-10-25,chandler parsons,202718,2011.0,2.0,38.0
6467,Josh Selby,1991-03-27,josh selby,202729,2011.0,2.0,49.0
6468,Iman Shumpert,1990-06-26,iman shumpert,202697,2011.0,1.0,17.0
6470,Chris Singleton,1989-11-21,chris singleton,202698,2011.0,1.0,18.0
6471,Nolan Smith,1988-07-25,nolan smith,202701,2011.0,1.0,21.0
6472,Isaiah Thomas,1989-02-07,isaiah thomas,202738,2011.0,2.0,60.0
6473,Trey Thompkins,1990-05-29,trey thompkins,202717,2011.0,2.0,37.0
6474,Tristan Thompson,1991-03-13,tristan thompson,202684,2011.0,1.0,4.0
6475,Klay Thompson,1990-02-08,klay thompson,202691,2011.0,1.0,11.0
6476,Jeremy Tyler,1991-06-21,jeremy tyler,202719,2011.0,2.0,39.0
6478,Nikola Vucevic,1990-10-24,nikola vucevic,202696,2011.0,1.0,16.0
6479,Kemba Walker,1990-05-08,kemba walker,202689,2011.0,1.0,9.0
6480,Derrick Williams,1991-05-25,derrick williams,202682,2011.0,1.0,2.0
6481,Jordan Williams,1990-10-11,jordan williams,202716,2011.0,2.0,36.0
6483,Justin Dentmon,1985-09-05,justin dentmon,202458,-1.0,-1.0,-1.0
6484,Carldell Johnson,1983-01-28,carldell johnson,201291,-1.0,-1.0,-1.0
6485,Lance Thomas,1988-04-24,lance thomas,202498,-1.0,-1.0,-1.0
6490,Terrel Harris,1987-08-10,terrel harris,202227,-1.0,-1.0,-1.0
6497,Jeremy Pargo,1986-03-17,jeremy pargo,202951,2009.0,0.0,0.0
6499,Xavier Silas,1988-01-22,xavier silas,202918,2011.0,,
6501,Chris Wright,1988-09-30,chris wright,202874,-1.0,-1.0,-1.0
6511,Malcolm Thomas,1988-11-08,malcolm thomas,202952,-1.0,-1.0,-1.0
6518,Edwin Ubiles,1986-11-26,edwin ubiles,202775,-1.0,-1.0,-1.0
6523,Mychel Thompson,1988-06-01,mychel thompson,202814,-1.0,-1.0,-1.0
6526,Walker Russell Jr.,1982-10-06,walker russell,201041,1982.0,4.0,78.0
6527,Dennis Horner,1988-02-05,dennis horner,202862,-1.0,-1.0,-1.0
6528,Jerry Smith,1987-09-26,jerry smith,202536,1963.0,2.0,12.0
6530,Greg Smith,1991-01-08,greg smith,202962,-1.0,-1.0,-1.0
6534,Ivan Johnson,1984-04-10,ivan johnson,201274,-1.0,-1.0,-1.0
6541,Courtney Fortson,1988-05-23,courtney fortson,202622,-1.0,-1.0,-1.0
6543,Julyan Stone,1988-12-07,julyan stone,202933,-1.0,-1.0,-1.0
6544,Cory Higgins,1989-06-14,cory higgins,202809,-1.0,-1.0,-1.0
6555,Eric Dawson,1984-07-07,eric dawson,201286,-1.0,-1.0,-1.0
6558,Jeff Foote,1987-07-14,jeff foote,202880,-1.0,-1.0,-1.0
6574,D.J. Kennedy,1989-11-05,dj kennedy,202810,-1.0,-1.0,-1.0
3004,Joel Freeland,1987-02-07,joel freeland,200777,2006.0,1.0,30.0
3882,Alexey Shved,1988-12-16,alexey shved,203144,-1.0,-1.0,-1.0
3972,Victor Claver,1988-08-30,victor claver,201964,2009.0,1.0,22.0
3977,Nando De Colo,1987-06-23,nando de colo,201986,2009.0,2.0,53.0
4182,Pablo Prigioni,1977-05-17,pablo prigioni,203143,-1.0,-1.0,-1.0
4266,Jarvis Varnado,1988-03-01,jarvis varnado,202363,2010.0,2.0,41.0
4385,Mirza Teletovic,1985-09-17,mirza teletovic,203141,-1.0,-1.0,-1.0
6156,Jeffery Taylor,1989-05-23,jeffery taylor,203106,2012.0,2.0,31.0
6464,Donatas Motiejunas,1990-09-20,donatas motiejunas,202700,2011.0,1.0,20.0
6469,Kyle Singler,1988-05-04,kyle singler,202713,2011.0,2.0,33.0
6477,Jonas Valanciunas,1992-05-06,jonas valanciunas,202685,2011.0,1.0,5.0
6502,Luke Zeller,1987-04-07,luke zeller,202545,-1.0,-1.0,-1.0
6576,Quincy Acy,1990-10-06,quincy acy,203112,2012.0,2.0,37.0
6578,Harrison Barnes,1992-05-30,harrison barnes,203084,2012.0,1.0,7.0
6579,Will Barton,1991-01-06,will barton,203115,2012.0,2.0,40.0
6580,Bradley Beal,1993-06-28,bradley beal,203078,2012.0,1.0,3.0
6581,Jae Crowder,1990-07-06,jae crowder,203109,2012.0,2.0,34.0
6582,Jared Cunningham,1991-05-22,jared cunningham,203099,2012.0,1.0,24.0
6583,Anthony Davis,1993-03-11,anthony davis,203076,2012.0,1.0,1.0
6585,Andre Drummond,1993-08-10,andre drummond,203083,2012.0,1.0,9.0
6586,Kim English,1988-09-24,kim english,203119,2012.0,2.0,44.0
6587,Festus Ezeli,1989-10-21,festus ezeli,203105,2012.0,1.0,30.0
6588,Evan Fournier,1992-10-29,evan fournier,203095,2012.0,1.0,20.0
6589,Draymond Green,1990-03-04,draymond green,203110,2012.0,2.0,35.0
6591,Maurice Harkless,1993-05-11,maurice harkless,203090,2012.0,1.0,15.0
6592,John Henson,1990-12-28,john henson,203089,2012.0,1.0,14.0
6593,Bernard James,1985-02-07,bernard james,203108,2012.0,2.0,33.0
6594,John Jenkins,1991-03-06,john jenkins,203098,2012.0,1.0,23.0
6595,Orlando Johnson,1989-03-11,orlando johnson,203111,2012.0,2.0,36.0
6596,Darius Johnson-Odom,1989-09-28,darius johnsonodom,203130,2012.0,2.0,55.0
6597,Terrence Jones,1992-01-09,terrence jones,203093,2012.0,1.0,18.0
6598,Perry Jones,1991-09-24,perry jones,203103,2012.0,1.0,28.0
6599,Kris Joseph,1988-12-17,kris joseph,203126,2012.0,2.0,51.0
6601,Michael Kidd-Gilchrist,1993-09-26,michael kiddgilchrist,203077,2012.0,1.0,2.0
6603,Jeremy Lamb,1992-05-30,jeremy lamb,203087,2012.0,1.0,12.0
6604,Doron Lamb,1991-11-06,doron lamb,203117,2012.0,2.0,42.0
6605,Meyers Leonard,1992-02-27,meyers leonard,203086,2012.0,1.0,11.0
6606,Damian Lillard,1990-07-15,damian lillard,203081,2012.0,1.0,6.0
6607,Kendall Marshall,1991-08-19,kendall marshall,203088,2012.0,1.0,13.0
6608,Fab Melo,1990-06-20,fab melo,203097,2012.0,1.0,22.0
6609,Khris Middleton,1991-08-12,khris middleton,203114,2012.0,2.0,39.0
6610,Darius Miller,1990-03-21,darius miller,203121,2012.0,2.0,46.0
6611,Quincy Miller,1992-11-18,quincy miller,203113,2012.0,2.0,38.0
6612,Arnett Moultrie,1990-11-18,arnett moultrie,203102,2012.0,1.0,27.0
6613,Kevin Murphy,1990-03-06,kevin murphy,203122,2012.0,2.0,47.0
6614,Andrew Nicholson,1989-12-08,andrew nicholson,203094,2012.0,1.0,19.0
6615,Kyle O'Quinn,1990-03-26,kyle oquinn,203124,2012.0,2.0,49.0
6616,Miles Plumlee,1988-09-01,miles plumlee,203101,2012.0,1.0,26.0
6617,Austin Rivers,1992-08-01,austin rivers,203085,2012.0,1.0,10.0
6618,Thomas Robinson,1991-03-17,thomas robinson,203080,2012.0,1.0,5.0
6619,Terrence Ross,1991-02-05,terrence ross,203082,2012.0,1.0,8.0
6620,Robert Sacre,1989-06-06,robert sacre,203135,2012.0,2.0,60.0
6622,Mike Scott,1988-07-16,mike scott,203118,2012.0,2.0,43.0
6623,Tornike Shengelia,1991-10-05,tornike shengelia,203129,2012.0,2.0,54.0
6624,Jared Sullinger,1992-03-04,jared sullinger,203096,2012.0,1.0,21.0
6625,Tyshawn Taylor,1990-04-12,tyshawn taylor,203116,2012.0,2.0,41.0
6626,Marquis Teague,1993-02-28,marquis teague,203104,2012.0,1.0,29.0
6628,Dion Waiters,1991-12-10,dion waiters,203079,2012.0,1.0,4.0
6629,Royce White,1991-04-10,royce white,203091,2012.0,1.0,16.0
6630,Tony Wroten,1993-04-13,tony wroten,203100,2012.0,1.0,25.0
6631,Tyler Zeller,1990-01-17,tyler zeller,203092,2012.0,1.0,17.0
6635,Chris Copeland,1984-03-17,chris copeland,203142,-1.0,-1.0,-1.0
6637,Kent Bazemore,1989-07-01,kent bazemore,203145,-1.0,-1.0,-1.0
6638,Maalik Wayns,1991-05-02,maalik wayns,203146,-1.0,-1.0,-1.0
6641,Brian Roberts,1985-12-03,brian roberts,203148,-1.0,-1.0,-1.0
6644,Scott Machado,1990-06-08,scott machado,203159,-1.0,-1.0,-1.0
6647,Henry Sims,1990-03-27,henry sims,203156,-1.0,-1.0,-1.0
6657,Ben Hansbrough,1987-12-23,ben hansbrough,203162,-1.0,-1.0,-1.0
6663,Diante Garrett,1988-11-03,diante garrett,203197,-1.0,-1.0,-1.0
6666,Chris Wright,1989-11-04,chris wright,203203,-1.0,-1.0,-1.0
2284101,Justin Holiday,1989-04-05,justin holiday,203200,-1.0,-1.0,-1.0
2308999,Tim Ohlbrecht,1988-08-30,tim ohlbrecht,203317,-1.0,-1.0,-1.0
2325490,DeQuan Jones,1990-06-20,dequan jones,203199,-1.0,-1.0,-1.0
2325975,Chris Johnson,1990-04-29,chris johnson,203187,-1.0,-1.0,-1.0
2326257,Kevin Jones,1989-08-25,kevin jones,203158,-1.0,-1.0,-1.0
2968439,Aron Baynes,1986-12-09,aron baynes,203382,-1.0,-1.0,-1.0
3969,Nick Calathes,1989-02-07,nick calathes,201979,2009.0,2.0,45.0
4025,Dionte Christmas,1986-09-15,dionte christmas,202091,-1.0,-1.0,-1.0
4311,Shane Edwards,1987-05-31,shane edwards,202197,-1.0,-1.0,-1.0
6503,Dwight Buycks,1989-03-06,dwight buycks,202779,-1.0,-1.0,-1.0
6590,Justin Hamilton,1990-04-01,justin hamilton,203120,2012.0,2.0,45.0
6602,Ognjen Kuzmic,1990-05-16,ognjen kuzmic,203136,2012.0,2.0,52.0
6634,Hollis Thompson,1991-04-03,hollis thompson,203138,-1.0,-1.0,-1.0
6639,Chris  Smith,1987-10-13,chris smith,203147,-1.0,-1.0,-1.0
2202117,Arinze Onuaku,1987-07-13,arinze onuaku,202620,-1.0,-1.0,-1.0
2326015,Willie Reed,1990-05-16,willie reed,203186,2011.0,0.0,0.0
2326307,Seth Curry,1990-08-23,seth curry,203552,-1.0,-1.0,-1.0
2326389,Chris Babb,1990-02-14,chris babb,203569,-1.0,-1.0,-1.0
2326411,James Nunnally,1990-07-14,james nunnally,203263,-1.0,-1.0,-1.0
2327107,Toure' Murry,1989-11-08,toure murry,203315,-1.0,-1.0,-1.0
2327449,Jorge Gutierrez,1988-12-27,jorge gutierrez,203268,-1.0,-1.0,-1.0
2328418,Scotty Hopson,1989-08-08,scotty hopson,203816,2011.0,0.0,0.0
2333797,Jeff Withey,1990-03-07,jeff withey,203481,2013.0,2.0,39.0
2488651,Ryan Kelly,1991-04-09,ryan kelly,203527,2013.0,2.0,48.0
2488653,Mason Plumlee,1990-03-05,mason plumlee,203486,2013.0,1.0,22.0
2488660,Glen Rice Jr.,1991-01-01,glen rice,203318,2013.0,2.0,35.0
2488706,Peyton Siva,1990-10-24,peyton siva,203491,2013.0,2.0,56.0
2488749,James Southerland,1990-04-28,james southerland,203480,-1.0,-1.0,-1.0
2488958,Solomon Hill,1991-03-18,solomon hill,203524,2013.0,1.0,23.0
2489010,Tony Mitchell,1989-08-07,tony mitchell,203183,-1.0,-1.0,-1.0
2489530,Troy Daniels,1991-07-15,troy daniels,203584,-1.0,-1.0,-1.0
2489563,DJ Stephens,1990-12-19,dj stephens,203474,-1.0,-1.0,-1.0
2489660,Elias Harris,1989-07-06,elias harris,203548,-1.0,-1.0,-1.0
2489663,Kelly Olynyk,1991-04-19,kelly olynyk,203482,2013.0,1.0,13.0
2489716,Matthew Dellavedova,1990-09-08,matthew dellavedova,203521,-1.0,-1.0,-1.0
2489785,Ian Clark,1991-03-07,ian clark,203546,-1.0,-1.0,-1.0
2490089,Mike Muscala,1991-07-01,mike muscala,203488,2013.0,2.0,44.0
2490144,Brandon Davies,1991-07-25,brandon davies,203561,-1.0,-1.0,-1.0
2490149,CJ McCollum,1991-09-19,cj mccollum,203468,2013.0,1.0,10.0
2490620,Robert Covington,1990-12-14,robert covington,203496,-1.0,-1.0,-1.0
2491079,Nate Wolters,1991-05-15,nate wolters,203489,2013.0,2.0,38.0
2527963,Victor Oladipo,1992-05-04,victor oladipo,203506,2013.0,1.0,2.0
2528210,Tim Hardaway Jr.,1992-03-16,tim hardaway,203501,2013.0,1.0,24.0
2528353,Tony Snell,1991-11-10,tony snell,203503,2013.0,1.0,20.0
2528447,Ray McCallum,1991-06-12,ray mccallum,203492,2013.0,2.0,36.0
2528779,Reggie Bullock Jr.,1991-03-16,reggie bullock,203493,2013.0,1.0,25.0
2528787,Lorenzo Brown,1990-08-26,lorenzo brown,203485,2013.0,2.0,52.0
2530596,Andre Roberson,1991-12-04,andre roberson,203460,2013.0,1.0,26.0
2530722,Phil Pressey,1991-02-17,phil pressey,203515,-1.0,-1.0,-1.0
2531039,Vander Blue,1992-07-17,vander blue,203505,-1.0,-1.0,-1.0
2531185,Carrick Felix,1990-08-17,carrick felix,203467,2013.0,2.0,33.0
2531210,Allen Crabbe,1992-04-09,allen crabbe,203459,2013.0,2.0,31.0
2534781,Gorgui Dieng,1990-01-18,gorgui dieng,203476,2013.0,1.0,21.0
2578213,Ben McLemore,1993-02-11,ben mclemore,203463,2013.0,1.0,7.0
2579258,Cody Zeller,1992-10-05,cody zeller,203469,2013.0,1.0,4.0
2579260,Trey Burke,1992-11-12,trey burke,203504,2013.0,1.0,9.0
2580913,Dewayne Dedmon,1989-08-12,dewayne dedmon,203473,-1.0,-1.0,-1.0
2581018,Kentavious Caldwell-Pope,1993-02-18,kentavious caldwellpope,203484,2013.0,1.0,8.0
2583664,Tony Mitchell,1992-04-07,tony mitchell,203502,2013.0,2.0,37.0
2585616,Pero Antic,1982-07-29,pero antic,203544,-1.0,-1.0,-1.0
2594922,Otto Porter Jr.,1993-06-03,otto porter,203490,2013.0,1.0,3.0
2595274,Adonis Thomas,1993-03-25,adonis thomas,203519,-1.0,-1.0,-1.0
2596107,Alex Len,1993-06-16,alex len,203458,2013.0,1.0,5.0
2596108,Michael Carter-Williams,1991-10-10,michael carterwilliams,203487,2013.0,1.0,11.0
2596158,Shane Larkin,1992-10-02,shane larkin,203499,2013.0,1.0,18.0
2959736,Nemanja Nedovic,1991-06-16,nemanja nedovic,203517,2013.0,1.0,30.0
2959745,Sergey Karasev,1993-10-26,sergey karasev,203508,2013.0,1.0,19.0
2991143,Ricky Ledo,1992-09-10,ricky ledo,203495,2013.0,2.0,43.0
2991235,Steven Adams,1993-07-20,steven adams,203500,2013.0,1.0,12.0
2991280,Nerlens Noel,1994-04-10,nerlens noel,203457,2013.0,1.0,6.0
2991281,Archie Goodwin,1994-08-17,archie goodwin,203462,2013.0,1.0,29.0
2991473,Anthony Bennett,1993-03-14,anthony bennett,203461,2013.0,1.0,1.0
2993875,Shabazz Muhammad,1992-11-13,shabazz muhammad,203498,2013.0,1.0,14.0
3032976,Rudy Gobert,1992-06-26,rudy gobert,203497,2013.0,1.0,27.0
3032977,Giannis Antetokounmpo,1994-12-06,giannis antetokounmpo,203507,2013.0,1.0,15.0
3032979,Dennis Schroder,1993-09-15,dennis schroder,203471,2013.0,1.0,17.0
3046453,Vitor Faverani,1988-05-05,vitor faverani,203543,-1.0,-1.0,-1.0
3047256,Miroslav Raduljica,1988-01-05,miroslav raduljica,203545,-1.0,-1.0,-1.0
4195,Kostas Papanikolaou,1990-07-31,kostas papanikolaou,203123,2012.0,2.0,48.0
4321,Elijah Millsap,1987-08-12,elijah millsap,202407,-1.0,-1.0,-1.0
6577,Furkan Aldemir,1991-08-09,furkan aldemir,203128,2012.0,2.0,53.0
2232456,Patrick Christopher,1988-06-03,patrick christopher,203565,-1.0,-1.0,-1.0
2282734,Kalin Lucas,1989-05-24,kalin lucas,203564,-1.0,-1.0,-1.0
2309097,Damjan Rudez,1986-06-17,damjan rudez,204014,-1.0,-1.0,-1.0
2325495,Larry Drew II,1990-03-05,larry drew,203580,-1.0,-1.0,-1.0
2327465,Drew Gordon,1990-07-12,drew gordon,204079,-1.0,-1.0,-1.0
2327577,JaMychal Green,1990-06-21,jamychal green,203210,-1.0,-1.0,-1.0
2488650,Andre Dawkins,1991-09-19,andre dawkins,203958,-1.0,-1.0,-1.0
2488673,David Wear,1990-09-21,david wear,204033,-1.0,-1.0,-1.0
2488674,Travis Wear,1990-09-21,travis wear,204037,-1.0,-1.0,-1.0
2488684,Erick Green,1991-05-09,erick green,203475,2013.0,2.0,46.0
2488689,Sean Kilpatrick,1990-01-06,sean kilpatrick,203930,-1.0,-1.0,-1.0
2488701,Jerrelle Benimon,1991-08-01,jerrelle benimon,203968,-1.0,-1.0,-1.0
2488713,Jack Cooley,1991-04-12,jack cooley,204022,-1.0,-1.0,-1.0
2488845,Cory Jefferson,1990-12-26,cory jefferson,203928,2014.0,2.0,60.0
2488945,Tim Frazier,1990-11-01,tim frazier,204025,-1.0,-1.0,-1.0
2488999,CJ Wilcox,1990-12-30,cj wilcox,203912,2014.0,1.0,28.0
2489897,Will Cherry,1991-02-08,will cherry,203805,-1.0,-1.0,-1.0
2491063,Shayne Whittington,1991-03-27,shayne whittington,203963,-1.0,-1.0,-1.0
2527968,Devyn Marble,1992-09-21,devyn marble,203906,2014.0,2.0,56.0
2528354,Cameron Bairstow,1990-12-07,cameron bairstow,203946,2014.0,2.0,49.0
2528355,Alex Kirk,1991-11-14,alex kirk,203945,-1.0,-1.0,-1.0
2528393,Tarik Black,1991-11-22,tarik black,204028,-1.0,-1.0,-1.0
2528426,Jordan Clarkson,1992-06-07,jordan clarkson,203903,2014.0,2.0,46.0
2528588,Doug McDermott,1992-01-03,doug mcdermott,203926,2014.0,1.0,11.0
2528794,Joe Harris,1991-09-06,joe harris,203925,2014.0,2.0,33.0
2528803,Jarell Eddie,1991-10-30,jarell eddie,204067,-1.0,-1.0,-1.0
2530276,Tyler Johnson,1992-05-07,tyler johnson,204020,-1.0,-1.0,-1.0
2530572,Langston Galloway,1991-12-09,langston galloway,204038,-1.0,-1.0,-1.0
2530750,Markel Brown,1992-01-29,markel brown,203900,2014.0,2.0,44.0
2530780,Shabazz Napier,1991-07-14,shabazz napier,203894,2014.0,1.0,24.0
2531038,Russ Smith,1991-04-19,russ smith,203893,2014.0,2.0,47.0
2531100,Adreian Payne,1991-02-19,adreian payne,203940,2014.0,1.0,15.0
2531352,Eric Moreland,1991-12-24,eric moreland,203961,-1.0,-1.0,-1.0
2531367,Dwight Powell,1991-07-20,dwight powell,203939,2014.0,2.0,45.0
2560823,Zoran Dragic,1989-06-22,zoran dragic,204054,-1.0,-1.0,-1.0
2566741,KJ McDaniels,1993-02-09,kj mcdaniels,203909,2014.0,2.0,32.0
2579321,James Ennis III,1990-07-01,james ennis,203516,2013.0,2.0,50.0
2580589,Nick Johnson,1992-12-22,nick johnson,203910,2014.0,2.0,42.0
2580782,Spencer Dinwiddie,1993-04-06,spencer dinwiddie,203915,2014.0,2.0,38.0
2580784,Jabari Brown,1992-12-18,jabari brown,203913,2014.0,,
2581084,Johnny O'Bryant III,1993-06-01,johnny obryant,203948,2014.0,2.0,36.0
2581177,Rodney Hood,1992-10-20,rodney hood,203918,2014.0,1.0,23.0
2583639,Elfrid Payton,1994-02-22,elfrid payton,203901,2014.0,1.0,10.0
2594816,P.J. Hairston,1992-12-24,pj hairston,203798,2014.0,1.0,26.0
2594818,James Michael McAdoo,1993-01-04,james michael mcadoo,203949,-1.0,-1.0,-1.0
2596402,Sim Bhullar,1992-12-02,sim bhullar,204021,-1.0,-1.0,-1.0
2608891,JaKarr Sampson,1993-03-20,jakarr sampson,203960,-1.0,-1.0,-1.0
2614962,Jarnell Stokes,1994-01-07,jarnell stokes,203950,2014.0,2.0,35.0
2959753,Joffrey Lauvergne,1991-09-30,joffrey lauvergne,203530,2013.0,2.0,55.0
2968436,Joe Ingles,1987-10-02,joe ingles,204060,-1.0,-1.0,-1.0
2982334,T.J. Warren,1993-09-05,tj warren,203933,2014.0,1.0,14.0
2990992,Marcus Smart,1994-03-06,marcus smart,203935,2014.0,1.0,6.0
2991009,Grant Jerrett,1993-07-08,grant jerrett,203511,2013.0,2.0,40.0
2991039,Glenn Robinson III,1994-01-08,glenn robinson,203922,2014.0,2.0,40.0
2991041,Mitch McGary,1992-06-06,mitch mcgary,203956,2014.0,1.0,21.0
2991042,Nik Stauskas,1993-10-07,nik stauskas,203917,2014.0,1.0,8.0
2991070,Jerami Grant,1994-03-12,jerami grant,203924,2014.0,2.0,39.0
2991227,Cleanthony Early,1991-04-17,cleanthony early,203921,2014.0,2.0,34.0
2993873,Jordan Adams,1994-07-08,jordan adams,203919,2014.0,1.0,22.0
2993874,Kyle Anderson,1993-09-20,kyle anderson,203937,2014.0,1.0,30.0
2999547,Gary Harris,1994-09-14,gary harris,203914,2014.0,1.0,19.0
3032980,Lucas Nogueira,1992-07-26,lucas nogueira,203512,2013.0,1.0,16.0
3056600,Jabari Parker,1995-03-15,jabari parker,203953,2014.0,1.0,2.0
3059281,Tyler Ennis,1994-08-24,tyler ennis,203898,2014.0,1.0,18.0
3059318,Joel Embiid,1994-03-16,joel embiid,203954,2014.0,1.0,3.0
3059319,Andrew Wiggins,1995-02-23,andrew wiggins,203952,2014.0,1.0,1.0
3064290,Aaron Gordon,1995-09-16,aaron gordon,203932,2014.0,1.0,4.0
3064440,Zach LaVine,1995-03-10,zach lavine,203897,2014.0,1.0,13.0
3064509,James Young,1995-08-16,james young,203923,2014.0,1.0,17.0
3064514,Julius Randle,1994-11-29,julius randle,203944,2014.0,1.0,7.0
3078284,Noah Vonleh,1995-08-24,noah vonleh,203943,2014.0,1.0,9.0
3102528,Dante Exum,1995-07-13,dante exum,203957,2014.0,1.0,5.0
3102529,Clint Capela,1994-05-18,clint capela,203991,2014.0,1.0,25.0
3102530,Jusuf Nurkic,1994-08-23,jusuf nurkic,203994,2014.0,1.0,16.0
3102534,Damien Inglis,1995-05-20,damien inglis,203996,2014.0,2.0,31.0
3113297,Bruno Caboclo,1995-09-21,bruno caboclo,203998,2014.0,1.0,20.0
3443,Sasha Kaun,1985-05-08,sasha kaun,201619,2008.0,2.0,56.0
4284,Tibor Pleiss,1989-11-02,tibor pleiss,202353,2010.0,2.0,31.0
2232862,Alex Stepheson,1987-08-07,alex stepheson,1627293,-1.0,-1.0,-1.0
2282117,John Holland,1988-11-06,john holland,204066,-1.0,-1.0,-1.0
2488721,Lamar Patterson,1991-08-12,lamar patterson,203934,2014.0,2.0,48.0
2528244,Duje Dukan,1991-12-04,duje dukan,1626251,-1.0,-1.0,-1.0
2528374,J.J. O'Brien,1992-04-08,jj obrien,1626266,-1.0,-1.0,-1.0
2528386,Joe Young,1992-06-27,joe young,1626202,2015.0,2.0,43.0
2530530,T.J. McConnell,1992-03-25,tj mcconnell,204456,2015.0,0.0,
2531047,Jerian Grant,1992-10-09,jerian grant,1626170,2015.0,1.0,19.0
2531097,Keith Appling,1992-02-13,keith appling,203951,-1.0,-1.0,-1.0
2531362,Anthony Brown,1992-10-10,anthony brown,1626148,2015.0,2.0,34.0
2531364,Josh Huestis,1991-12-19,josh huestis,203962,2014.0,1.0,29.0
2531797,Jordan McRae,1991-03-28,jordan mcrae,203895,2014.0,2.0,58.0
2578239,Pat Connaughton,1993-01-06,pat connaughton,1626192,2015.0,2.0,41.0
2578259,Darrun Hilliard,1993-04-13,darrun hilliard,1626199,2015.0,2.0,38.0
2579294,Frank Kaminsky,1993-04-04,frank kaminsky,1626163,2015.0,1.0,9.0
2579326,Alan Williams,1993-01-28,alan williams,1626210,-1.0,-1.0,-1.0
2579466,Jonathon Simmons,1989-09-14,jonathon simmons,203613,2012.0,0.0,0.0
2580365,Larry Nance Jr.,1993-01-01,larry nance,1626204,2015.0,1.0,27.0
2581190,Josh Richardson,1993-09-15,josh richardson,1626196,2015.0,2.0,40.0
2595211,Branden Dawson,1993-02-01,branden dawson,1626183,2015.0,2.0,56.0
2595229,Briante Weber,1992-12-29,briante weber,1627362,-1.0,-1.0,-1.0
2595516,Norman Powell,1993-05-25,norman powell,1626181,2015.0,2.0,46.0
2596110,Rakeem Christmas,1991-12-01,rakeem christmas,1626176,2015.0,2.0,36.0
2968361,Raul Neto,1992-05-19,raul neto,203526,2013.0,2.0,47.0
2968458,Salah Mejri,1986-06-15,salah mejri,1626257,-1.0,-1.0,-1.0
2982340,Justin Anderson,1993-11-19,justin anderson,1626147,2015.0,1.0,21.0
2983512,Xavier Munford,1992-06-01,xavier munford,204098,2014.0,,
2983727,RJ Hunter,1993-10-24,rj hunter,1626154,2015.0,1.0,28.0
2991055,Montrezl Harrell,1994-01-26,montrezl harrell,1626149,2015.0,2.0,32.0
2991134,Coty Clarke,1992-07-04,coty clarke,1626262,-1.0,-1.0,-1.0
2991282,Willie Cauley-Stein,1993-08-18,willie cauleystein,1626161,2015.0,1.0,6.0
2991475,Bryce Dejean-Jones,1992-08-21,bryce dejeanjones,1626214,-1.0,-1.0,-1.0
2993370,Richaun Holmes,1993-10-15,richaun holmes,1626158,2015.0,2.0,37.0
3033031,Edy Tavares,1992-03-22,edy tavares,204002,2014.0,2.0,43.0
3037805,Axel Toupane,1992-07-23,axel toupane,1626253,-1.0,-1.0,-1.0
3058254,Christian Wood,1995-09-27,christian wood,1626174,-1.0,-1.0,-1.0
3064230,Cameron Payne,1994-08-08,cameron payne,1626166,2015.0,1.0,14.0
3064447,Delon Wright,1992-04-26,delon wright,1626153,2015.0,1.0,20.0
3064482,Bobby Portis,1995-02-10,bobby portis,1626171,2015.0,1.0,22.0
3064510,Aaron Harrison,1994-10-28,aaron harrison,1626151,-1.0,-1.0,-1.0
3064517,Jarell Martin,1994-05-24,jarell martin,1626185,2015.0,1.0,25.0
3064520,Jordan Mickey,1994-07-09,jordan mickey,1626175,2015.0,2.0,33.0
3074752,Terry Rozier,1994-03-17,terry rozier,1626179,2015.0,1.0,16.0
3102531,Kristaps Porzingis,1995-08-02,kristaps porzingis,204001,2015.0,1.0,4.0
3102533,Thanasis Antetokounmpo,1992-07-18,thanasis antetokounmpo,203648,2014.0,2.0,51.0
3112335,Nikola Jokic,1995-02-19,nikola jokic,203999,2014.0,2.0,41.0
3133600,Cliff Alexander,1995-11-16,cliff alexander,1626146,-1.0,-1.0,-1.0
3133603,Kelly Oubre Jr.,1995-12-09,kelly oubre,1626162,2015.0,1.0,15.0
3133628,Myles Turner,1996-03-24,myles turner,1626167,2015.0,1.0,11.0
3134881,Stanley Johnson,1996-05-29,stanley johnson,1626169,2015.0,1.0,8.0
3135046,Tyus Jones,1996-05-10,tyus jones,1626145,2015.0,1.0,24.0
3135047,Justise Winslow,1996-03-26,justise winslow,1626159,2015.0,1.0,10.0
3135048,Jahlil Okafor,1995-12-15,jahlil okafor,1626143,2015.0,1.0,3.0
3136193,Devin Booker,1996-10-30,devin booker,1626164,2015.0,1.0,13.0
3136195,Karl-Anthony Towns,1995-11-15,karlanthony towns,1626157,2015.0,1.0,1.0
3136196,Trey Lyles,1995-11-05,trey lyles,1626168,2015.0,1.0,12.0
3136776,D'Angelo Russell,1996-02-23,dangelo russell,1626156,2015.0,1.0,2.0
3137733,Rashad Vaughn,1996-08-16,rashad vaughn,1626173,2015.0,1.0,17.0
3153165,Chris McCullough,1995-02-05,chris mccullough,1626191,2015.0,1.0,29.0
3155535,Kevon Looney,1996-02-06,kevon looney,1626172,2015.0,1.0,30.0
3892818,Emmanuel Mudiay,1996-03-05,emmanuel mudiay,1626144,2015.0,1.0,7.0
3911666,Luis Montero,1993-04-06,luis montero,1626242,-1.0,-1.0,-1.0
6426,Davis Bertans,1992-11-12,davis bertans,202722,2011.0,2.0,42.0
6621,Tomas Satoransky,1991-10-30,tomas satoransky,203107,2012.0,2.0,32.0
2234666,Jonathan Gibson,1987-11-08,jonathan gibson,1626780,-1.0,-1.0,-1.0
2282205,Malcolm Delaney,1989-03-11,malcolm delaney,1627098,-1.0,-1.0,-1.0
2488826,Rodney McGruder,1991-07-29,rodney mcgruder,203585,-1.0,-1.0,-1.0
2528473,Okaro White,1992-08-13,okaro white,1627855,-1.0,-1.0,-1.0
2566745,Quinn Cook,1993-03-23,quinn cook,1626188,-1.0,-1.0,-1.0
2566747,Michael Gbinije,1992-06-05,michael gbinije,1627771,2016.0,2.0,49.0
2566748,Marshall Plumlee,1992-07-14,marshall plumlee,1627850,-1.0,-1.0,-1.0
2566769,Malcolm Brogdon,1992-12-11,malcolm brogdon,1627763,2016.0,2.0,36.0
2578185,Dorian Finney-Smith,1993-05-04,dorian finneysmith,1627827,-1.0,-1.0,-1.0
2579293,Jarrod Uthoff,1993-05-19,jarrod uthoff,1627784,-1.0,-1.0,-1.0
2580349,Ron Baker,1993-03-30,ron baker,1627758,-1.0,-1.0,-1.0
2580898,Chasson Randle,1993-02-05,chasson randle,1626184,2015.0,-22.0,-22.0
2581029,Kyle Wiltjer,1992-10-20,kyle wiltjer,1627787,-1.0,-1.0,-1.0
2581180,Shawn Long,1993-01-29,shawn long,1627848,-1.0,-1.0,-1.0
2594885,Sheldon Mac,1992-12-21,sheldon mac,1627815,2016.0,,
2595231,Treveon Graham,1993-10-28,treveon graham,1626203,-1.0,-1.0,-1.0
2982261,Marcus Georges-Hunt,1994-03-28,marcus georgeshunt,1627875,-1.0,-1.0,-1.0
2982268,Jake Layman,1994-03-07,jake layman,1627774,2016.0,2.0,47.0
2982330,Brice Johnson,1994-06-27,brice johnson,1627744,2016.0,1.0,25.0
2982337,Mike Tobey,1994-10-10,mike tobey,1627861,-1.0,-1.0,-1.0
2982506,Patricio Garino,1993-05-17,patricio garino,1627868,-1.0,-1.0,-1.0
2983526,Semaj Christon,1992-11-01,semaj christon,203902,2014.0,2.0,55.0
2983551,Joel Bolomboy,1994-01-28,joel bolomboy,1627762,2016.0,2.0,52.0
2990962,Taurean Prince,1994-03-22,taurean prince,1627752,2016.0,1.0,12.0
2990969,Georges Niang,1993-06-17,georges niang,1627777,2016.0,2.0,50.0
2990984,Buddy Hield,1992-12-17,buddy hield,1627741,2016.0,1.0,6.0
2991018,Yogi Ferrell,1993-05-09,yogi ferrell,1627812,-1.0,-1.0,-1.0
2991043,Caris LeVert,1994-08-25,caris levert,1627747,2016.0,1.0,20.0
2991050,Daniel Ochefu,1993-12-15,daniel ochefu,1627849,-1.0,-1.0,-1.0
2991139,Kris Dunn,1994-03-18,kris dunn,1627739,2016.0,1.0,5.0
2991155,Danuel House Jr.,1993-06-07,danuel house,1627863,-1.0,-1.0,-1.0
2991178,AJ Hammons,1992-08-27,aj hammons,1627773,2016.0,2.0,46.0
2991230,Fred VanVleet,1994-02-25,fred vanvleet,1627832,-1.0,-1.0,-1.0
2991283,Alex Poythress,1993-09-06,alex poythress,1627816,-1.0,-1.0,-1.0
2994526,Bryn Forbes,1993-07-23,bryn forbes,1627854,-1.0,-1.0,-1.0
2995702,Alex Abrines,1993-08-01,alex abrines,203518,2013.0,2.0,32.0
2999409,Willy Hernangomez,1994-05-27,willy hernangomez,1626195,2015.0,2.0,35.0
2999549,Denzel Valentine,1993-11-16,denzel valentine,1627756,2016.0,1.0,14.0
3032978,Dario Saric,1994-04-08,dario saric,203967,2014.0,1.0,12.0
3059273,Demetrius Jackson,1994-09-07,demetrius jackson,1627743,2016.0,2.0,45.0
3059336,Isaiah Taylor,1994-07-11,isaiah taylor,1627819,2016.0,-22.0,-22.0
3062667,DeAndre' Bembry,1994-07-04,deandre bembry,1627761,2016.0,1.0,21.0
3062744,David Nwaba,1993-01-14,david nwaba,1628021,-1.0,-1.0,-1.0
3062892,Kay Felder,1995-03-29,kay felder,1627770,2016.0,2.0,54.0
3063982,Maurice Ndour,1992-06-18,maurice ndour,1626254,-1.0,-1.0,-1.0
3064511,Andrew Harrison,1994-10-28,andrew harrison,1626150,2015.0,2.0,44.0
3064559,Damian Jones,1995-06-30,damian jones,1627745,2016.0,1.0,30.0
3078286,Troy Williams,1994-12-30,troy williams,1627786,-1.0,-1.0,-1.0
3134903,Gary Payton II,1992-12-01,gary payton,1627780,-1.0,-1.0,-1.0
3134908,Jakob Poeltl,1995-10-15,jakob poeltl,1627751,2016.0,1.0,9.0
3136194,Tyler Ulis,1996-01-05,tyler ulis,1627755,2016.0,2.0,34.0
3136469,Ben Bentil,1995-03-29,ben bentil,1627791,2016.0,2.0,51.0
3136477,Isaiah Whitehead,1995-03-08,isaiah whitehead,1627785,2016.0,2.0,42.0
3136696,Wade Baldwin IV,1996-03-29,wade baldwin,1627735,2016.0,1.0,17.0
3137730,Patrick McCaw,1995-10-25,patrick mccaw,1627775,2016.0,2.0,38.0
3138120,Mindaugas Kuzminskas,1989-10-19,mindaugas kuzminskas,1627851,-1.0,-1.0,-1.0
3147366,Chinanu Onuaku,1996-11-01,chinanu onuaku,1627778,2016.0,2.0,37.0
3149673,Pascal Siakam,1994-04-02,pascal siakam,1627783,2016.0,1.0,27.0
3155942,Domantas Sabonis,1996-05-03,domantas sabonis,1627734,2016.0,1.0,11.0
3893019,Timothe Luwawu-Cabarrot,1995-05-09,timothe luwawucabarrot,1627789,2016.0,1.0,24.0
3893023,Paul Zipser,1994-02-18,paul zipser,1627835,2016.0,2.0,48.0
3906522,Henry Ellenson,1997-01-13,henry ellenson,1627740,2016.0,1.0,18.0
3907487,Marquese Chriss,1997-07-02,marquese chriss,1627737,2016.0,1.0,8.0
3907497,Dejounte Murray,1996-09-19,dejounte murray,1627749,2016.0,1.0,29.0
3907822,Malik Beasley,1996-11-26,malik beasley,1627736,2016.0,1.0,19.0
3913176,Brandon Ingram,1997-09-02,brandon ingram,1627742,2016.0,1.0,2.0
3917376,Jaylen Brown,1996-10-24,jaylen brown,1627759,2016.0,1.0,3.0
3919335,Cheick Diallo,1996-09-13,cheick diallo,1627767,2016.0,2.0,33.0
3924880,Diamond Stone,1997-02-10,diamond stone,1627754,2016.0,2.0,40.0
3929314,Nicolas Brussino,1993-03-02,nicolas brussino,1627852,-1.0,-1.0,-1.0
3934663,Malachi Richardson,1996-01-05,malachi richardson,1627781,2016.0,1.0,22.0
3936099,Derrick Jones Jr.,1997-02-15,derrick jones,1627884,-1.0,-1.0,-1.0
3936102,Stephen Zimmerman,1996-09-09,stephen zimmerman,1627757,2016.0,2.0,41.0
3936296,Skal Labissiere,1996-03-18,skal labissiere,1627746,2016.0,1.0,28.0
3936299,Jamal Murray,1997-02-23,jamal murray,1627750,2016.0,1.0,7.0
3937101,Deyonta Davis,1996-12-02,deyonta davis,1627738,2016.0,2.0,31.0
4011991,Dragan Bender,1997-11-17,dragan bender,1627733,2016.0,1.0,4.0
4017837,Ivica Zubac,1997-03-18,ivica zubac,1627826,2016.0,2.0,32.0
4017839,Juancho Hernangomez,1995-09-28,juancho hernangomez,1627823,2016.0,1.0,15.0
4017843,Thon Maker,1997-02-25,thon maker,1627748,2016.0,1.0,10.0
4017846,Georgios Papagiannis,1997-07-03,georgios papagiannis,1627834,2016.0,1.0,13.0
4064730,Tim Quarterman,1994-10-27,tim quarterman,1627817,2016.0,-22.0,-22.0
2141179,Andre Ingram,1985-11-19,andre ingram,201281,-1.0,-1.0,-1.0
2198243,Aaron Jackson,1986-05-06,aaron jackson,1628935,-1.0,-1.0,-1.0
2282622,Jacob Pullen,1989-11-10,jacob pullen,1626643,-1.0,-1.0,-1.0
2325499,C.J. Williams,1990-02-06,cj williams,203710,2012.0,0.0,0.0
2327832,Trey McKinney-Jones,1990-08-27,trey mckinneyjones,203590,-1.0,-1.0,-1.0
2451037,Daniel Theis,1992-04-04,daniel theis,1628464,-1.0,-1.0,-1.0
2488911,Brandon Paul,1991-04-30,brandon paul,203464,-1.0,-1.0,-1.0
2488938,Reggie Hearn,1991-08-14,reggie hearn,203687,2013.0,0.0,0.0
2488977,Jamil Wilson,1990-11-21,jamil wilson,203966,-1.0,-1.0,-1.0
2528096,Mike James,1990-08-18,mike james,1628455,-1.0,-1.0,-1.0
2528327,Kyle Collinsworth,1991-10-03,kyle collinsworth,1627858,2016.0,,
2528586,Walt Lemon Jr.,1992-07-26,walt lemon,1627215,2014.0,,
2528693,Torrey Craig,1990-12-19,torrey craig,1628470,-1.0,-1.0,-1.0
2530923,Alfonzo McKinnie,1992-09-17,alfonzo mckinnie,1628035,-1.0,-1.0,-1.0
2578240,Khem Birch,1992-09-28,khem birch,203920,-1.0,-1.0,-1.0
2579251,Myke Henry,1992-12-23,myke henry,1627988,2016.0,,
2579476,Jalen Jones,1993-05-27,jalen jones,1627883,2016.0,,
2580980,Malcolm Miller,1993-03-06,malcolm miller,1626259,-1.0,-1.0,-1.0
2583632,Royce O'Neale,1993-06-05,royce oneale,1626220,-1.0,-1.0,-1.0
2595209,Damion Lee,1992-10-21,damion lee,1627814,-1.0,-1.0,-1.0
2595435,Abdel Nader,1993-09-25,abdel nader,1627846,2016.0,2.0,58.0
2960236,Maxi Kleber,1992-01-29,maxi kleber,1628467,-1.0,-1.0,-1.0
2982185,Jameel Warney,1994-01-31,jameel warney,1627866,-1.0,-1.0,-1.0
2982249,Amile Jefferson,1993-05-07,amile jefferson,1628518,2017.0,-22.0,-22.0
2982329,Marcus Paige,1993-09-11,marcus paige,1627779,2016.0,2.0,55.0
2982332,Rodney Purvis,1994-02-14,rodney purvis,1628681,-1.0,-1.0,-1.0
2982349,Tyler Cavanaugh,1994-02-09,tyler cavanaugh,1628463,-1.0,-1.0,-1.0
2988387,Charles Cooke,1994-07-01,charles cooke,1628429,-1.0,-1.0,-1.0
2990968,Naz Mitrou-Long,1993-08-03,naz mitroulong,1628513,-1.0,-1.0,-1.0
2990972,Andrew White III,1993-06-16,andrew white,1628510,2017.0,,
2991047,Ryan Arcidiacono,1994-03-26,ryan arcidiacono,1627853,-1.0,-1.0,-1.0
2991054,Mangok Mathiang,1992-10-08,mangok mathiang,1628493,-1.0,-1.0,-1.0
2991149,Damyean Dotson,1994-05-06,damyean dotson,1628422,2017.0,2.0,44.0
2991274,Shaquille Harrison,1993-10-06,shaquille harrison,1627885,-1.0,-1.0,-1.0
2991295,Matt Williams Jr.,1993-10-14,matt williams,1628475,-1.0,-1.0,-1.0
2991350,Alex Caruso,1994-02-28,alex caruso,1627936,-1.0,-1.0,-1.0
2992564,Milton Doyle,1993-10-31,milton doyle,1628495,2017.0,,
2994165,Erik McCree,1993-12-20,erik mccree,1628571,-1.0,-1.0,-1.0
2995079,Jacob Wiley,1994-09-04,jacob wiley,1628451,-1.0,-1.0,-1.0
2999546,Matt Costello,1993-08-05,matt costello,1627856,-1.0,-1.0,-1.0
3001308,Josh Gray,1993-09-09,josh gray,1627982,-1.0,-1.0,-1.0
3002137,Tyrone Wallace,1994-06-10,tyrone wallace,1627820,2016.0,2.0,60.0
3056273,Derrick Walton Jr.,1995-04-03,derrick walton,1628476,-1.0,-1.0,-1.0
3056602,Semi Ojeleye,1994-12-05,semi ojeleye,1628400,2017.0,2.0,37.0
3057187,Sterling Brown,1995-02-10,sterling brown,1628425,2017.0,2.0,46.0
3057189,Ben Moore,1995-05-13,ben moore,1628500,-1.0,-1.0,-1.0
3059247,Xavier Rathan-Mayes,1994-04-29,xavier rathanmayes,1628504,2017.0,,
3059262,Davon Reed,1995-06-11,davon reed,1628432,2017.0,2.0,32.0
3059276,Jamel Artis,1993-01-12,jamel artis,1628503,-1.0,-1.0,-1.0
3059286,London Perrantes,1994-10-03,london perrantes,1628506,2017.0,,
3059306,Johnathan Motley,1995-05-04,johnathan motley,1628405,-1.0,-1.0,-1.0
3059310,Monte Morris,1995-06-27,monte morris,1628420,2017.0,2.0,51.0
3059315,Frank Mason III,1994-04-03,frank mason,1628412,2017.0,2.0,34.0
3062679,Josh Hart,1995-03-06,josh hart,1628404,2017.0,1.0,30.0
3062897,Alec Peters,1995-04-13,alec peters,1628409,2017.0,2.0,54.0
3064237,Antonius Cleveland,1994-02-02,antonius cleveland,1628499,-1.0,-1.0,-1.0
3064308,Jabari Bird,1994-07-03,jabari bird,1628444,2017.0,2.0,56.0
3064427,Jordan Bell,1995-01-07,jordan bell,1628395,2017.0,2.0,38.0
3064516,Dakari Johnson,1995-09-22,dakari johnson,1626177,2015.0,2.0,48.0
3064560,Luke Kornet,1995-07-15,luke kornet,1628436,-1.0,-1.0,-1.0
3074797,Wes Iwundu,1994-12-20,wes iwundu,1628411,2017.0,2.0,33.0
3078576,Derrick White,1994-07-02,derrick white,1628401,2017.0,1.0,29.0
3079021,James Webb III,1993-08-19,james webb,1627821,2016.0,,
3134880,Kadeem Allen,1993-01-15,kadeem allen,1628443,2017.0,2.0,53.0
3134907,Kyle Kuzma,1995-07-24,kyle kuzma,1628398,2017.0,1.0,27.0
3136485,Edmond Sumner,1995-12-31,edmond sumner,1628410,2017.0,2.0,52.0
3136491,D.J. Wilson,1996-02-19,dj wilson,1628391,2017.0,1.0,17.0
3137694,Gian Clavell,1993-11-26,gian clavell,1628492,-1.0,-1.0,-1.0
3137798,Devin Robinson,1995-03-07,devin robinson,1628421,2017.0,,
3138156,Justin Jackson,1995-03-28,justin jackson,1628382,2017.0,1.0,15.0
3147351,Daniel Hamilton,1995-08-08,daniel hamilton,1627772,2016.0,2.0,56.0
3155526,Dillon Brooks,1996-01-22,dillon brooks,1628415,2017.0,2.0,45.0
3892894,Zhou Qi,1996-01-16,zhou qi,1627753,2016.0,2.0,43.0
3893016,Cedi Osman,1995-04-08,cedi osman,1626224,2015.0,2.0,31.0
3906671,Caleb Swanigan,1997-04-18,caleb swanigan,1628403,2017.0,1.0,26.0
3907386,Antonio Blakeney,1996-10-04,antonio blakeney,1628469,-1.0,-1.0,-1.0
3907387,Ben Simmons,1996-07-20,ben simmons,1627732,2016.0,1.0,1.0
3907821,Dwayne Bacon,1995-08-30,dwayne bacon,1628407,2017.0,2.0,40.0
3908809,Donovan Mitchell,1996-09-07,donovan mitchell,1628378,2017.0,1.0,13.0
3908845,John Collins,1997-09-23,john collins,1628381,2017.0,1.0,19.0
3912332,Justin Patton,1997-06-14,justin patton,1628383,2017.0,1.0,16.0
3912854,Jawun Evans,1996-07-26,jawun evans,1628393,2017.0,2.0,39.0
3913174,Luke Kennard,1996-06-24,luke kennard,1628379,2017.0,1.0,12.0
3917378,Ivan Rabb,1997-02-04,ivan rabb,1628397,2017.0,2.0,35.0
3923250,PJ Dozier,1996-10-25,pj dozier,1628408,-1.0,-1.0,-1.0
3929325,Furkan Korkmaz,1997-07-24,furkan korkmaz,1627788,2016.0,1.0,26.0
3934662,Tyler Lydon,1996-04-09,tyler lydon,1628399,2017.0,1.0,24.0
3934719,OG Anunoby,1997-07-17,og anunoby,1628384,2017.0,1.0,23.0
3934723,Thomas Bryant,1997-07-31,thomas bryant,1628418,2017.0,2.0,42.0
3948153,Chris Boucher,1993-01-11,chris boucher,1628449,-1.0,-1.0,-1.0
3952343,Jaylen Morris,1995-09-19,jaylen morris,1628537,-1.0,-1.0,-1.0
4017838,Ante Zizic,1997-01-04,ante zizic,1627790,2016.0,1.0,23.0
4017844,Guerschon Yabusele,1995-12-17,guerschon yabusele,1627824,2016.0,1.0,16.0
4064727,Josh Magette,1989-11-28,josh magette,203705,2012.0,0.0,0.0
4065648,Jayson Tatum,1998-03-03,jayson tatum,1628369,2017.0,1.0,3.0
4065651,Frank Jackson,1998-05-04,frank jackson,1628402,2017.0,2.0,31.0
4065654,Jonathan Isaac,1997-10-03,jonathan isaac,1628371,2017.0,1.0,6.0
4065673,Tony Bradley,1998-01-08,tony bradley,1628396,2017.0,1.0,28.0
4065697,Dennis Smith Jr.,1997-11-25,dennis smith,1628372,2017.0,1.0,9.0
4066259,De'Aaron Fox,1997-12-20,deaaron fox,1628368,2017.0,1.0,5.0
4066261,Bam Adebayo,1997-07-18,bam adebayo,1628389,2017.0,1.0,14.0
4066262,Malik Monk,1998-02-04,malik monk,1628370,2017.0,1.0,11.0
4066297,Josh Jackson,1997-02-10,josh jackson,1628367,2017.0,1.0,4.0
4066328,Jarrett Allen,1998-04-21,jarrett allen,1628386,2017.0,1.0,22.0
4066335,Kobi Simmons,1997-07-04,kobi simmons,1628424,-1.0,-1.0,-1.0
4066336,Lauri Markkanen,1997-05-22,lauri markkanen,1628374,2017.0,1.0,7.0
4066421,Lonzo Ball,1997-10-27,lonzo ball,1628366,2017.0,1.0,2.0
4066424,Ike Anigbogu,1998-10-16,ike anigbogu,1628387,2017.0,2.0,47.0
4066425,T.J. Leaf,1997-04-30,tj leaf,1628388,2017.0,1.0,18.0
4066636,Markelle Fultz,1998-05-29,markelle fultz,1628365,2017.0,1.0,1.0
4066650,Zach Collins,1997-11-19,zach collins,1628380,2017.0,1.0,10.0
4230546,Terrance Ferguson,1998-05-17,terrance ferguson,1628390,2017.0,1.0,21.0
4230547,Frank Ntilikina,1998-07-28,frank ntilikina,1628373,2017.0,1.0,8.0
6507,Brad Wanamaker,1989-07-25,brad wanamaker,202954,-1.0,-1.0,-1.0
2489693,Ryan Broekhoff,1990-08-23,ryan broekhoff,1629151,-1.0,-1.0,-1.0
2579279,Jordan Sibert,1992-08-01,jordan sibert,1626296,2015.0,,
2579492,Julian Washburn,1991-12-18,julian washburn,1627395,2015.0,,
2585637,Dairis Bertans,1989-09-09,dairis bertans,1629541,-1.0,-1.0,-1.0
2595592,Jordan Loyd,1993-07-27,jordan loyd,1628070,-1.0,-1.0,-1.0
2982240,Jaron Blossomgame,1993-09-16,jaron blossomgame,1628417,2017.0,2.0,59.0
2991255,Michael Frazier II,1994-03-08,michael frazier,1626187,-1.0,-1.0,-1.0
2992257,Tahjere McCall,1994-08-17,tahjere mccall,1628769,2017.0,0.0,-22.0
3001309,Dusty Hannahs,1993-09-02,dusty hannahs,1628605,2017.0,,
3057198,Brandon Goodwin,1995-10-02,brandon goodwin,1629164,-1.0,-1.0,-1.0
3058269,Joe Chealey,1995-11-01,joe chealey,1629147,2018.0,,
3059280,BJ Johnson,1995-12-21,bj johnson,1629168,-1.0,-1.0,-1.0
3059356,Billy Garrett Jr.,1994-10-16,billy garrett,1628656,-1.0,-1.0,-1.0
3059358,Deonte Burton,1994-01-31,deonte burton,1629126,-1.0,-1.0,-1.0
3059430,Zach Lofton,1992-11-18,zach lofton,1629155,-1.0,-1.0,-1.0
3064320,George King,1994-01-15,george king,1628994,2018.0,2.0,59.0
3064528,Johnathan Williams,1995-05-22,johnathan williams,1629140,-1.0,-1.0,-1.0
3074743,Troy Caupain,1995-11-29,troy caupain,1628505,-1.0,-1.0,-1.0
3129674,Donte Grantham,1995-03-19,donte grantham,1629055,2018.0,,
3132042,Gary Clark,1994-11-16,gary clark,1629109,-1.0,-1.0,-1.0
3133601,Devonte' Graham,1995-02-22,devonte graham,1628984,2018.0,2.0,34.0
3133602,Svi Mykhailiuk,1997-06-10,svi mykhailiuk,1629004,2018.0,2.0,47.0
3133626,Kenrich Williams,1994-12-02,kenrich williams,1629026,-1.0,-1.0,-1.0
3133635,Jevon Carter,1995-09-14,jevon carter,1628975,2018.0,2.0,32.0
3133838,Yuta Watanabe,1994-10-13,yuta watanabe,1629139,-1.0,-1.0,-1.0
3133843,Jared Terrell,1995-02-10,jared terrell,1629123,-1.0,-1.0,-1.0
3133874,Jaylen Adams,1996-05-04,jaylen adams,1629121,-1.0,-1.0,-1.0
3135045,Grayson Allen,1995-10-08,grayson allen,1628960,2018.0,1.0,21.0
3136183,Yante Maten,1996-08-14,yante maten,1628999,2018.0,,
3136479,Angel Delgado,1994-11-20,angel delgado,1629116,2018.0,,
3136481,Trevon Bluiett,1994-11-04,trevon bluiett,1629129,2018.0,,
3136483,J.P. Macura,1995-06-05,jp macura,1629122,2018.0,,
3136779,Keita Bates-Diop,1996-01-23,keita batesdiop,1628966,2018.0,2.0,48.0
3136989,Vincent Edwards,1996-04-05,vincent edwards,1629053,2018.0,2.0,52.0
3137795,Chris Chiozza,1995-11-21,chris chiozza,1629185,-1.0,-1.0,-1.0
3138154,Theo Pinson,1995-11-05,theo pinson,1629033,-1.0,-1.0,-1.0
3138192,Bonzie Colson,1996-01-12,bonzie colson,1629045,-1.0,-1.0,-1.0
3138256,DeVaughn Akoon-Purcell,1993-06-05,devaughn akoonpurcell,1629152,2016.0,,
3147657,Mikal Bridges,1996-08-30,mikal bridges,1628969,2018.0,1.0,10.0
3149010,Chandler Hutchison,1996-04-26,chandler hutchison,1628990,2018.0,1.0,22.0
3150844,Moritz Wagner,1997-04-26,moritz wagner,1629021,2018.0,1.0,25.0
3155533,Jonah Bolden,1996-01-02,jonah bolden,1628413,2017.0,2.0,36.0
3155536,Thomas Welsh,1996-02-03,thomas welsh,1629118,2018.0,2.0,58.0
3157465,Duncan Robinson,1994-04-22,duncan robinson,1629130,-1.0,-1.0,-1.0
3907385,Brandon Sampson,1997-05-01,brandon sampson,1629102,2018.0,,
3907525,Allonzo Trier,1996-01-17,allonzo trier,1629019,2018.0,,
3908806,Ray Spalding,1997-03-11,ray spalding,1629034,2018.0,2.0,56.0
3908807,Deng Adel,1997-02-01,deng adel,1629061,2018.0,,
3912334,Khyri Thomas,1996-05-08,khyri thomas,1629017,2018.0,2.0,38.0
3913546,Melvin Frazier Jr.,1996-08-30,melvin frazier,1628982,2018.0,2.0,35.0
3914044,Landry Shamet,1997-03-13,landry shamet,1629013,2018.0,1.0,26.0
3914283,Chimezie Metu,1997-03-22,chimezie metu,1629002,2018.0,2.0,49.0
3914285,Drew Eubanks,1997-02-01,drew eubanks,1629234,-1.0,-1.0,-1.0
3915195,Shake Milton,1996-09-26,shake milton,1629003,2018.0,2.0,54.0
3922230,Aaron Holiday,1996-09-30,aaron holiday,1628988,2018.0,1.0,23.0
3926491,Isaac Humphries,1998-01-05,isaac humphries,1629353,2017.0,,
3934621,Jacob Evans,1997-06-18,jacob evans,1628980,2018.0,1.0,28.0
3934670,Marcus Derrickson,1996-02-01,marcus derrickson,1629094,-1.0,-1.0,-1.0
3934672,Jalen Brunson,1996-08-31,jalen brunson,1628973,2018.0,2.0,33.0
3934673,Donte DiVincenzo,1997-01-31,donte divincenzo,1628978,2018.0,1.0,17.0
3936294,Isaiah Briscoe,1996-04-13,isaiah briscoe,1628515,-1.0,-1.0,-1.0
3943606,Jerome Robinson,1997-02-22,jerome robinson,1629010,2018.0,1.0,13.0
3947078,Tyler Davis,1997-05-22,tyler davis,1629093,-1.0,-1.0,-1.0
4065649,Harry Giles III,1998-04-22,harry giles,1628385,2017.0,1.0,20.0
4065663,Josh Okogie,1998-09-01,josh okogie,1629006,2018.0,1.0,20.0
4065670,Bruce Brown,1996-08-15,bruce brown,1628971,2018.0,2.0,42.0
4066211,Robert Williams III,1997-10-17,robert williams,1629057,2018.0,1.0,27.0
4066264,Wenyen Gabriel,1997-03-26,wenyen gabriel,1629117,-1.0,-1.0,-1.0
4066334,Rawle Alkins,1997-10-29,rawle alkins,1628959,-1.0,-1.0,-1.0
4066372,Kevin Huerter,1998-08-27,kevin huerter,1628989,2018.0,1.0,19.0
4066383,Miles Bridges,1998-03-21,miles bridges,1628970,2018.0,1.0,12.0
4066436,De'Anthony Melton,1998-05-28,deanthony melton,1629001,2018.0,2.0,46.0
4066490,Kostas Antetokounmpo,1997-11-20,kostas antetokounmpo,1628961,2018.0,2.0,60.0
4067045,Alize Johnson,1996-04-22,alize johnson,1628993,2018.0,2.0,50.0
4067469,Jemerrio Jones,1995-04-09,jemerrio jones,1629203,2018.0,,
4080610,Hamidou Diallo,1998-07-31,hamidou diallo,1628977,2018.0,2.0,45.0
4222252,Isaiah Hartenstein,1998-05-05,isaiah hartenstein,1628392,2017.0,2.0,43.0
4230548,Rodions Kurucs,1998-02-05,rodions kurucs,1629066,2018.0,2.0,40.0
4230550,Elie Okobo,1997-10-23,elie okobo,1629059,2018.0,2.0,31.0
4236300,Mitchell Creek,1992-04-27,mitchell creek,1628249,-1.0,-1.0,-1.0
4277811,Collin Sexton,1999-01-04,collin sexton,1629012,2018.0,1.0,8.0
4277842,Trevon Duval,1998-08-03,trevon duval,1628979,-1.0,-1.0,-1.0
4277843,Gary Trent Jr.,1999-01-18,gary trent,1629018,2018.0,2.0,37.0
4277847,Wendell Carter Jr.,1999-04-16,wendell carter,1628976,2018.0,1.0,7.0
4277848,Marvin Bagley III,1999-03-14,marvin bagley,1628963,2018.0,1.0,2.0
4277890,Lonnie Walker IV,1998-12-14,lonnie walker,1629022,2018.0,1.0,18.0
4277905,Trae Young,1998-09-19,trae young,1629027,2018.0,1.0,5.0
4277919,Mo Bamba,1998-05-12,mo bamba,1628964,2018.0,1.0,6.0
4277923,Zhaire Smith,1999-06-04,zhaire smith,1629015,2018.0,1.0,16.0
4277961,Jaren Jackson Jr.,1999-09-15,jaren jackson,1628991,2018.0,1.0,4.0
4278073,Shai Gilgeous-Alexander,1998-07-12,shai gilgeousalexander,1628983,2018.0,1.0,11.0
4278075,Kevin Knox II,1999-08-11,kevin knox,1628995,2018.0,1.0,9.0
4278077,Jarred Vanderbilt,1999-04-03,jarred vanderbilt,1629020,2018.0,2.0,41.0
4278129,Deandre Ayton,1998-07-23,deandre ayton,1629028,2018.0,1.0,1.0
4278508,Troy Brown Jr.,1999-07-28,troy brown,1628972,2018.0,1.0,15.0
4291678,Haywood Highsmith,1996-12-09,haywood highsmith,1629312,2018.0,,
4348696,Dzanan Musa,1999-05-08,dzanan musa,1629058,2018.0,1.0,29.0
4348697,Isaac Bonga,1999-11-08,isaac bonga,1629067,2018.0,2.0,39.0
4351851,Anfernee Simons,1999-06-08,anfernee simons,1629014,2018.0,1.0,24.0
4351852,Mitchell Robinson,1998-04-01,mitchell robinson,1629011,2018.0,2.0,36.0
2595563,Levi Randolph,1992-10-03,levi randolph,1626260,2015.0,-22.0,-22.0
2596112,Javonte Green,1993-07-23,javonte green,1629750,-1.0,-1.0,-1.0
2608892,Norvel Pelle,1993-02-03,norvel pelle,203658,-1.0,-1.0,-1.0
2995105,Stanton Kidd,1992-03-18,stanton kidd,1629742,-1.0,-1.0,-1.0
3056247,Kendrick Nunn,1995-08-03,kendrick nunn,1629134,-1.0,-1.0,-1.0
3058030,Paul Watson,1994-12-30,paul watson,1628778,-1.0,-1.0,-1.0
3059285,Devon Hall,1995-07-07,devon hall,1628985,2018.0,2.0,53.0
3059311,Matt Thomas,1994-08-04,matt thomas,1629744,-1.0,-1.0,-1.0
3064457,Nigel Williams-Goss,1994-09-16,nigel williamsgoss,1628430,2017.0,2.0,55.0
3065284,Eric Mika,1995-01-05,eric mika,1628450,2017.0,-22.0,-22.0
3133596,Kelan Martin,1995-08-03,kelan martin,1629103,-1.0,-1.0,-1.0
3133817,Eric Paschall,1996-11-04,eric paschall,1629672,2019.0,2.0,41.0
3134916,Jordan McLaughlin,1996-04-09,jordan mclaughlin,1629162,-1.0,-1.0,-1.0
3134932,John Konchar,1996-03-22,john konchar,1629723,-1.0,-1.0,-1.0
3136746,Vic Law,1995-12-19,vic law,1629724,-1.0,-1.0,-1.0
3137259,Gabe Vincent,1996-06-14,gabe vincent,1629216,-1.0,-1.0,-1.0
3137713,Zylan Cheatham,1995-11-17,zylan cheatham,1629597,-1.0,-1.0,-1.0
3138160,Caleb Martin,1995-09-28,caleb martin,1628997,-1.0,-1.0,-1.0
3138161,Cody Martin,1995-09-28,cody martin,1628998,2019.0,2.0,36.0
3138196,Cameron Johnson,1996-03-03,cameron johnson,1629661,2019.0,1.0,11.0
3138201,Marial Shayok,1995-07-26,marial shayok,1629621,2019.0,2.0,54.0
3143565,Kevin Hervey,1996-07-09,kevin hervey,1628987,2018.0,2.0,57.0
3149036,Matt Mooney,1995-02-07,matt mooney,1629760,-1.0,-1.0,-1.0
3893059,Anzejs Pasecniks,1995-12-20,anzejs pasecniks,1628394,2017.0,1.0,25.0
3904625,Tacko Fall,1995-12-10,tacko fall,1629605,-1.0,-1.0,-1.0
3906603,Chris Clemons,1997-07-23,chris clemons,1629598,-1.0,-1.0,-1.0
3906665,Brandon Clarke,1996-09-19,brandon clarke,1629634,2019.0,1.0,21.0
3906786,Dylan Windler,1996-09-22,dylan windler,1629685,2019.0,1.0,26.0
3907358,Quinndary Weatherspoon,1996-09-10,quinndary weatherspoon,1629683,2019.0,2.0,49.0
3907359,Malik Newman,1997-02-21,malik newman,1629005,2018.0,,
3907408,Donta Hall,1997-08-07,donta hall,1629743,-1.0,-1.0,-1.0
3907498,Matisse Thybulle,1997-03-04,matisse thybulle,1629680,2019.0,1.0,20.0
3907788,Jeremiah Martin,1996-06-19,jeremiah martin,1629725,-1.0,-1.0,-1.0
3907823,Terance Mann,1996-10-18,terance mann,1629611,2019.0,2.0,48.0
3908819,Rayjon Tucker,1997-09-24,rayjon tucker,1629730,-1.0,-1.0,-1.0
3911566,Justin Wright-Foreman,1997-10-27,justin wrightforeman,1629625,2019.0,2.0,53.0
3912278,Josh Reaves,1997-06-04,josh reaves,1629729,-1.0,-1.0,-1.0
3912292,Jarrell Brantley,1996-06-07,jarrell brantley,1629714,2019.0,2.0,50.0
3912848,Dean Wade,1996-11-20,dean wade,1629731,-1.0,-1.0,-1.0
3913180,Garrison Mathews,1996-10-24,garrison mathews,1629726,-1.0,-1.0,-1.0
3913220,DaQuan Jeffries,1997-08-30,daquan jeffries,1629610,-1.0,-1.0,-1.0
3914058,Justin James,1997-01-24,justin james,1629713,2019.0,2.0,40.0
3918423,Admiral Schofield,1997-03-30,admiral schofield,1629678,2019.0,2.0,42.0
3918424,Kyle Alexander,1996-10-21,kyle alexander,1629734,-1.0,-1.0,-1.0
3919454,Terence Davis,1997-05-16,terence davis,1629056,-1.0,-1.0,-1.0
3923253,Chris Silva,1996-09-19,chris silva,1629735,-1.0,-1.0,-1.0
3934721,Juwan Morgan,1997-04-17,juwan morgan,1629752,-1.0,-1.0,-1.0
3936298,Mychal Mulder,1994-06-12,mychal mulder,1628539,-1.0,-1.0,-1.0
3945566,Justin Robinson,1997-10-12,justin robinson,1629620,2019.0,,
3946974,Devontae Cacok,1996-10-08,devontae cacok,1629719,-1.0,-1.0,-1.0
4065635,Ky Bowman,1997-06-16,ky bowman,1629065,-1.0,-1.0,-1.0
4065652,Marques Bolden,1998-04-17,marques bolden,1629716,2019.0,,
4065660,Mfiondu Kabengele,1997-08-14,mfiondu kabengele,1629662,2019.0,1.0,27.0
4065672,Dewan Hernandez,1996-12-09,dewan hernandez,1629608,2019.0,2.0,59.0
4065730,Kyle Guy,1997-08-11,kyle guy,1629657,2019.0,2.0,55.0
4065732,De'Andre Hunter,1997-12-02,deandre hunter,1629631,2019.0,1.0,4.0
4065733,Ty Jerome,1997-07-08,ty jerome,1629660,2019.0,1.0,24.0
4065778,Max Strus,1996-03-28,max strus,1629622,-1.0,-1.0,-1.0
4065834,Shamorie Ponds,1998-06-29,shamorie ponds,1629044,-1.0,-1.0,-1.0
4066212,Jordan Bone,1997-11-05,jordan bone,1629648,2019.0,2.0,57.0
4066218,Grant Williams,1998-11-30,grant williams,1629684,2019.0,1.0,22.0
4066248,Jared Harper,1997-09-14,jared harper,1629607,-1.0,-1.0,-1.0
4066367,Tyler Cook,1997-09-23,tyler cook,1629076,-1.0,-1.0,-1.0
4066387,Amir Coffey,1997-06-17,amir coffey,1629599,-1.0,-1.0,-1.0
4066392,Isaiah Roby,1998-02-03,isaiah roby,1629676,2019.0,2.0,45.0
4066407,Carsen Edwards,1998-03-12,carsen edwards,1629035,2019.0,2.0,33.0
4066508,Charlie Brown Jr.,1997-02-02,charlie brown,1629718,-1.0,-1.0,-1.0
4066648,Rui Hachimura,1998-02-08,rui hachimura,1629060,2019.0,1.0,9.0
4066649,Zach Norvell Jr.,1997-12-09,zach norvell,1629668,2019.0,-22.0,-22.0
4066731,Jalen McDaniels,1998-01-31,jalen mcdaniels,1629667,2019.0,2.0,52.0
4066851,Miye Oni,1997-08-04,miye oni,1629671,2019.0,2.0,58.0
4230554,Marko Guduric,1995-03-08,marko guduric,1629741,-1.0,-1.0,-1.0
4230557,Vlatko Cancar,1997-04-10,vlatko cancar,1628427,2017.0,2.0,49.0
4237215,Vincent Poirier,1993-10-17,vincent poirier,1629738,-1.0,-1.0,-1.0
4237239,William Howard,1993-10-25,william howard,1629739,-1.0,-1.0,-1.0
4277882,Brian Bowen II,1998-10-02,brian bowen,1628968,-1.0,-1.0,-1.0
4277928,Jarrett Culver,1999-02-20,jarrett culver,1629633,2019.0,1.0,6.0
4277952,Bruno Fernando,1998-08-15,bruno fernando,1628981,2019.0,2.0,34.0
4277956,Jordan Poole,1999-06-19,jordan poole,1629673,2019.0,1.0,28.0
4278031,Oshae Brissett,1998-06-20,oshae brissett,1629052,-1.0,-1.0,-1.0
4278039,Nickeil Alexander-Walker,1998-09-02,nickeil alexanderwalker,1629638,2019.0,1.0,17.0
4278049,Daniel Gafford,1998-10-01,daniel gafford,1629655,2019.0,2.0,38.0
4278067,Nic Claxton,1999-04-17,nic claxton,1629651,2019.0,2.0,31.0
4278078,P.J. Washington,1998-08-23,pj washington,1629023,2019.0,1.0,12.0
4278080,Tremont Waters,1998-01-10,tremont waters,1629682,2019.0,2.0,51.0
4278104,Michael Porter Jr.,1998-06-29,michael porter,1629008,2018.0,1.0,14.0
4278521,KZ Okpala,1999-04-28,kz okpala,1629644,2019.0,2.0,32.0
4278541,Jaylen Nowell,1999-07-09,jaylen nowell,1629669,2019.0,2.0,43.0
4279888,Ja Morant,1999-08-10,ja morant,1629630,2019.0,1.0,2.0
4348700,Goga Bitadze,1999-07-20,goga bitadze,1629048,2019.0,1.0,18.0
4349241,Adam Mokoka,1998-07-18,adam mokoka,1629690,-1.0,-1.0,-1.0
4395625,RJ Barrett,2000-06-14,rj barrett,1629628,2019.0,1.0,3.0
4395627,Cam Reddish,1999-09-01,cam reddish,1629629,2019.0,1.0,10.0
4395628,Zion Williamson,2000-07-06,zion williamson,1629627,2019.0,1.0,1.0
4395651,Coby White,2000-02-16,coby white,1629632,2019.0,1.0,7.0
4395652,Nassir Little,2000-02-11,nassir little,1629642,2019.0,1.0,25.0
4395688,Jaylen Hoard,1999-03-30,jaylen hoard,1629658,-1.0,-1.0,-1.0
4395723,Keldon Johnson,1999-10-11,keldon johnson,1629640,2019.0,1.0,29.0
4395725,Tyler Herro,2000-01-20,tyler herro,1629639,2019.0,1.0,13.0
4396907,Darius Garland,2000-01-26,darius garland,1629636,2019.0,1.0,5.0
4396971,Naz Reid,1999-08-26,naz reid,1629675,-1.0,-1.0,-1.0
4396991,Talen Horton-Tucker,2000-11-25,talen hortontucker,1629659,2019.0,2.0,46.0
4397008,Romeo Langford,1999-10-25,romeo langford,1629641,2019.0,1.0,14.0
4397020,Luguentz Dort,1999-04-19,luguentz dort,1629652,-1.0,-1.0,-1.0
4397077,Jaxson Hayes,2000-05-23,jaxson hayes,1629637,2019.0,1.0,8.0
4397102,Bol Bol,1999-11-16,bol bol,1629626,2019.0,2.0,44.0
4397103,Louis King,1999-04-06,louis king,1629663,-1.0,-1.0,-1.0
4397126,Moses Brown,1999-10-13,moses brown,1629650,-1.0,-1.0,-1.0
4397140,Kevin Porter Jr.,2000-05-04,kevin porter,1629645,2019.0,1.0,30.0
4397205,Ignas Brazdeikis,1999-01-08,ignas brazdeikis,1629649,2019.0,2.0,47.0
4401415,Alen Smailagic,2000-08-18,alen smailagic,1629346,2019.0,2.0,39.0
4401416,Juan Toscano-Anderson,1993-04-10,juan toscanoanderson,1629308,-1.0,-1.0,-1.0
4423309,Luka Samanic,2000-01-09,luka samanic,1629677,2019.0,1.0,19.0
4423314,Sekou Doumbouya,2000-12-23,sekou doumbouya,1629635,2019.0,1.0,15.0
4423545,Darius Bazley,2000-06-12,darius bazley,1629647,2019.0,1.0,23.0
4423887,Jalen Lecque,2000-06-13,jalen lecque,1629665,-1.0,-1.0,-1.0
2581184,Anthony Gill,1992-10-17,anthony gill,1630264,-1.0,-1.0,-1.0
2594920,Greg Whittington,1993-02-07,greg whittington,204222,-1.0,-1.0,-1.0
2968334,Facundo Campazzo,1991-03-23,facundo campazzo,1630267,-1.0,-1.0,-1.0
3074748,Amida Brimah,1994-02-11,amida brimah,1628578,-1.0,-1.0,-1.0
3129951,Elijah Bryant,1995-04-19,elijah bryant,1629091,-1.0,-1.0,-1.0
3136777,Jae'Sean Tate,1995-10-28,jaesean tate,1630256,-1.0,-1.0,-1.0
3136991,Dakota Mathias,1995-07-11,dakota mathias,1629751,2018.0,,
3152335,Keljin Blevins,1995-11-24,keljin blevins,1629833,2019.0,,
3906977,Devin Cannady,1996-05-21,devin cannady,1629962,2019.0,,
3908903,Sean McDermott,1996-11-03,sean mcdermott,1630253,-1.0,-1.0,-1.0
3922235,Robert Franks,1996-12-18,robert franks,1629606,2019.0,-22.0,-22.0
3928275,Cameron Oliver,1996-07-11,cameron oliver,1628419,-1.0,-1.0,-1.0
3947156,Mamadi Diakite,1997-01-21,mamadi diakite,1629603,-1.0,-1.0,-1.0
4065656,Trent Forrest,1998-06-12,trent forrest,1630235,-1.0,-1.0,-1.0
4065805,Markus Howard,1999-03-03,markus howard,1630210,-1.0,-1.0,-1.0
4066269,Skylar Mays,1997-09-05,skylar mays,1630219,2020.0,2.0,50.0
4066299,Udoka Azubuike,1999-09-17,udoka azubuike,1628962,2020.0,1.0,27.0
4066320,Desmond Bane,1998-06-25,desmond bane,1630217,2020.0,1.0,30.0
4066354,Payton Pritchard,1998-01-28,payton pritchard,1630202,2020.0,1.0,26.0
4066382,Cassius Winston,1998-02-28,cassius winston,1630216,2020.0,2.0,53.0
4066405,Lamar Stevens,1997-07-09,lamar stevens,1630205,-1.0,-1.0,-1.0
4066446,Elijah Hughes,1998-03-10,elijah hughes,1630190,2020.0,2.0,39.0
4066450,Armoni Brooks,1998-06-05,armoni brooks,1629717,2019.0,,
4066467,Malik Fitts,1997-07-04,malik fitts,1630238,-1.0,-1.0,-1.0
4066651,Killian Tillie,1998-03-05,killian tillie,1629681,-1.0,-1.0,-1.0
4066668,Malachi Flynn,1998-05-09,malachi flynn,1630201,2020.0,1.0,29.0
4066757,Sam Merrill,1996-05-15,sam merrill,1630241,2020.0,2.0,60.0
4066790,Anthony Lamb,1998-01-20,anthony lamb,1630237,-1.0,-1.0,-1.0
4066998,Jalen Harris,1998-08-14,jalen harris,1630223,2020.0,2.0,59.0
4067069,Nate Darling,1998-08-30,nate darling,1630268,-1.0,-1.0,-1.0
4067325,Nathan Knight,1997-09-20,nathan knight,1630233,-1.0,-1.0,-1.0
4277883,Jordan Nwora,1998-09-09,jordan nwora,1629670,2020.0,2.0,45.0
4277886,Freddie Gillespie,1997-06-14,freddie gillespie,1630273,-1.0,-1.0,-1.0
4277964,Xavier Tillman,1999-01-12,xavier tillman,1630214,2020.0,2.0,35.0
4278052,Chuma Okeke,1998-08-18,chuma okeke,1629643,2019.0,1.0,16.0
4278076,Nick Richards,1997-11-29,nick richards,1630208,2020.0,2.0,42.0
4278103,Jontay Porter,1999-11-15,jontay porter,1629007,-1.0,-1.0,-1.0
4278124,Saben Lee,1999-06-23,saben lee,1630240,2020.0,2.0,38.0
4278355,Obi Toppin,1998-03-04,obi toppin,1630167,2020.0,1.0,8.0
4278555,Ty-Shon Alexander,1998-07-16,tyshon alexander,1630234,-1.0,-1.0,-1.0
4278562,Paul Reed,1999-06-14,paul reed,1630194,2020.0,2.0,58.0
4278594,Naji Marshall,1998-01-24,naji marshall,1630230,-1.0,-1.0,-1.0
4395626,Tre Jones,2000-01-08,tre jones,1630200,2020.0,2.0,41.0
4395630,Devin Vassell,2000-08-23,devin vassell,1630170,2020.0,1.0,11.0
4395698,Kira Lewis Jr.,2001-04-06,kira lewis,1630184,2020.0,1.0,13.0
4395702,Isaiah Joe,1999-07-02,isaiah joe,1630198,2020.0,2.0,49.0
4395704,Mason Jones,1998-07-21,mason jones,1630222,-1.0,-1.0,-1.0
4395722,Ashton Hagans,1999-07-08,ashton hagans,1630204,-1.0,-1.0,-1.0
4395724,Immanuel Quickley,1999-06-17,immanuel quickley,1630193,2020.0,1.0,25.0
4396629,Nate Hinton,1999-06-08,nate hinton,1630207,-1.0,-1.0,-1.0
4396909,Aaron Nesmith,1999-10-16,aaron nesmith,1630174,2020.0,1.0,14.0
4396959,Reggie Perry,2000-03-21,reggie perry,1629617,2020.0,2.0,57.0
4396961,Robert Woodard II,1999-09-22,robert woodard,1630218,2020.0,2.0,40.0
4396993,Tyrese Haliburton,2000-02-29,tyrese haliburton,1630169,2020.0,1.0,12.0
4397016,Devon Dotson,1999-08-02,devon dotson,1629653,-1.0,-1.0,-1.0
4397136,Saddiq Bey,1999-04-09,saddiq bey,1630180,2020.0,1.0,19.0
4397166,CJ Elleby,2000-06-16,cj elleby,1629604,2020.0,2.0,46.0
4397189,Jalen Smith,2000-03-16,jalen smith,1630188,2020.0,1.0,10.0
4397215,Daniel Oturu,1999-09-20,daniel oturu,1630187,2020.0,2.0,33.0
4407254,Brodric Thomas,1997-01-28,brodric thomas,1630271,-1.0,-1.0,-1.0
4423883,Deividas Sirvydis,2000-06-10,deividas sirvydis,1629686,2019.0,2.0,37.0
4423885,Didi Louzada,1999-07-02,didi louzada,1629712,2019.0,2.0,35.0
4431669,Vernon Carey Jr.,2001-02-25,vernon carey,1630176,2020.0,2.0,32.0
4431671,Jaden McDaniels,2000-09-29,jaden mcdaniels,1630183,2020.0,1.0,28.0
4431672,Nico Mannion,2001-03-14,nico mannion,1630185,2020.0,2.0,48.0
4431678,Tyrese Maxey,2000-11-04,tyrese maxey,1630178,2020.0,1.0,21.0
4431679,Precious Achiuwa,1999-09-19,precious achiuwa,1630173,2020.0,1.0,20.0
4431680,Onyeka Okongwu,2000-12-11,onyeka okongwu,1630168,2020.0,1.0,6.0
4431686,Cassius Stanley,1999-08-18,cassius stanley,1630199,2020.0,2.0,54.0
4431687,Patrick Williams,2001-08-26,patrick williams,1630172,2020.0,1.0,4.0
4431688,Jahmi'us Ramsey,2001-06-09,jahmius ramsey,1630186,2020.0,2.0,43.0
4431690,Zeke Nnaji,2001-01-09,zeke nnaji,1630192,2020.0,1.0,22.0
4431747,Tyrell Terry,2000-09-28,tyrell terry,1630179,2020.0,2.0,31.0
4432528,Karim Mane,2000-05-16,karim mane,1630211,-1.0,-1.0,-1.0
4432808,James Wiseman,2001-03-31,james wiseman,1630164,2020.0,1.0,2.0
4432809,Cole Anthony,2000-05-15,cole anthony,1630175,2020.0,1.0,15.0
4432810,Isaiah Stewart,2001-05-22,isaiah stewart,1630191,2020.0,1.0,16.0
4432811,Josh Green,2000-11-16,josh green,1630182,2020.0,1.0,18.0
4432816,LaMelo Ball,2001-08-22,lamelo ball,1630163,2020.0,1.0,3.0
4432822,Isaac Okoro,2001-01-26,isaac okoro,1630171,2020.0,1.0,5.0
4433157,Josh Hall,2000-10-08,josh hall,1630221,-1.0,-1.0,-1.0
4590530,R.J. Hampton,2001-02-07,rj hampton,1630181,2020.0,1.0,24.0
4594268,Anthony Edwards,2001-08-05,anthony edwards,1630162,2020.0,1.0,1.0
4683018,Aleksej Pokusevski,2001-12-26,aleksej pokusevski,1630197,2020.0,1.0,17.0
4683021,Deni Avdija,2001-01-03,deni avdija,1630166,2020.0,1.0,9.0
4683023,Jay Scrubb,2000-09-01,jay scrubb,1630206,2020.0,2.0,55.0
4683024,Killian Hayes,2001-07-27,killian hayes,1630165,2020.0,1.0,7.0
4683027,Theo Maledon,2001-06-12,theo maledon,1630177,2020.0,2.0,34.0
2583962,Kevin Pangos,1993-01-26,kevin pangos,1630698,-1.0,-1.0,-1.0
2596247,Keifer Sykes,1993-12-30,keifer sykes,1626208,-1.0,-1.0,-1.0
2991011,Gabe York,1993-08-02,gabe york,1628221,-1.0,-1.0,-1.0
2991312,Craig Sword,1994-01-16,craig sword,1628591,-1.0,-1.0,-1.0
3056245,Malcolm Hill,1995-10-26,malcolm hill,1630792,-1.0,-1.0,-1.0
3059266,Cat Barber,1994-07-25,cat barber,1627760,2016.0,,
3059307,Ish Wainright,1994-09-12,ish wainright,1630688,-1.0,-1.0,-1.0
3062842,Paris Bass,1995-08-29,paris bass,1628238,-1.0,-1.0,-1.0
3074213,Omer Yurtseven,1998-06-19,omer yurtseven,1630209,-1.0,-1.0,-1.0
3133637,Jaysean Paige,1994-07-30,jaysean paige,1629873,-1.0,-1.0,-1.0
3138206,Justin Tillman,1996-02-02,justin tillman,1629460,-1.0,-1.0,-1.0
3146557,Jock Landale,1995-10-25,jock landale,1629111,-1.0,-1.0,-1.0
3151568,Trayvon Palmer,1994-11-13,trayvon palmer,1629309,-1.0,-1.0,-1.0
3899009,Petr Cornelie,1995-07-26,petr cornelie,1627822,2016.0,2.0,53.0
3907360,Aric Holman,1997-07-11,aric holman,1629689,2019.0,-22.0,-22.0
3908336,Matt Ryan,1997-04-17,matt ryan,1630346,-1.0,-1.0,-1.0
3914075,Xavier Moon,1995-01-02,xavier moon,1629875,-1.0,-1.0,-1.0
3914639,Rob Edwards,1997-01-20,rob edwards,1630306,-1.0,-1.0,-1.0
3934695,Tyler Hall,1997-03-25,tyler hall,1629788,-1.0,-1.0,-1.0
3938916,Malik Ellison,1996-08-17,malik ellison,1630707,-1.0,-1.0,-1.0
3948144,Ahmad Caver,1996-09-12,ahmad caver,1629958,2019.0,,
4065650,Javin DeLaurier,1998-04-07,javin delaurier,1629602,-1.0,-1.0,-1.0
4065731,Jay Huff,1997-08-25,jay huff,1630643,-1.0,-1.0,-1.0
4065804,Sam Hauser,1997-12-08,sam hauser,1630573,-1.0,-1.0,-1.0
4065816,Myles Powell,1997-07-07,myles powell,1629619,-1.0,-1.0,-1.0
4066221,Hassani Gravett,1996-07-16,hassani gravett,1629755,2019.0,,
4066240,Braxton Key,1997-02-14,braxton key,1630296,-1.0,-1.0,-1.0
4066303,Xavier Sneed,1997-12-21,xavier sneed,1630270,-1.0,-1.0,-1.0
4066317,Lindy Waters III,1997-07-28,lindy waters,1630322,-1.0,-1.0,-1.0
4066377,Zavier Simpson,1997-02-11,zavier simpson,1630285,-1.0,-1.0,-1.0
4066378,Jon Teske,1997-05-04,jon teske,1630257,-1.0,-1.0,-1.0
4066399,Micah Potter,1998-04-06,micah potter,1630695,-1.0,-1.0,-1.0
4066410,Eugene Omoruyi,1997-02-14,eugene omoruyi,1630647,-1.0,-1.0,-1.0
4066414,Aleem Ford,1997-12-22,aleem ford,1630758,-1.0,-1.0,-1.0
4066457,Austin Reaves,1998-05-29,austin reaves,1630559,-1.0,-1.0,-1.0
4066486,Jarron Cumberland,1997-09-22,jarron cumberland,1629600,-1.0,-1.0,-1.0
4066496,JaQuori McLaughlin,1998-01-29,jaquori mclaughlin,1630605,-1.0,-1.0,-1.0
4066786,Jeff Dowtin Jr.,1997-05-10,jeff dowtin,1630288,-1.0,-1.0,-1.0
4066796,DeJon Jarreau,1998-01-23,dejon jarreau,1630610,-1.0,-1.0,-1.0
4067603,Ade Murkey,1998-01-29,ade murkey,1630278,-1.0,-1.0,-1.0
4067735,Carlik Jones,1997-12-23,carlik jones,1630637,-1.0,-1.0,-1.0
4230551,Arnoldas Kulboka,1998-01-04,arnoldas kulboka,1629083,2018.0,2.0,55.0
4231914,Luca Vildoza,1995-08-11,luca vildoza,1630492,-1.0,-1.0,-1.0
4277813,Herbert Jones,1998-10-06,herbert jones,1630529,2021.0,2.0,35.0
4277854,MJ Walker,1998-03-28,mj walker,1630640,-1.0,-1.0,-1.0
4277869,Jose Alvarado,1998-04-12,jose alvarado,1630631,-1.0,-1.0,-1.0
4277871,Moses Wright,1998-12-23,moses wright,1630589,-1.0,-1.0,-1.0
4277887,Lindell Wigginton,1998-03-28,lindell wigginton,1629623,2019.0,,
4277892,Marcus Garrett,1998-11-09,marcus garrett,1630585,-1.0,-1.0,-1.0
4277916,RJ Nembhard Jr.,1999-03-22,rj nembhard,1630612,-1.0,-1.0,-1.0
4277922,Jericho Sims,1998-10-20,jericho sims,1630579,2021.0,2.0,58.0
4277951,Luka Garza,1998-12-27,luka garza,1630568,2021.0,2.0,52.0
4277957,Isaiah Livers,1998-07-28,isaiah livers,1630587,2021.0,2.0,42.0
4278045,Chaundee Brown Jr.,1998-12-04,chaundee brown,1630602,-1.0,-1.0,-1.0
4278046,Olivier Sarr,1999-02-20,olivier sarr,1630846,-1.0,-1.0,-1.0
4278053,Davion Mitchell,1998-09-05,davion mitchell,1630558,2021.0,1.0,9.0
4278116,Yves Pons,1999-05-07,yves pons,1630582,-1.0,-1.0,-1.0
4278402,Jordan Goodwin,1998-10-23,jordan goodwin,1630692,-1.0,-1.0,-1.0
4278507,McKinley Wright IV,1998-10-25,mckinley wright,1630593,-1.0,-1.0,-1.0
4278527,Chris Smith,1999-12-24,chris smith,1630607,-1.0,-1.0,-1.0
4278566,Jamorko Pickett,1997-12-24,jamorko pickett,1630691,-1.0,-1.0,-1.0
4278580,Sandro Mamukelashvili,1999-05-23,sandro mamukelashvili,1630572,2021.0,2.0,54.0
4278707,Jordan Schakel,1998-06-13,jordan schakel,1630648,-1.0,-1.0,-1.0
4279815,Terry Taylor,1999-09-23,terry taylor,1630678,-1.0,-1.0,-1.0
4279887,Shaq Buchanan,1997-01-30,shaq buchanan,1629783,-1.0,-1.0,-1.0
4280150,Joel Ayayi,2000-03-05,joel ayayi,1630555,-1.0,-1.0,-1.0
4280151,Corey Kispert,1999-03-03,corey kispert,1630557,2021.0,1.0,15.0
4395695,Jared Butler,2000-08-25,jared butler,1630215,2021.0,2.0,40.0
4396638,Feron Hunt,1999-07-05,feron hunt,1630624,-1.0,-1.0,-1.0
4396682,Jaime Echenique,1997-04-27,jaime echenique,1630693,-1.0,-1.0,-1.0
4396960,DJ Stewart,1999-07-28,dj stewart,1630597,-1.0,-1.0,-1.0
4396972,Javonte Smart,1999-06-03,javonte smart,1630606,-1.0,-1.0,-1.0
4397002,Ayo Dosunmu,2000-01-17,ayo dosunmu,1630245,2021.0,2.0,38.0
4397014,Quentin Grimes,2000-05-08,quentin grimes,1629656,2021.0,1.0,25.0
4397033,Joe Wieskamp,1999-08-23,joe wieskamp,1630580,2021.0,2.0,41.0
4397040,Brandon Williams,1999-11-22,brandon williams,1630314,-1.0,-1.0,-1.0
4397071,Mac McClung,1999-01-06,mac mcclung,1630644,-1.0,-1.0,-1.0
4397107,David Duke Jr.,1999-10-13,david duke,1630561,-1.0,-1.0,-1.0
4397183,Aaron Wiggins,1999-01-02,aaron wiggins,1630598,2021.0,2.0,55.0
4397209,Aaron Henry,1999-08-30,aaron henry,1630565,-1.0,-1.0,-1.0
4397235,Duane Washington Jr.,2000-03-24,duane washington,1630613,-1.0,-1.0,-1.0
4397424,Neemias Queta,1999-07-13,neemias queta,1629674,2021.0,2.0,39.0
4397688,Trey Murphy III,2000-06-18,trey murphy,1630530,2021.0,1.0,17.0
4397693,Kessler Edwards,2000-08-09,kessler edwards,1630556,2021.0,2.0,44.0
4397885,Dalano Banton,1999-11-07,dalano banton,1630625,2021.0,2.0,46.0
4397886,Charles Bassey,2000-10-28,charles bassey,1629646,2021.0,2.0,53.0
4397916,Jason Preston,1999-08-10,jason preston,1630554,2021.0,2.0,33.0
4409222,Trevelin Queen,1997-02-25,trevelin queen,1630243,-1.0,-1.0,-1.0
4423888,Daulton Hommes,1996-07-04,daulton hommes,1629756,2019.0,-22.0,-22.0
4431675,Trendon Watford,2000-11-09,trendon watford,1630570,-1.0,-1.0,-1.0
4431699,Kai Jones,2001-01-19,kai jones,1630539,2021.0,1.0,19.0
4431712,James Bouknight,2000-09-18,james bouknight,1630547,2021.0,1.0,11.0
4431823,Miles McBride,2000-09-08,miles mcbride,1630540,2021.0,2.0,36.0
4432158,Evan Mobley,2001-06-18,evan mobley,1630596,2021.0,1.0,3.0
4432161,Greg Brown III,2001-09-01,greg brown,1630535,2021.0,2.0,43.0
4432162,Brandon Boston Jr.,2001-11-28,brandon boston,1630527,2021.0,2.0,51.0
4432164,Jaden Springer,2002-09-25,jaden springer,1630531,2021.0,1.0,28.0
4432165,Jalen Suggs,2001-06-03,jalen suggs,1630591,2021.0,1.0,5.0
4432166,Cade Cunningham,2001-09-25,cade cunningham,1630595,2021.0,1.0,1.0
4432168,Josh Christopher,2001-12-08,josh christopher,1630528,2021.0,1.0,24.0
4432170,Isaiah Jackson,2002-01-10,isaiah jackson,1630543,2021.0,1.0,22.0
4432171,Moses Moody,2002-05-31,moses moody,1630541,2021.0,1.0,14.0
4432173,Sharife Cooper,2001-06-11,sharife cooper,1630536,2021.0,2.0,48.0
4432174,Cam Thomas,2001-10-13,cam thomas,1630560,2021.0,1.0,27.0
4432176,Daishen Nix,2002-02-13,daishen nix,1630227,-1.0,-1.0,-1.0
4432192,Keon Johnson,2002-03-10,keon johnson,1630553,2021.0,1.0,21.0
4432194,Day'Ron Sharpe,2001-11-06,dayron sharpe,1630549,2021.0,1.0,29.0
4432812,Scottie Lewis,2000-03-12,scottie lewis,1630575,2021.0,2.0,56.0
4432813,Jeremiah Robinson-Earl,2000-11-03,jeremiah robinsonearl,1630526,2021.0,2.0,32.0
4432819,Tre Mann,2001-02-03,tre mann,1630544,2021.0,1.0,18.0
4432907,Justin Champagnie,2001-06-29,justin champagnie,1630551,-1.0,-1.0,-1.0
4433134,Scottie Barnes,2001-08-01,scottie barnes,1630567,2021.0,1.0,4.0
4433137,Ziaire Williams,2001-09-12,ziaire williams,1630533,2021.0,1.0,10.0
4433247,Jonathan Kuminga,2002-10-06,jonathan kuminga,1630228,2021.0,1.0,7.0
4437244,Jalen Green,2002-02-09,jalen green,1630224,2021.0,1.0,2.0
4566434,Franz Wagner,2001-08-27,franz wagner,1630532,2021.0,1.0,8.0
4578893,Vit Krejci,2000-06-19,vit krejci,1630249,2020.0,2.0,37.0
4592204,David Johnson,2001-02-26,david johnson,1630525,2021.0,2.0,47.0
4592402,Chris Duarte,1997-06-13,chris duarte,1630537,2021.0,1.0,13.0
4592492,Bones Hyland,2000-09-14,bones hyland,1630538,2021.0,1.0,26.0
4593125,Santi Aldama,2001-01-10,santi aldama,1630583,2021.0,1.0,30.0
4683022,Georgios Kalaitzakis,1999-01-02,georgios kalaitzakis,1630686,2021.0,2.0,60.0
4683025,Leandro Bolmaro,2000-09-11,leandro bolmaro,1630195,2020.0,1.0,23.0
4683622,Marko Simonovic,1999-10-15,marko simonovic,1630250,2020.0,2.0,44.0
4701230,Jalen Johnson,2001-12-18,jalen johnson,1630552,2021.0,1.0,20.0
4702176,Joshua Primo,2002-12-24,joshua primo,1630563,2021.0,1.0,12.0
4702233,JT Thor,2002-08-26,jt thor,1630550,2021.0,2.0,37.0
4715198,Isaiah Todd,2001-10-17,isaiah todd,1630225,2021.0,2.0,31.0
4871143,Usman Garuba,2002-03-09,usman garuba,1630586,2021.0,1.0,23.0
4871144,Alperen Sengun,2002-07-25,alperen sengun,1630578,2021.0,1.0,16.0
4871145,Josh Giddey,2002-10-10,josh giddey,1630581,2021.0,1.0,6.0
4981257,Gabriel Lundberg,1994-12-04,gabriel lundberg,1630994,-1.0,-1.0,-1.0
3129932,Xavier Cooks,1995-08-19,xavier cooks,1641645,-1.0,-1.0,-1.0
3899664,Simone Fontecchio,1995-12-09,simone fontecchio,1631323,-1.0,-1.0,-1.0
3907526,Chance Comanche,1996-04-14,chance comanche,1628435,-1.0,-1.0,-1.0
3919347,Chima Moneke,1995-12-24,chima moneke,1631320,-1.0,-1.0,-1.0
4065653,Jack White,1997-08-05,jack white,1631298,-1.0,-1.0,-1.0
4066993,Dru Smith,1997-12-30,dru smith,1630696,-1.0,-1.0,-1.0
4067017,A.J. Lawson,2000-07-15,aj lawson,1630639,-1.0,-1.0,-1.0
4067858,Kevon Harris,1997-06-24,kevon harris,1630284,-1.0,-1.0,-1.0
4277850,RaiQuan Gray,1999-07-07,raiquan gray,1630564,2021.0,2.0,59.0
4278111,Justin Minaya,1999-03-26,justin minaya,1631303,-1.0,-1.0,-1.0
4278378,Jacob Gilyard,1998-07-14,jacob gilyard,1631367,-1.0,-1.0,-1.0
4278572,Jamal Cain,1999-03-20,jamal cain,1631288,-1.0,-1.0,-1.0
4279118,Keaton Wallace,1999-02-26,keaton wallace,1630811,-1.0,-1.0,-1.0
4279532,Stanley Umude,1999-04-12,stanley umude,1630649,-1.0,-1.0,-1.0
4280245,Jamaree Bouyea,1999-06-27,jamaree bouyea,1631123,-1.0,-1.0,-1.0
4395676,Buddy Boeheim,1999-11-11,buddy boeheim,1631205,-1.0,-1.0,-1.0
4395712,Andrew Nembhard,2000-01-16,andrew nembhard,1629614,2022.0,2.0,31.0
4396978,Darius Days,1999-10-20,darius days,1630620,-1.0,-1.0,-1.0
4397018,Ochai Agbaji,2000-04-20,ochai agbaji,1630534,2022.0,1.0,14.0
4397119,Jared Rhoden,1999-08-27,jared rhoden,1631197,-1.0,-1.0,-1.0
4397134,Cole Swider,1999-05-08,cole swider,1631306,-1.0,-1.0,-1.0
4397179,Tyrese Martin,1999-03-07,tyrese martin,1631213,2022.0,2.0,51.0
4397227,Vince Williams Jr.,2000-08-30,vince williams,1631246,2022.0,2.0,47.0
4397251,Ron Harper Jr.,2000-04-12,ron harper,1631199,-1.0,-1.0,-1.0
4397475,AJ Green,1999-09-27,aj green,1631260,-1.0,-1.0,-1.0
4397821,Nate Williams,1999-02-12,nate williams,1631466,-1.0,-1.0,-1.0
4431720,Lester Quinones,2000-11-16,lester quinones,1631311,-1.0,-1.0,-1.0
4431767,Christian Braun,2001-04-17,christian braun,1631128,2022.0,1.0,21.0
4431778,Christian Koloko,2000-06-20,christian koloko,1631132,2022.0,2.0,33.0
4431785,Scotty Pippen Jr.,2000-11-10,scotty pippen,1630590,-1.0,-1.0,-1.0
4431811,Dereon Seabron,2000-05-26,dereon seabron,1631220,-1.0,-1.0,-1.0
4432179,MarJon Beauchamp,2000-10-12,marjon beauchamp,1630699,2022.0,1.0,24.0
4432356,Johnny Davis,2002-02-27,johnny davis,1631098,2022.0,1.0,10.0
4432446,Jabari Walker,2002-07-30,jabari walker,1631133,2022.0,2.0,57.0
4432573,Paolo Banchero,2002-11-12,paolo banchero,1631094,2022.0,1.0,1.0
4432582,Max Christie,2003-02-10,max christie,1631108,2022.0,2.0,35.0
4432585,AJ Griffin,2003-08-25,aj griffin,1631100,2022.0,1.0,16.0
4432588,John Butler Jr.,2002-12-04,john butler,1631219,-1.0,-1.0,-1.0
4432639,Jabari Smith Jr.,2003-05-13,jabari smith,1631095,2022.0,1.0,3.0
4432645,Trevor Keels,2003-08-26,trevor keels,1631211,2022.0,2.0,42.0
4432646,Kennedy Chandler,2002-09-16,kennedy chandler,1631113,2022.0,2.0,38.0
4432815,Isaiah Mobley,1999-09-24,isaiah mobley,1630600,2022.0,2.0,49.0
4432817,Johnny Juzang,2001-03-17,johnny juzang,1630548,-1.0,-1.0,-1.0
4432821,E.J. Liddell,2000-12-18,ej liddell,1630604,2022.0,2.0,41.0
4432823,Jaylin Williams,2002-06-29,jaylin williams,1631119,2022.0,2.0,34.0
4433136,Walker Kessler,2001-07-26,walker kessler,1631117,2022.0,1.0,22.0
4433159,Dalen Terry,2002-07-12,dalen terry,1631207,2022.0,1.0,18.0
4433192,Tari Eason,2001-05-10,tari eason,1631106,2022.0,1.0,17.0
4433218,Jaden Ivey,2002-02-13,jaden ivey,1631093,2022.0,1.0,5.0
4433246,Patrick Baldwin Jr.,2002-11-18,patrick baldwin,1631116,2022.0,1.0,28.0
4433249,Moussa Diabate,2002-01-21,moussa diabate,1631217,2022.0,2.0,43.0
4433254,Kendall Brown,2003-05-11,kendall brown,1631112,2022.0,2.0,48.0
4433621,Jalen Duren,2003-11-18,jalen duren,1631105,2022.0,1.0,13.0
4433623,Caleb Houstan,2003-01-09,caleb houstan,1631216,2022.0,2.0,32.0
4565201,Malaki Branham,2003-05-12,malaki branham,1631103,2022.0,1.0,20.0
4576085,JD Davison,2002-10-03,jd davison,1631120,2022.0,2.0,53.0
4576086,Bryce McGowens,2002-11-08,bryce mcgowens,1631121,2022.0,2.0,40.0
4576087,Peyton Watson,2002-09-11,peyton watson,1631212,2022.0,1.0,30.0
4585610,Kenneth Lofton Jr.,2002-08-14,kenneth lofton,1631254,-1.0,-1.0,-1.0
4591725,Ryan Rollins,2002-07-03,ryan rollins,1631157,2022.0,2.0,44.0
4592187,Wendell Moore Jr.,2001-09-18,wendell moore,1631111,2022.0,1.0,26.0
4592216,Alondes Williams,1999-06-19,alondes williams,1631214,-1.0,-1.0,-1.0
4592304,Donovan Williams,2001-09-06,donovan williams,1631495,-1.0,-1.0,-1.0
4592479,Julian Champagnie,2001-06-29,julian champagnie,1630577,-1.0,-1.0,-1.0
4592691,Jake LaRavia,2001-11-03,jake laravia,1631222,2022.0,1.0,19.0
4592829,Quenton Jackson,1998-09-15,quenton jackson,1631245,-1.0,-1.0,-1.0
4593041,David Roddy,2001-03-27,david roddy,1631223,2022.0,1.0,23.0
4593049,Orlando Robinson,2000-07-10,orlando robinson,1631115,-1.0,-1.0,-1.0
4593803,Jalen Williams,2001-04-14,jalen williams,1631114,2022.0,1.0,12.0
4594327,Keegan Murray,2000-08-19,keegan murray,1631099,2022.0,1.0,4.0
4610139,Jeremy Sochan,2003-05-20,jeremy sochan,1631110,2022.0,1.0,9.0
4683634,Bennedict Mathurin,2002-06-19,bennedict mathurin,1631097,2022.0,1.0,6.0
4683749,TyTy Washington Jr.,2001-11-15,tyty washington,1631102,2022.0,1.0,29.0
4683935,Blake Wesley,2003-03-16,blake wesley,1631104,2022.0,1.0,25.0
4687718,Josh Minott,2002-11-25,josh minott,1631169,2022.0,2.0,45.0
4701031,Jordan Hall,2002-01-14,jordan hall,1631160,-1.0,-1.0,-1.0
4701232,Mark Williams,2001-12-16,mark williams,1631109,2022.0,1.0,15.0
4702177,Keon Ellis,2000-01-08,keon ellis,1631165,-1.0,-1.0,-1.0
4820852,Michael Foster Jr.,2003-01-16,michael foster,1630701,-1.0,-1.0,-1.0
4868423,Jaden Hardy,2002-07-05,jaden hardy,1630702,2022.0,2.0,37.0
4869342,Dyson Daniels,2003-03-17,dyson daniels,1630700,2022.0,1.0,8.0
4870562,Dominick Barlow,2003-05-26,dominick barlow,1631230,-1.0,-1.0,-1.0
4871140,Ibou Badji,2002-10-13,ibou badji,1630641,-1.0,-1.0,-1.0
4914336,Shaedon Sharpe,2003-05-30,shaedon sharpe,1631101,2022.0,1.0,7.0
4997526,Ousmane Dieng,2003-05-21,ousmane dieng,1631172,2022.0,1.0,11.0
4997528,Nikola Jovic,2003-06-09,nikola jovic,1631107,2022.0,1.0,27.0
5075393,Trevor Hudgins,1999-03-23,trevor hudgins,1631309,-1.0,-1.0,-1.0
3102532,Vasilije Micic,1994-01-13,vasilije micic,203995,2014.0,2.0,52.0
3893014,Sasha Vezenkov,1995-08-06,sasha vezenkov,1628426,2017.0,2.0,57.0
3912339,Kaiser Gates,1996-11-08,kaiser gates,1629232,2018.0,-22.0,-22.0
4066268,Duop Reath,1996-06-26,duop reath,1641871,-1.0,-1.0,-1.0
4066736,Jordan Ford,1998-05-26,jordan ford,1630259,-1.0,-1.0,-1.0
4066808,Taze Moore,1998-06-29,taze moore,1631386,-1.0,-1.0,-1.0
4277880,Malik Williams,1998-08-26,malik williams,1642013,-1.0,-1.0,-1.0
4278352,Jalen Crutcher,1999-07-18,jalen crutcher,1630622,-1.0,-1.0,-1.0
4278412,Izaiah Brockington,1999-07-12,izaiah brockington,1631167,-1.0,-1.0,-1.0
4278585,Collin Gillespie,1999-06-25,collin gillespie,1631221,-1.0,-1.0,-1.0
4278588,Jermaine Samuels Jr.,1998-11-13,jermaine samuels,1631257,-1.0,-1.0,-1.0
4280181,Sir'Jabari Rice,1998-12-28,sirjabari rice,1641811,-1.0,-1.0,-1.0
4395620,Hunter Tyson,2000-06-13,hunter tyson,1641816,2023.0,2.0,37.0
4395623,Trey Jemison III,1999-11-28,trey jemison,1641998,-1.0,-1.0,-1.0
4395650,Leaky Black,1999-06-14,leaky black,1641778,-1.0,-1.0,-1.0
4395714,Keyontae Johnson,2000-05-24,keyontae johnson,1641749,2023.0,2.0,50.0
4396676,Dexter Dennis,1999-02-09,dexter dennis,1641926,-1.0,-1.0,-1.0
4396818,Jordan Miller,2000-01-23,jordan miller,1641757,2023.0,2.0,48.0
4397104,Miles Norris,2000-04-15,miles norris,1641936,-1.0,-1.0,-1.0
4397127,Jules Bernard,2000-01-21,jules bernard,1631262,-1.0,-1.0,-1.0
4397148,Timmy Allen,2000-01-09,timmy allen,1641851,-1.0,-1.0,-1.0
4397204,Colin Castleton,2000-05-25,colin castleton,1630658,-1.0,-1.0,-1.0
4397233,Pete Nance,2000-02-19,pete nance,1631250,-1.0,-1.0,-1.0
4397511,Javon Freeman-Liberty,1999-10-20,javon freemanliberty,1631241,-1.0,-1.0,-1.0
4397537,Taevion Kinsey,2000-03-10,taevion kinsey,1641795,-1.0,-1.0,-1.0
4397554,Markquis Nowell,1999-12-25,markquis nowell,1641806,-1.0,-1.0,-1.0
4397650,Andrew Funk,1999-09-21,andrew funk,1641847,-1.0,-1.0,-1.0
4397654,Adam Flagler,1999-12-01,adam flagler,1641745,-1.0,-1.0,-1.0
4397667,Filip Petrusev,2000-04-15,filip petrusev,1630196,2021.0,2.0,50.0
4397689,Drew Peterson,1999-11-09,drew peterson,1641809,-1.0,-1.0,-1.0
4398207,Jalen Slawson,1999-10-22,jalen slawson,1641771,2023.0,2.0,54.0
4398390,Jalen Pickett,1999-10-22,jalen pickett,1629618,2023.0,2.0,32.0
4423884,Henri Drell,2000-04-25,henri drell,1630929,-1.0,-1.0,-1.0
4431684,Trayce Jackson-Davis,2000-02-22,trayce jacksondavis,1631218,2023.0,2.0,57.0
4431714,Jalen Wilson,2000-11-04,jalen wilson,1630592,2023.0,2.0,51.0
4431727,Isaiah Wong,2001-01-28,isaiah wong,1631209,2023.0,2.0,55.0
4431736,Toumani Camara,2000-05-08,toumani camara,1641739,2023.0,2.0,52.0
4431752,Kobe Brown,2000-01-01,kobe brown,1641738,2023.0,1.0,30.0
4431775,Seth Lundy,2000-04-02,seth lundy,1641754,2023.0,2.0,46.0
4432107,Marcus Sasser,2000-09-21,marcus sasser,1631204,2023.0,1.0,25.0
4432181,Julian Strawther,2002-04-18,julian strawther,1631124,2023.0,1.0,29.0
4432190,Andre Jackson Jr.,2001-11-13,andre jackson,1641748,2023.0,2.0,36.0
4432247,Jaylen Clark,2001-10-13,jaylen clark,1641740,2023.0,2.0,53.0
4432735,Dariq Whitehead,2004-08-01,dariq whitehead,1641727,2023.0,1.0,22.0
4432820,D.J. Carton,2000-08-05,dj carton,1630618,-1.0,-1.0,-1.0
4432827,Oscar Tshiebwe,1999-11-27,oscar tshiebwe,1631131,-1.0,-1.0,-1.0
4432848,Jaime Jaquez Jr.,2001-02-18,jaime jaquez,1631170,2023.0,1.0,18.0
4433076,Ben Sheppard,2001-07-16,ben sheppard,1641767,2023.0,1.0,26.0
4433255,Chet Holmgren,2002-05-01,chet holmgren,1631096,2022.0,1.0,2.0
4433287,Brandon Miller,2002-11-22,brandon miller,1641706,2023.0,1.0,2.0
4433378,Colby Jones,2002-05-28,colby jones,1641732,2023.0,2.0,34.0
4433620,Emoni Bates,2004-01-28,emoni bates,1641734,2023.0,2.0,49.0
4433622,Chris Livingston,2003-10-15,chris livingston,1641753,2023.0,2.0,58.0
4433626,Jalen Hood-Schifino,2003-06-19,jalen hoodschifino,1641720,2023.0,1.0,17.0
4433627,Keyonte George,2003-11-08,keyonte george,1641718,2023.0,1.0,16.0
4438552,Onuralp Bitim,1999-03-31,onuralp bitim,1641931,-1.0,-1.0,-1.0
4565203,Charles Bediako,2002-03-10,charles bediako,1641777,-1.0,-1.0,-1.0
4592461,Jacob Toppin,2000-05-08,jacob toppin,1631210,-1.0,-1.0,-1.0
4592714,Pat Spencer,1996-07-04,pat spencer,1630311,-1.0,-1.0,-1.0
4592933,Mouhamadou Gueye,1998-07-06,mouhamadou gueye,1631338,-1.0,-1.0,-1.0
4594326,Kris Murray,2000-08-19,kris murray,1631200,2023.0,1.0,23.0
4595400,Olivier-Maxence Prosper,2002-07-03,oliviermaxence prosper,1641765,2023.0,1.0,24.0
4597865,Tosan Evbuomwan,2001-02-16,tosan evbuomwan,1641787,-1.0,-1.0,-1.0
4598307,Dmytro Skapintsev,1998-05-12,dmytro skapintsev,1631376,-1.0,-1.0,-1.0
4683678,Scoot Henderson,2004-02-03,scoot henderson,1630703,2023.0,1.0,3.0
4683686,Nick Smith Jr.,2004-04-18,nick smith,1641733,2023.0,1.0,27.0
4683688,Dereck Lively II,2004-02-12,dereck lively,1641726,2023.0,1.0,12.0
4683689,Jordan Walsh,2004-03-03,jordan walsh,1641775,2023.0,2.0,38.0
4683692,Cason Wallace,2003-11-07,cason wallace,1641717,2023.0,1.0,10.0
4683736,Kobe Bufkin,2003-09-21,kobe bufkin,1641723,2023.0,1.0,15.0
4683750,Jordan Hawkins,2002-04-29,jordan hawkins,1641722,2023.0,1.0,14.0
4683940,Terquavion Smith,2002-12-31,terquavion smith,1631173,-1.0,-1.0,-1.0
4684286,Maxwell Lewis,2002-07-27,maxwell lewis,1641721,2023.0,2.0,40.0
4684737,Jaylen Martin,2004-01-28,jaylen martin,1641798,-1.0,-1.0,-1.0
4684740,Amen Thompson,2003-01-30,amen thompson,1641708,2023.0,1.0,4.0
4684742,Ausar Thompson,2003-01-30,ausar thompson,1641709,2023.0,1.0,5.0
4684806,Taylor Hendricks,2003-11-22,taylor hendricks,1641707,2023.0,1.0,9.0
4701233,Craig Porter Jr.,2000-02-26,craig porter,1641854,-1.0,-1.0,-1.0
4701234,Ricky Council IV,2001-08-03,ricky council,1641741,-1.0,-1.0,-1.0
4702023,Adama Sanogo,2002-02-12,adama sanogo,1641766,-1.0,-1.0,-1.0
4702702,D'Moi Hodge,1998-12-20,dmoi hodge,1641793,-1.0,-1.0,-1.0
4709138,Brandin Podziemski,2003-02-25,brandin podziemski,1641764,2023.0,1.0,19.0
4712849,Anthony Black,2004-01-20,anthony black,1641710,2023.0,1.0,6.0
4712863,Mouhamed Gueye,2002-11-09,mouhamed gueye,1631243,2023.0,2.0,39.0
4712896,Noah Clowney,2004-07-14,noah clowney,1641730,2023.0,1.0,21.0
4871137,Malcolm Cazalon,2001-08-27,malcolm cazalon,1630608,-1.0,-1.0,-1.0
4896481,Alex Fudge,2003-05-06,alex fudge,1641788,-1.0,-1.0,-1.0
4997536,Gui Santos,2002-06-22,gui santos,1630611,2022.0,2.0,55.0
4997537,Tristan Vukcevic,2003-03-11,tristan vukcevic,1641774,2023.0,2.0,42.0
5044385,Leonard Miller,2003-11-26,leonard miller,1631159,2023.0,2.0,33.0
5081727,Sidy Cissoko,2004-04-02,sidy cissoko,1631321,2023.0,2.0,44.0
5090967,Jaylin Galloway,2002-12-21,jaylin galloway,1641945,-1.0,-1.0,-1.0
5099752,Rayan Rupert,2004-05-31,rayan rupert,1641712,2023.0,2.0,43.0
5104155,Bilal Coulibaly,2004-07-26,bilal coulibaly,1641731,2023.0,1.0,7.0
5104157,Victor Wembanyama,2004-01-04,victor wembanyama,1641705,2023.0,1.0,1.0
5105550,GG Jackson,2004-12-17,gg jackson,1641713,2023.0,2.0,45.0
5105553,Julian Phillips,2003-11-05,julian phillips,1641763,2023.0,2.0,35.0
5105592,Cam Whitmore,2004-07-08,cam whitmore,1641715,2023.0,1.0,20.0
5105638,Amari Bailey,2004-02-17,amari bailey,1641735,2023.0,2.0,41.0
5105806,Jett Howard,2003-09-14,jett howard,1641724,2023.0,1.0,11.0
5105839,Brice Sensabaugh,2003-10-30,brice sensabaugh,1641729,2023.0,1.0,28.0
5106060,Jarace Walker,2003-09-04,jarace walker,1641716,2023.0,1.0,8.0
5106258,Gradey Dick,2003-11-20,gradey dick,1641711,2023.0,1.0,13.0
5184018,Maozinha Pereira,2000-08-28,maozinha pereira,1641970,-1.0,-1.0,-1.0
3911893,Jack McVeigh,1996-06-27,jack mcveigh,1629098,-1.0,-1.0,-1.0
3950760,Kylor Kelley,1997-08-26,kylor kelley,1630283,-1.0,-1.0,-1.0
4066889,Jackson Rowe,1997-01-04,jackson rowe,1642050,-1.0,-1.0,-1.0
4277812,Alex Reese,1999-05-21,alex reese,1642024,-1.0,-1.0,-1.0
4278516,Ethan Thompson,1999-05-04,ethan thompson,1630679,-1.0,-1.0,-1.0
4279318,Daeqwon Plowden,1998-08-29,daeqwon plowden,1631342,-1.0,-1.0,-1.0
4396679,Erik Stevenson,1999-04-28,erik stevenson,1641907,-1.0,-1.0,-1.0
4397347,Liam Robbins,1999-07-12,liam robbins,1641857,-1.0,-1.0,-1.0
4397449,Elijah Harkless,2000-02-03,elijah harkless,1641989,-1.0,-1.0,-1.0
4397570,Jaylen Sims,1998-12-11,jaylen sims,1631301,-1.0,-1.0,-1.0
4397882,Tolu Smith,2000-07-26,tolu smith,1642449,-1.0,-1.0,-1.0
4411057,Kevin McCullar Jr.,2001-03-15,kevin mccullar,1641755,2024.0,2.0,56.0
4431689,Keion Brooks Jr.,2000-08-07,keion brooks,1631232,-1.0,-1.0,-1.0
4431695,Drew Timme,2000-09-09,drew timme,1631166,-1.0,-1.0,-1.0
4431705,Anton Watson,2000-10-06,anton watson,1641817,2024.0,2.0,54.0
4431766,Damion Baugh,2000-08-03,damion baugh,1641878,-1.0,-1.0,-1.0
4431786,Keshad Johnson,2001-06-23,keshad johnson,1642352,-1.0,-1.0,-1.0
4431816,Jesse Edwards,2000-03-18,jesse edwards,1642399,-1.0,-1.0,-1.0
4431893,Jamison Battle,2001-05-10,jamison battle,1642419,-1.0,-1.0,-1.0
4431941,RayJ Dennis,2001-03-30,rayj dennis,1642484,-1.0,-1.0,-1.0
4432070,Quincy Olivari,2001-05-27,quincy olivari,1642439,-1.0,-1.0,-1.0
4432117,Isaiah Stevens,2000-11-01,isaiah stevens,1641815,-1.0,-1.0,-1.0
4432187,Reece Beekman,2001-10-08,reece beekman,1641736,-1.0,-1.0,-1.0
4432241,Jamal Shead,2002-07-24,jamal shead,1642347,2024.0,2.0,45.0
4432847,Terrence Shannon Jr.,2000-07-30,terrence shannon,1630545,2024.0,1.0,27.0
4432872,Emanuel Miller,2000-06-19,emanuel miller,1641801,-1.0,-1.0,-1.0
4432887,Tyson Etienne,1999-09-17,tyson etienne,1630623,-1.0,-1.0,-1.0
4432946,Jalen Bridges,2001-05-14,jalen bridges,1641779,-1.0,-1.0,-1.0
4432957,Yuri Collins,2001-03-07,yuri collins,1641879,-1.0,-1.0,-1.0
4432971,Alex Ducas,2000-12-11,alex ducas,1642505,-1.0,-1.0,-1.0
4433083,Cam Spencer,2000-04-06,cam spencer,1642285,2024.0,2.0,53.0
4433133,Jahmir Young,2000-10-07,jahmir young,1642443,-1.0,-1.0,-1.0
4433147,Marcus Bagley,2001-10-23,marcus bagley,1630542,-1.0,-1.0,-1.0
4433188,Devin Carter,2002-03-18,devin carter,1642269,2024.0,1.0,13.0
4433225,Tyler Kolek,2001-03-27,tyler kolek,1642278,2024.0,2.0,34.0
4433268,Trey Alexander,2003-05-02,trey alexander,1641725,-1.0,-1.0,-1.0
4433618,Harrison Ingram,2002-11-27,harrison ingram,1631127,2024.0,2.0,48.0
4592401,N'Faly Dante,2001-10-19,nfaly dante,1642368,-1.0,-1.0,-1.0
4592427,Spencer Jones,2001-06-14,spencer jones,1642461,-1.0,-1.0,-1.0
4592435,Branden Carlson,1999-06-14,branden carlson,1642382,-1.0,-1.0,-1.0
4592686,Antonio Reeves,2000-11-20,antonio reeves,1641810,2024.0,2.0,47.0
4592699,Enrique Freeman,2000-07-29,enrique freeman,1642402,2024.0,2.0,50.0
4592712,Boo Buie,1999-12-07,boo buie,1642486,-1.0,-1.0,-1.0
4592857,Isaiah Crawford,2001-11-01,isaiah crawford,1642384,-1.0,-1.0,-1.0
4592965,Tristen Newton,2001-04-26,tristen newton,1641803,2024.0,2.0,49.0
4592979,Zyon Pullin,2001-03-03,zyon pullin,1642389,-1.0,-1.0,-1.0
4593016,Quinten Post,2000-03-21,quinten post,1642366,2024.0,2.0,52.0
4593841,Baylor Scheierman,2000-09-26,baylor scheierman,1631248,2024.0,1.0,30.0
4601023,Oso Ighodaro,2002-07-14,oso ighodaro,1642345,2024.0,2.0,40.0
4601025,Pelle Larsson,2001-02-23,pelle larsson,1641796,2024.0,2.0,44.0
4683747,Jaylon Tyson,2002-12-02,jaylon tyson,1642281,2024.0,1.0,20.0
4683766,Isaiah Collier,2004-10-08,isaiah collier,1642268,2024.0,1.0,29.0
4683771,Ronald Holland II,2005-07-07,ronald holland,1641842,2024.0,1.0,5.0
4683774,Bronny James,2004-10-06,bronny james,1642355,2024.0,2.0,55.0
4683778,Jared McCain,2004-02-20,jared mccain,1642272,2024.0,1.0,16.0
4683834,KJ Simpson,2002-08-08,kj simpson,1642354,2024.0,2.0,42.0
4684272,Ja'Kobe Walter,2004-09-04,jakobe walter,1642266,2024.0,1.0,19.0
4684275,Rob Dillingham,2005-01-04,rob dillingham,1642265,2024.0,1.0,8.0
4684793,Kyle Filipowski,2003-11-07,kyle filipowski,1642271,2024.0,2.0,32.0
4701225,PJ Hall,2002-02-21,pj hall,1641790,-1.0,-1.0,-1.0
4702159,Dillon Jones,2001-10-29,dillon jones,1641794,2024.0,1.0,26.0
4702382,Tristan da Silva,2001-05-15,tristan da silva,1641783,2024.0,1.0,18.0
4711272,Reed Sheppard,2004-06-24,reed sheppard,1642263,2024.0,1.0,3.0
4711294,Matas Buzelis,2004-10-13,matas buzelis,1641824,2024.0,1.0,11.0
4711297,Justin Edwards,2003-12-16,justin edwards,1642348,-1.0,-1.0,-1.0
4845363,Cam Christie,2005-07-24,cam christie,1642353,2024.0,2.0,46.0
4845367,Stephon Castle,2004-11-01,stephon castle,1642264,2024.0,1.0,4.0
4845374,Bub Carrington,2005-07-21,bub carrington,1642267,2024.0,1.0,14.0
4871141,Ariel Hukporti,2002-04-12,ariel hukporti,1630574,2024.0,2.0,58.0
4888725,Ryan Dunn,2003-01-07,ryan dunn,1642346,2024.0,1.0,28.0
4895758,Cody Williams,2004-11-20,cody williams,1642262,2024.0,1.0,10.0
4896850,Taran Armstrong,2002-01-15,taran armstrong,1642379,-1.0,-1.0,-1.0
4897449,Malevy Leons,1999-09-23,malevy leons,1642502,-1.0,-1.0,-1.0
4897943,Dalton Knecht,2001-04-19,dalton knecht,1642261,2024.0,1.0,17.0
4900671,Ajay Mitchell,2002-06-25,ajay mitchell,1642349,2024.0,2.0,38.0
4906923,Bobi Klintman,2003-03-06,bobi klintman,1641752,2024.0,2.0,37.0
4909710,Phillip Wheeler,2002-04-23,phillip wheeler,1630762,-1.0,-1.0,-1.0
4997538,Karlo Matkovic,2001-03-30,karlo matkovic,1631255,2022.0,2.0,52.0
4997539,Luke Travers,2001-09-03,luke travers,1631247,2022.0,2.0,56.0
5061589,Yves Missi,2004-05-14,yves missi,1642274,2024.0,1.0,21.0
5104156,Armel Traore,2003-01-23,armel traore,1642422,-1.0,-1.0,-1.0
5105565,Donovan Clingan,2004-02-23,donovan clingan,1642270,2024.0,1.0,7.0
5105623,Kel'el Ware,2004-04-20,kelel ware,1642276,2024.0,1.0,15.0
5105637,Adem Bona,2003-03-28,adem bona,1641737,2024.0,2.0,41.0
5106268,Nae'Qwan Tomlin,2000-12-19,naeqwan tomlin,1641772,-1.0,-1.0,-1.0
5107199,Daniss Jenkins,2001-08-17,daniss jenkins,1642450,-1.0,-1.0,-1.0
5107818,Isaac Jones,2000-07-11,isaac jones,1642403,-1.0,-1.0,-1.0
5107897,Jonathan Mogbo,2001-10-29,jonathan mogbo,1642367,2024.0,2.0,31.0
5112087,Jaylen Wells,2003-08-26,jaylen wells,1642377,2024.0,2.0,39.0
5159895,Yuki Kawamura,2001-05-02,yuki kawamura,1642530,-1.0,-1.0,-1.0
5160992,Alex Sarr,2005-04-26,alex sarr,1642259,2024.0,1.0,2.0
5165257,Trentyn Flowers,2005-03-08,trentyn flowers,1642280,-1.0,-1.0,-1.0
5167876,Tyler Smith,2004-11-02,tyler smith,1641890,2024.0,2.0,33.0
5170947,AJ Johnson,2004-12-01,aj johnson,1642358,2024.0,1.0,23.0
5174563,Kyshawn George,2003-12-12,kyshawn george,1642273,2024.0,1.0,24.0
5177362,Riley Minix,2000-09-22,riley minix,1642434,-1.0,-1.0,-1.0
5211175,Zaccharie Risacher,2005-04-08,zaccharie risacher,1642258,2024.0,1.0,1.0
5211176,Tidjane Salaun,2005-08-10,tidjane salaun,1642275,2024.0,1.0,6.0
5211983,Pacome Dadiet,2005-07-27,pacome dadiet,1642359,2024.0,1.0,25.0
5211984,Ulrich Chomche,2005-12-30,ulrich chomche,1642279,2024.0,2.0,57.0
4279147,Lucas Williamson,1999-01-28,lucas williamson,1631351,-1.0,-1.0,-1.0
4396963,Blake Hinson,1999-12-26,blake hinson,1642396,-1.0,-1.0,-1.0
4397114,Cormac Ryan,1998-10-26,cormac ryan,1642504,-1.0,-1.0,-1.0
4397450,Darius Brown II,1999-07-28,darius brown,1642468,-1.0,-1.0,-1.0
4397784,Malachi Smith,1999-12-06,malachi smith,1641869,-1.0,-1.0,-1.0
4398356,Gabe McGlothan,1999-03-03,gabe mcglothan,1642440,-1.0,-1.0,-1.0
4431734,Tristan Enaruna,2001-06-26,tristan enaruna,1642400,-1.0,-1.0,-1.0
4431772,Myron Gardner,2001-05-21,myron gardner,1642066,-1.0,-1.0,-1.0
4431914,Tyler Burton,2000-02-11,tyler burton,1631174,-1.0,-1.0,-1.0
4432068,Josh Oduro,2000-10-14,josh oduro,1642490,-1.0,-1.0,-1.0
4432180,Hunter Dickinson,2000-11-25,hunter dickinson,1630621,-1.0,-1.0,-1.0
4432185,Micah Peavy,2001-07-16,micah peavy,1642877,2025.0,2.0,40.0
4432452,Alex Antetokounmpo,2001-08-27,alex antetokounmpo,1630828,-1.0,-1.0,-1.0
4433144,Caleb Love,2001-09-27,caleb love,1631126,-1.0,-1.0,-1.0
4433149,LJ Cryer,2001-10-09,lj cryer,1643018,-1.0,-1.0,-1.0
4433174,Dylan Cardwell,2001-12-16,dylan cardwell,1642928,-1.0,-1.0,-1.0
4433281,Hunter Sallis,2003-03-26,hunter sallis,1642282,-1.0,-1.0,-1.0
4433569,Johni Broome,2002-07-19,johni broome,1641780,2025.0,2.0,35.0
4433607,DaRon Holmes II,2002-08-15,daron holmes,1641747,2024.0,1.0,22.0
4433629,Ryan Nembhard,2003-03-10,ryan nembhard,1642948,-1.0,-1.0,-1.0
4576060,Ryan Kalkbrenner,2002-01-17,ryan kalkbrenner,1641750,2025.0,2.0,34.0
4585618,Keshon Gilbert,2003-06-30,keshon gilbert,1642933,-1.0,-1.0,-1.0
4590360,Chucky Hepburn,2003-02-09,chucky hepburn,1642935,-1.0,-1.0,-1.0
4591259,Koby Brea,2002-11-06,koby brea,1642886,2025.0,2.0,41.0
4593034,Alex Morales,1997-11-21,alex morales,1631457,-1.0,-1.0,-1.0
4593043,John Tonje,2001-04-23,john tonje,1642910,2025.0,2.0,53.0
4596528,Lawson Lovering,2003-05-09,lawson lovering,1643133,-1.0,-1.0,-1.0
4597259,Javonte Cooke,1999-07-11,javonte cooke,1631451,-1.0,-1.0,-1.0
4602025,Sion James,2002-12-04,sion james,1642883,2025.0,2.0,33.0
4606840,Jamir Watkins,2001-07-06,jamir watkins,1642364,2025.0,2.0,43.0
4683742,Julian Reese,2003-06-30,julian reese,1642882,-1.0,-1.0,-1.0
4683933,Tamar Bates,2003-02-21,tamar bates,1642926,-1.0,-1.0,-1.0
4683934,Jahmai Mashack,2002-11-10,jahmai mashack,1642942,2025.0,2.0,59.0
4684208,Brooks Barnhizer,2002-03-02,brooks barnhizer,1642964,2025.0,2.0,44.0
4696317,Miles Kelly,2003-01-26,miles kelly,1642939,-1.0,-1.0,-1.0
4697268,Kam Jones,2002-02-25,kam jones,1642880,2025.0,2.0,38.0
4697270,Payton Sandfort,2002-07-12,payton sandfort,1642362,-1.0,-1.0,-1.0
4700818,Vladislav Goldin,2001-05-12,vladislav goldin,1642884,-1.0,-1.0,-1.0
4700852,Chaz Lanier,2001-12-19,chaz lanier,1642404,2025.0,2.0,37.0
4700873,Toby Okani,2001-10-05,toby okani,1643253,-1.0,-1.0,-1.0
4701208,Moussa Cisse,2002-09-10,moussa cisse,1630619,-1.0,-1.0,-1.0
4701845,Kadary Richmond,2001-08-25,kadary richmond,1642955,-1.0,-1.0,-1.0
4701992,Max Shulga,2002-06-25,max shulga,1642917,2025.0,2.0,57.0
4702134,Norchad Omier,2001-08-28,norchad omier,1641807,-1.0,-1.0,-1.0
4702352,Kobe Sanders,2002-05-30,kobe sanders,1642920,2025.0,2.0,50.0
4702384,Nique Clifford,2002-02-09,nique clifford,1642363,2025.0,1.0,24.0
4702431,Andersson Garcia,2000-08-23,andersson garcia,1643158,-1.0,-1.0,-1.0
4702602,CJ Huntley,2002-01-06,cj huntley,1643047,-1.0,-1.0,-1.0
4702656,Alijah Martin,2001-12-26,alijah martin,1642918,2025.0,2.0,39.0
4702670,Grant Nelson,2002-03-18,grant nelson,1641761,-1.0,-1.0,-1.0
4702745,Amari Williams,2002-01-28,amari williams,1642873,2025.0,2.0,46.0
4702785,Jahmyl Telfort,2001-04-30,jahmyl telfort,1643141,-1.0,-1.0,-1.0
4702972,Chris Manon,2001-12-09,chris manon,1643024,-1.0,-1.0,-1.0
4703421,Taelon Peter,2002-02-27,taelon peter,1643007,2025.0,2.0,54.0
4703530,Mark Sears,2002-02-19,mark sears,1641813,-1.0,-1.0,-1.0
4703889,Jayson Kent,2002-02-03,jayson kent,1643257,-1.0,-1.0,-1.0
4706557,Chris Youngblood,2002-02-09,chris youngblood,1642959,-1.0,-1.0,-1.0
4709131,Sean Pedulla,2002-10-10,sean pedulla,1642951,-1.0,-1.0,-1.0
4713010,David Jones Garcia,2001-11-24,david jones garcia,1642357,-1.0,-1.0,-1.0
4781746,Javon Small,2002-12-19,javon small,1642914,2025.0,2.0,48.0
4869780,Derik Queen,2004-12-27,derik queen,1642852,2025.0,1.0,13.0
4873138,Ace Bailey,2006-08-13,ace bailey,1642846,2025.0,1.0,5.0
4873201,Asa Newell,2005-10-05,asa newell,1642854,2025.0,1.0,23.0
4896365,Adama Bal,2003-12-18,adama bal,1642380,-1.0,-1.0,-1.0
4896372,Walter Clayton Jr.,2003-03-06,walter clayton,1642383,2025.0,1.0,18.0
4897262,Will Richard,2002-12-24,will richard,1642954,2025.0,2.0,56.0
4898238,John Poulakidas,2003-04-04,john poulakidas,1642967,-1.0,-1.0,-1.0
4898369,Curtis Jones,2001-10-04,curtis jones,1642938,-1.0,-1.0,-1.0
4898371,Maxime Raynaud,2003-04-07,maxime raynaud,1642875,2025.0,2.0,42.0
4903027,Cedric Coward,2003-09-11,cedric coward,1642907,2025.0,1.0,11.0
5023693,Tyrese Proctor,2004-04-01,tyrese proctor,1642878,2025.0,2.0,49.0
5037871,Dylan Harper,2006-03-02,dylan harper,1642844,2025.0,1.0,2.0
5037873,Drake Powell,2005-09-08,drake powell,1642962,2025.0,1.0,22.0
5041939,Cooper Flagg,2006-12-21,cooper flagg,1642843,2025.0,1.0,1.0
5060631,Adou Thiero,2004-05-08,adou thiero,1642876,2025.0,2.0,36.0
5061568,Carter Bryant,2005-11-26,carter bryant,1642868,2025.0,1.0,14.0
5061575,Kon Knueppel,2005-08-03,kon knueppel,1642851,2025.0,1.0,4.0
5093267,Collin Murray-Boyles,2005-06-10,collin murrayboyles,1642867,2025.0,1.0,9.0
5105977,Rasheer Fleming,2004-07-10,rasheer fleming,1642853,2025.0,2.0,31.0
5107156,Lachlan Olbrich,2003-12-30,lachlan olbrich,1642950,2025.0,2.0,55.0
5107173,Danny Wolf,2004-05-05,danny wolf,1642874,2025.0,1.0,27.0
5108024,Yanic Konan Niederhauser,2003-03-14,yanic konan niederhauser,1642949,2025.0,1.0,30.0
5124612,VJ Edgecombe,2005-07-30,vj edgecombe,1642845,2025.0,1.0,3.0
5144091,Jeremiah Fears,2006-10-14,jeremiah fears,1642847,2025.0,1.0,7.0
5144126,Will Riley,2006-02-10,will riley,1642860,2025.0,1.0,21.0
5157587,Rocco Zikarsky,2006-07-11,rocco zikarsky,1642911,2025.0,2.0,45.0
5159925,Nikola Topic,2005-08-10,nikola topic,1642260,2024.0,1.0,12.0
5174655,Chaney Johnson,2002-06-20,chaney johnson,1643052,-1.0,-1.0,-1.0
5175643,Egor Demin,2006-03-03,egor demin,1642856,2025.0,1.0,8.0
5175647,Hugo Gonzalez,2006-02-05,hugo gonzalez,1642864,2025.0,1.0,28.0
5176420,Hayden Gray,2003-05-11,hayden gray,1643060,-1.0,-1.0,-1.0
5203685,Khaman Maluach,2006-09-14,khaman maluach,1642863,2025.0,1.0,10.0
5214637,Noah Penda,2005-01-07,noah penda,1642869,2025.0,2.0,32.0
5214640,Kasparas Jakucionis,2006-05-29,kasparas jakucionis,1642857,2025.0,1.0,20.0
5238230,Tre Johnson,2006-03-07,tre johnson,1642848,2025.0,1.0,6.0
5239561,Jase Richardson,2005-10-16,jase richardson,1642859,2025.0,1.0,25.0
5239590,Liam McNeeley,2005-10-10,liam mcneeley,1642862,2025.0,1.0,29.0
5242496,Noa Essengue,2006-12-18,noa essengue,1642855,2025.0,1.0,12.0
5242502,Ben Saraf,2006-04-14,ben saraf,1642879,2025.0,1.0,26.0
5279130,Nolan Traore,2006-05-28,nolan traore,1642849,2025.0,1.0,19.0
5279133,Joan Beringer,2006-11-11,joan beringer,1642866,2025.0,1.0,17.0
5289900,Mohamed Diawara,2005-04-29,mohamed diawara,1642885,2025.0,2.0,51.0
