player,age,pts_rate,tpm_rate,reb_rate,ast_rate,stl_rate,blk_rate,fgm_rate,fga_rate,ftm_rate,fta_rate,tov_rate,proj_min,proj_g,proj_mpg,pts,tpm,reb,ast,stl,blk,fgm,fga,ftm,fta,tov,name,team,pos,inj,pts_pg,tpm_pg,reb_pg,ast_pg,stl_pg,blk_pg,fgm_pg,fga_pg,ftm_pg,fta_pg,tov_pg,fg_pct,ft_pct
3945274.0,27.924,0.8614,0.1144,0.2258,0.2392,0.0428,0.0133,0.281,0.6025,0.1847,0.2354,0.1047,1823.1,57.5,36.1658,1570.4367,208.495,411.6739,436.1499,78.0072,24.3342,512.22,1098.3752,336.7017,429.0837,190.8448,Luka Doncic,LAL,G,,31.1535,4.136,8.1666,8.6521,1.5475,0.4827,10.1612,21.789,6.6793,8.5119,3.7859,0.4663,0.7847
4278073.0,28.5565,0.9001,0.0556,0.1426,0.1923,0.0472,0.0244,0.3096,0.5879,0.2173,0.2453,0.0667,1894.3,62.1072,33.7961,1704.9778,105.2336,270.1736,364.2017,89.3633,46.1421,586.5026,1113.6804,411.6636,464.6639,126.3957,Shai Gilgeous-Alexander,OKC,G,,30.4184,1.8775,4.8202,6.4977,1.5943,0.8232,10.4638,19.8691,7.3445,8.29,2.255,0.5266,0.8859
4594268.0,25.4901,0.8106,0.1066,0.1518,0.1341,0.0353,0.0179,0.2724,0.5823,0.1604,0.1923,0.0836,1853.8,58.9,35.5093,1502.7417,197.6822,281.3307,248.6528,65.4408,33.2065,504.9707,1079.4562,297.3098,356.5442,154.9937,Anthony Edwards,MIN,G,,28.7848,3.7866,5.3889,4.7629,1.2535,0.6361,9.6727,20.6769,5.6949,6.8296,2.9689,0.4678,0.8339
4431678.0,26.2402,0.7303,0.0905,0.1016,0.1764,0.041,0.0151,0.2529,0.5596,0.1342,0.1508,0.0584,2027.8,60.7,37.8112,1480.8676,183.4282,206.109,357.6785,83.1702,30.5712,512.9086,1134.8121,272.1192,305.7831,118.3731,Tyrese Maxey,PHI,G,,27.6129,3.4203,3.8432,6.6694,1.5508,0.57,9.5639,21.1602,5.074,5.7018,2.2072,0.452,0.8899
3032977.0,32.154,0.8013,0.0117,0.3279,0.1807,0.0296,0.0284,0.3022,0.515,0.1689,0.2661,0.0948,1252.3,45.2181,33.1237,1003.4096,14.7111,410.6281,226.2469,37.0509,35.5524,378.477,644.9889,211.5415,333.2012,118.6913,Giannis Antetokounmpo,MIA,F,,26.5405,0.3891,10.8612,5.9843,0.98,0.9404,10.0108,17.0601,5.5953,8.8133,3.1394,0.5868,0.6349
5104157.0,23.0753,0.8586,0.0843,0.3662,0.1288,0.0372,0.1039,0.2991,0.6052,0.1738,0.207,0.0958,1599.1,57.2084,30.3019,1372.9992,134.8499,585.5916,205.9705,59.4322,166.1588,478.2381,967.7342,277.9999,331.0649,153.201,Victor Wembanyama,SA,F,,26.0175,2.5553,11.0966,3.903,1.1262,3.1486,9.0623,18.338,5.2679,6.2735,2.9031,0.4942,0.8397
3112335.0,31.9487,0.7194,0.0468,0.3471,0.2736,0.0414,0.0205,0.2678,0.4796,0.1306,0.161,0.0935,1890.0,60.0,35.4347,1359.5883,88.5304,655.9306,517.1714,78.1714,38.8006,506.2059,906.3822,246.8398,304.2423,176.703,Nikola Jokic,DEN,C,,25.4903,1.6598,12.2977,9.6962,1.4656,0.7275,9.4906,16.9933,4.6279,5.7041,3.3129,0.5585,0.8113
4432166.0,25.3504,0.7442,0.0663,0.1598,0.2824,0.0338,0.0193,0.2693,0.5815,0.1366,0.1614,0.1104,1831.2,59.5,34.215,1362.7382,121.3878,292.6727,517.1607,61.9514,35.4264,493.1744,1064.905,250.2289,295.5133,202.2374,Cade Cunningham,DET,G,,25.4621,2.2681,5.4684,9.6629,1.1575,0.6619,9.2147,19.8972,4.6754,5.5215,3.7787,0.4631,0.8468
3059318.0,32.8795,0.7942,0.0436,0.2664,0.1371,0.0254,0.0375,0.259,0.5425,0.217,0.2523,0.0968,1155.9,41.4,31.8825,918.0034,50.3505,307.9599,158.4965,29.3107,43.3043,299.3621,627.0791,250.7841,291.6089,111.8484,Joel Embiid,PHI,C,,25.3207,1.3888,8.4943,4.3717,0.8085,1.1944,8.2571,17.2964,6.9172,8.0433,3.085,0.4774,0.86
4065648.0,28.9151,0.7062,0.0986,0.2373,0.1565,0.0299,0.0133,0.2383,0.532,0.1322,0.1604,0.0745,1023.3,35.7,35.6712,722.6033,100.8697,242.7832,160.1973,30.6313,13.6561,243.8316,544.3808,135.2432,164.1121,76.1923,Jayson Tatum,BOS,F,,25.1892,3.5162,8.4632,5.5843,1.0678,0.476,8.4997,18.9766,4.7144,5.7208,2.656,0.4479,0.8241
3934672.0,30.4182,0.7127,0.0757,0.0926,0.1941,0.0241,0.0041,0.251,0.5374,0.1331,0.1601,0.0684,2048.6,64.0482,35.3072,1460.0252,155.085,189.7035,397.7189,49.4149,8.3452,514.1552,1100.8845,272.6969,327.9092,140.0424,Jalen Brunson,NY,G,,25.1632,2.6729,3.2695,6.8546,0.8517,0.1438,8.8613,18.9735,4.6999,5.6514,2.4136,0.467,0.8316
4432573.0,24.2197,0.7168,0.048,0.2236,0.1629,0.0236,0.016,0.2419,0.5242,0.1838,0.2401,0.0863,1907.6,61.1,34.7105,1367.3536,91.6187,426.5596,310.6993,44.9931,30.5032,461.3888,999.9369,350.5357,457.9342,164.6781,Paolo Banchero,ORL,F,,24.8802,1.6671,7.7616,5.6534,0.8187,0.555,8.3954,18.1947,6.3783,8.3325,2.9965,0.4614,0.7655
3908809.0,30.399,0.7446,0.1018,0.1386,0.1646,0.0433,0.0096,0.2554,0.5595,0.1322,0.1559,0.0762,1893.5,62.6,33.1126,1409.8288,192.7168,262.4228,311.6535,82.0535,18.1377,483.6498,1059.3259,250.3445,295.2073,144.3791,Donovan Mitchell,CLE,G,,24.6544,3.3701,4.5891,5.45,1.4349,0.3172,8.4578,18.525,4.3779,5.1624,2.5248,0.4566,0.848
3136193.0,30.2539,0.6924,0.0643,0.1147,0.1843,0.0242,0.008,0.2324,0.5072,0.1597,0.1816,0.0814,1853.5,60.0,35.5036,1283.3623,119.0929,212.6457,341.6431,44.8885,14.9053,430.7927,940.0149,295.9211,336.6737,150.8303,Devin Booker,PHX,G,,24.5827,2.2812,4.0732,6.5441,0.8598,0.2855,8.2518,18.0059,5.6683,6.449,2.8891,0.4583,0.879
3917376.0,30.2704,0.6958,0.0599,0.1796,0.132,0.0316,0.0112,0.2555,0.5445,0.1213,0.158,0.0859,1937.5,62.3,34.1261,1348.1243,116.1195,347.9092,255.7048,61.2142,21.6753,495.0724,1055.0064,235.059,306.1402,166.4899,Jaylen Brown,PHI,G,,23.7451,2.0453,6.1279,4.5038,1.0782,0.3818,8.7199,18.5823,4.1402,5.3922,2.9325,0.4693,0.7678
3202.0,38.3388,0.6382,0.0644,0.158,0.1221,0.0234,0.0288,0.228,0.4487,0.1145,0.1347,0.0846,2147.3,65.7,36.6709,1370.5109,138.2435,339.3646,262.1391,50.2322,61.9385,489.6165,963.4353,245.9701,289.1869,181.7575,Kevin Durant,HOU,F,,23.4052,2.3609,5.7956,4.4767,0.8578,1.0578,8.3615,16.4532,4.2006,4.9386,3.104,0.5082,0.8506
4277905.0,28.3676,0.6649,0.0885,0.0839,0.3161,0.0336,0.0053,0.2044,0.4886,0.1681,0.1947,0.1191,964.8,35.6,34.5213,641.465,85.3747,80.9611,305.0111,32.3987,5.0871,197.1981,471.4363,162.1977,187.8078,114.9438,Trae Young,WSH,G,,22.9521,3.0548,2.8968,10.9135,1.1593,0.182,7.0559,16.8683,5.8036,6.7199,4.1128,0.4183,0.8636
5041939.0,20.1129,0.6811,0.0357,0.2008,0.1478,0.0363,0.0264,0.2527,0.5334,0.1342,0.1589,0.0671,1674.5,55.5,33.5571,1140.4348,59.719,336.2475,247.5519,60.7306,44.1245,423.2267,893.1311,224.6551,266.136,112.3562,Cooper Flagg,DAL,F,,22.8544,1.1968,6.7384,4.961,1.217,0.8843,8.4815,17.8984,4.5021,5.3334,2.2516,0.4739,0.8441
4432816.0,25.4435,0.7648,0.1374,0.1654,0.259,0.0412,0.0087,0.262,0.6376,0.1054,0.12,0.1019,1658.0,61.2,29.6922,1267.9669,227.8786,274.3146,429.3573,68.328,14.3871,434.3548,1057.1239,174.7719,198.9844,168.961,LaMelo Ball,MIN,G,,22.7073,4.0809,4.9125,7.6891,1.2236,0.2577,7.7786,18.9314,3.1299,3.5635,3.0258,0.4109,0.8783
4566434.0,25.4298,0.7015,0.0536,0.1686,0.1347,0.0339,0.0108,0.2521,0.5314,0.14,0.1623,0.0616,1211.9,43.5,32.2812,850.16,64.9124,204.3748,163.2537,41.0847,13.099,305.5708,644.0202,169.7024,196.6917,74.6254,Franz Wagner,ORL,F,,22.6456,1.7291,5.4439,4.3486,1.0944,0.3489,8.1394,17.1546,4.5203,5.2392,1.9878,0.4745,0.8628
4395628.0,26.5715,0.7497,0.0035,0.1988,0.147,0.0346,0.0205,0.2812,0.4891,0.1726,0.2435,0.0796,1505.6,54.5,30.0844,1128.7879,5.2995,299.2451,221.3129,52.1198,30.8683,423.3918,736.4402,259.9269,366.5409,119.8965,Zion Williamson,NO,F,,22.555,0.1059,5.9794,4.4222,1.0414,0.6168,8.4601,14.7153,5.1938,7.3241,2.3957,0.5749,0.7091
6450.0,35.5927,0.6842,0.0714,0.1844,0.1024,0.0502,0.0166,0.248,0.5033,0.1133,0.1307,0.059,1661.3,56.7,32.7031,1136.6605,118.5902,306.3069,170.1079,83.4152,27.6284,412.0133,836.0738,188.2448,217.0788,97.9434,Kawhi Leonard,LAC,F,,22.3754,2.3345,6.0297,3.3486,1.642,0.5439,8.1106,16.4583,3.7056,4.2732,1.928,0.4928,0.8672
3975.0,38.8836,0.6991,0.1382,0.1286,0.1583,0.0318,0.0127,0.2288,0.5184,0.1081,0.1182,0.0868,1390.4,49.0,31.954,971.9865,192.2042,178.8132,220.0595,44.2671,17.6969,318.165,720.754,150.246,164.4023,120.6778,Stephen Curry,GS,G,,22.3381,4.4172,4.1095,5.0574,1.0173,0.4067,7.312,16.5643,3.4529,3.7783,2.7734,0.4414,0.9139
4395725.0,27.0315,0.6553,0.0977,0.1501,0.1501,0.0244,0.007,0.2332,0.5025,0.0932,0.1051,0.0677,1287.1,44.7,33.8447,843.4514,125.7134,193.2233,193.1843,31.4188,8.954,300.1193,646.7528,119.9156,135.3119,87.1772,Tyler Herro,MIL,G,,22.1788,3.3057,5.0809,5.0798,0.8262,0.2354,7.8917,17.0066,3.1532,3.5581,2.2924,0.464,0.8862
4066336.0,29.6954,0.6659,0.0935,0.2062,0.0586,0.0266,0.013,0.2229,0.4903,0.1274,0.1434,0.0445,1369.5,46.2,33.0178,911.9805,127.9874,282.3422,80.2274,36.4945,17.8384,305.2598,671.4512,174.4319,196.4381,60.9262,Lauri Markkanen,UTAH,F,,21.9873,3.0857,6.8071,1.9342,0.8799,0.4301,7.3596,16.1883,4.2054,4.736,1.4689,0.4546,0.888
3936299.0,29.9363,0.6306,0.0831,0.119,0.1883,0.0298,0.0133,0.2252,0.4775,0.0981,0.1119,0.0621,2068.6,64.7,34.7988,1304.5258,171.9228,246.1106,389.5091,61.7164,27.4598,465.7661,987.841,203.0146,231.5743,128.4975,Jamal Murray,DEN,G,,21.9452,2.8922,4.1402,6.5525,1.0382,0.4619,7.8353,16.6178,3.4152,3.8956,2.1616,0.4715,0.8767
4279888.0,27.4778,0.7177,0.055,0.1329,0.2543,0.0358,0.0099,0.245,0.5587,0.1651,0.1949,0.1109,935.5,35.5,30.1346,671.4276,51.4168,124.3324,237.8941,33.5007,9.2332,229.1802,522.6326,154.4766,182.3319,103.793,Ja Morant,POR,G,,21.6282,1.6563,4.005,7.6631,1.0791,0.2974,7.3824,16.8352,4.976,5.8733,3.3434,0.4385,0.8472
4871144.0,24.5209,0.6626,0.0167,0.2924,0.1833,0.0357,0.0261,0.2572,0.4956,0.126,0.1781,0.0848,1940.4,64.1,32.5334,1285.639,32.4195,567.2975,355.6449,69.2978,50.7255,498.9822,961.5999,244.5866,345.5026,164.5614,Alperen Sengun,HOU,C,,21.5555,0.5436,9.5115,5.9629,1.1619,0.8505,8.3661,16.1225,4.1008,5.7928,2.7591,0.5189,0.7079
6442.0,34.8597,0.6055,0.0817,0.1348,0.1289,0.035,0.013,0.2212,0.476,0.0812,0.0911,0.0572,680.1,25.5,35.5374,411.7903,55.5561,91.6763,87.6409,23.808,8.8187,150.464,323.742,55.2468,61.9323,38.8867,Kyrie Irving,DAL,G,,21.5174,2.903,4.7904,4.5795,1.244,0.4608,7.8622,16.9166,2.8868,3.2362,2.032,0.4648,0.8921
4437244.0,24.9754,0.6932,0.0975,0.1495,0.1208,0.0294,0.01,0.2436,0.5676,0.1099,0.1344,0.0755,1184.3,44.7,30.9768,820.9878,115.4759,177.0285,143.0865,34.765,11.8947,288.438,672.2156,130.1871,159.2005,89.3572,Jalen Green,PHX,G,,21.474,3.0204,4.6304,3.7426,0.9093,0.3111,7.5445,17.5826,3.4052,4.1641,2.3372,0.4291,0.8178
4066259.0,29.115,0.627,0.0667,0.1255,0.1802,0.0428,0.0099,0.2316,0.4982,0.0965,0.1246,0.0741,1856.2,62.7602,33.8503,1163.905,123.742,232.8984,334.557,79.3782,18.4044,429.8296,924.773,179.0791,231.25,137.615,De'Aaron Fox,SA,G,,21.2254,2.2566,4.2472,6.1011,1.4476,0.3356,7.8385,16.8645,3.2657,4.2172,2.5096,0.4648,0.7744
4277961.0,27.3792,0.693,0.0661,0.182,0.0716,0.0377,0.0455,0.2459,0.5255,0.1326,0.1656,0.0714,1448.4,51.9,30.6104,1003.7298,95.765,263.6689,103.6745,54.6191,65.869,356.0952,761.0831,192.13,239.8005,103.3796,Jaren Jackson Jr.,UTAH,F,,21.2127,2.0239,5.5724,2.191,1.1543,1.3921,7.5257,16.0847,4.0605,5.0679,2.1848,0.4679,0.8012
6583.0,33.8925,0.6211,0.0165,0.3381,0.096,0.0329,0.0575,0.2352,0.4595,0.1224,0.1573,0.0625,983.0,35.6,33.9645,610.5562,16.2561,332.3391,94.3963,32.3738,56.505,231.2371,451.6412,120.3489,154.6226,61.4515,Anthony Davis,WSH,F,,21.0959,0.5617,11.4829,3.2616,1.1186,1.9524,7.9897,15.605,4.1583,5.3425,2.1233,0.512,0.7783
4701230.0,25.1205,0.6014,0.0476,0.2795,0.189,0.0367,0.0179,0.2266,0.4559,0.0984,0.1257,0.0813,1896.0,60.1,34.9435,1140.3021,90.1864,530.0055,358.2595,69.5329,33.9768,429.5437,864.3463,186.5845,238.2698,154.1206,Jalen Johnson,ATL,F,,21.0159,1.6621,9.768,6.6028,1.2815,0.6262,7.9165,15.93,3.4388,4.3913,2.8405,0.497,0.7831
4914336.0,23.6749,0.6805,0.0768,0.1493,0.1006,0.0354,0.007,0.2479,0.5465,0.1063,0.1309,0.0778,1460.4,52.7,30.7965,993.7774,112.1067,217.9857,146.9312,51.6261,10.2709,361.986,798.0514,155.2647,191.2167,113.5478,Shaedon Sharpe,POR,G,,20.9565,2.3641,4.5968,3.0984,1.0887,0.2166,7.6335,16.8291,3.2742,4.0323,2.3945,0.4536,0.812
6606.0,36.5489,0.5843,0.0882,0.1244,0.1816,0.0306,0.0064,0.1789,0.4232,0.1374,0.1519,0.0747,712.9,26.3289,35.7209,416.5179,62.8534,88.6735,129.4704,21.7918,4.5409,127.5363,301.6904,97.9184,108.3104,53.2765,Damian Lillard,POR,G,,20.8702,3.1494,4.4431,6.4873,1.0919,0.2275,6.3904,15.1166,4.9063,5.427,2.6695,0.4227,0.9041
1966.0,42.0869,0.6072,0.0513,0.2003,0.22,0.0345,0.0168,0.2267,0.4458,0.0973,0.1289,0.0961,1738.7,57.5,34.3681,1055.6994,89.2452,348.2732,382.4786,60.0424,29.2742,394.2429,775.1198,169.1698,224.1601,167.0023,LeBron James,PHI,F,,20.8675,1.7641,6.8842,7.5603,1.1868,0.5786,7.7928,15.3214,3.3439,4.4309,3.3011,0.5086,0.7547
4433287.0,24.1923,0.6574,0.11,0.1499,0.1072,0.0316,0.0196,0.2298,0.5265,0.0901,0.102,0.072,1577.0,55.7,31.5939,1036.6437,173.4539,236.4352,169.1258,49.8417,30.9067,362.3482,830.2424,142.165,160.7797,113.5973,Brandon Miller,CHA,F,,20.7683,3.475,4.7368,3.3883,0.9985,0.6192,7.2593,16.6332,2.8482,3.2211,2.2758,0.4364,0.8842
4593803.0,25.7995,0.6618,0.0522,0.1527,0.1745,0.0422,0.0174,0.2507,0.5009,0.1044,0.1273,0.0627,1195.7,43.9157,31.0805,791.3603,62.3916,182.5549,208.5935,50.4438,20.8072,299.7543,598.8861,124.8778,152.1932,74.9372,Jalen Williams,OKC,G,,20.5703,1.6218,4.7453,5.4221,1.3112,0.5409,7.7917,15.5672,3.246,3.956,1.9479,0.5005,0.8205
3913176.0,29.4134,0.614,0.0539,0.1606,0.1332,0.0238,0.0192,0.2276,0.4819,0.1022,0.1253,0.0769,1860.4,60.8,33.4376,1142.2639,100.2062,298.8082,247.8385,44.2316,35.6407,423.453,896.4542,190.1678,233.0916,143.0295,Brandon Ingram,TOR,F,,20.5303,1.801,5.3706,4.4545,0.795,0.6406,7.6109,16.1123,3.418,4.1894,2.5707,0.4724,0.8159
4395625.0,26.6318,0.6548,0.0607,0.1804,0.1358,0.0235,0.0104,0.2397,0.4968,0.1125,0.1617,0.07,1548.8,54.8,31.2677,1014.2159,93.9527,279.4186,210.2857,36.3543,16.1538,371.2271,769.4349,174.2369,250.3868,108.3689,RJ Barrett,TOR,F,,20.4754,1.8968,5.641,4.2453,0.7339,0.3261,7.4945,15.5336,3.5176,5.0549,2.1878,0.4825,0.6959
3136195.0,31.2122,0.6229,0.0574,0.339,0.0916,0.0266,0.0178,0.2192,0.4387,0.1242,0.1469,0.0792,1927.4,65.2422,32.6768,1200.516,110.6629,653.3247,176.5937,51.3416,34.2682,422.5703,845.5439,239.3385,283.138,152.569,Karl-Anthony Towns,NY,C,,20.3533,1.8762,11.0764,2.9939,0.8704,0.581,7.1642,14.3352,4.0577,4.8003,2.5866,0.4998,0.8453
4397688.0,26.6208,0.596,0.1,0.157,0.1038,0.0355,0.0143,0.202,0.438,0.0954,0.1085,0.0466,1856.1,58.8,33.9481,1106.2395,185.6495,291.3503,192.5759,65.9028,26.5895,374.9417,813.0037,177.1571,201.2991,86.4845,Trey Murphy III,NO,F,,20.2331,3.3955,5.3288,3.5222,1.2054,0.4863,6.8577,14.8699,3.2402,3.6818,1.5818,0.4612,0.8801
3149673.0,32.833,0.608,0.0463,0.2024,0.1112,0.0282,0.0125,0.2323,0.4682,0.0939,0.1319,0.0545,1784.3,59.3,33.0418,1084.9279,82.6503,361.153,198.4696,50.2503,22.2156,414.4249,835.4941,167.4991,235.3639,97.1669,Pascal Siakam,IND,F,,20.0908,1.5305,6.6878,3.6753,0.9305,0.4114,7.6743,15.4717,3.1018,4.3585,1.7993,0.496,0.7117
4433627.0,23.2313,0.653,0.0906,0.1156,0.1996,0.0261,0.0058,0.2063,0.4813,0.1539,0.1744,0.0886,1603.6,54.2,30.7064,1047.11,145.3144,185.4011,320.1265,41.8899,9.2654,330.8605,771.7715,246.757,279.7048,142.1438,Keyonte George,UTAH,G,,20.0505,2.7825,3.5501,6.1299,0.8021,0.1774,6.3355,14.7782,4.725,5.3559,2.7218,0.4287,0.8822
4066320.0,28.603,0.6024,0.0752,0.1447,0.1456,0.0322,0.013,0.2159,0.4537,0.0961,0.1071,0.0674,2098.8,68.4,33.1601,1264.3438,157.771,303.75,305.5055,67.4804,27.324,453.0567,952.1275,201.6675,224.794,141.4447,Desmond Bane,ORL,G,,19.9761,2.4927,4.7991,4.8269,1.0662,0.4317,7.1581,15.0432,3.1863,3.5516,2.2348,0.4758,0.8971
5061575.0,21.4956,0.6301,0.117,0.172,0.1173,0.0246,0.0082,0.2145,0.4461,0.0853,0.0977,0.0624,1774.5,61.0,31.4691,1118.0844,207.5605,305.1559,208.1979,43.7247,14.6367,380.6154,791.5809,151.359,173.329,110.7076,Kon Knueppel,CHA,G,,19.8282,3.6809,5.4117,3.6922,0.7754,0.2596,6.7499,14.038,2.6842,3.0738,1.9633,0.4808,0.8732
4433134.0,25.501,0.5873,0.0382,0.2294,0.1882,0.0406,0.0363,0.2228,0.4627,0.1009,0.1264,0.0797,2054.1,67.0,33.6155,1206.3854,78.3948,471.3021,386.591,83.489,74.6378,457.74,950.4886,207.2796,259.6684,163.6205,Scottie Barnes,TOR,F,,19.7426,1.2829,7.7129,6.3266,1.3663,1.2215,7.4909,15.5548,3.3921,4.2495,2.6777,0.4816,0.7982
4396993.0,26.9227,0.5939,0.0995,0.1128,0.315,0.039,0.0192,0.2083,0.4389,0.0821,0.0956,0.058,745.3,27.8,33.0578,442.6125,74.1346,84.0697,234.7827,29.0945,14.2983,155.2337,327.1238,61.2127,71.2712,43.2359,Tyrese Haliburton,IND,G,,19.6321,3.2882,3.7289,10.4138,1.2905,0.6342,6.8854,14.5096,2.7151,3.1612,1.9177,0.4745,0.8589
4683021.0,26.076,0.6251,0.0585,0.2247,0.1669,0.0274,0.0163,0.2031,0.4263,0.1601,0.2014,0.0935,1817.2,60.7,31.3582,1135.954,106.2158,408.2648,303.2145,49.7929,29.6578,369.0814,774.659,290.8612,365.9655,169.9599,Deni Avdija,POR,F,,19.6024,1.8329,7.0452,5.2324,0.8592,0.5118,6.369,13.3678,5.0192,6.3152,2.9329,0.4764,0.7948
3064440.0,31.8966,0.5775,0.086,0.1133,0.1007,0.0233,0.0067,0.2052,0.4264,0.0832,0.0992,0.0697,1374.0,47.4,33.8975,793.4414,118.1636,155.6074,138.3785,31.9989,9.1878,281.9019,585.9037,114.3366,136.341,95.7614,Zach LaVine,SAC,G,,19.5747,2.9152,3.8389,3.4139,0.7894,0.2267,6.9547,14.4546,2.8208,3.3636,2.3625,0.4811,0.8386
4395651.0,26.9576,0.6176,0.0936,0.1229,0.1517,0.0234,0.006,0.2074,0.4604,0.1125,0.1303,0.0737,1369.4,52.9,31.5249,845.7309,128.1249,168.2886,207.7287,32.0856,8.1742,283.9656,630.5098,153.9963,178.3794,100.9225,Coby White,CHA,G,,19.4695,2.9496,3.8742,4.7821,0.7386,0.1882,6.5372,14.5149,3.5451,4.1065,2.3233,0.4504,0.8633
4066457.0,28.6769,0.5737,0.0739,0.132,0.1675,0.0294,0.0095,0.1871,0.3948,0.1268,0.1458,0.0727,1636.6,53.3,33.8882,938.8651,120.9783,215.9503,274.1321,48.1449,15.5597,306.1265,646.144,207.5928,238.5926,118.8995,Austin Reaves,LAL,G,,19.4406,2.505,4.4716,5.6763,0.9969,0.3222,6.3388,13.3794,4.2985,4.9404,2.462,0.4738,0.8701
4396907.0,27.0151,0.6217,0.0934,0.087,0.2214,0.0361,0.0052,0.2229,0.4855,0.0846,0.0978,0.0873,1401.0,50.5,31.0489,870.9795,130.9222,121.8397,310.2173,50.5987,7.3063,312.332,680.1908,118.5756,136.995,122.3203,Darius Garland,LAC,G,,19.3026,2.9015,2.7002,6.875,1.1214,0.1619,6.9219,15.0743,2.6279,3.0361,2.7109,0.4592,0.8655
4278104.0,28.5921,0.5878,0.0935,0.2113,0.0708,0.0231,0.0135,0.2154,0.4512,0.0669,0.0811,0.0494,1604.5,54.2,32.7139,943.0565,150.0782,339.0631,113.6391,37.049,21.6782,345.6644,723.9464,107.3533,130.0876,79.3187,Michael Porter Jr.,BKN,F,,19.2279,3.0599,6.9131,2.317,0.7554,0.442,7.0477,14.7604,2.1888,2.6523,1.6172,0.4775,0.8252
3064514.0,32.1732,0.578,0.046,0.2139,0.1437,0.0258,0.0072,0.2026,0.4309,0.1232,0.1552,0.0857,2028.7,66.9,33.1916,1172.6148,93.3785,433.8907,291.4936,52.3532,14.5766,411.0247,874.1951,249.9516,314.8229,173.8561,Julius Randle,BKN,F,,19.1852,1.5278,7.0989,4.7691,0.8566,0.2385,6.7248,14.3027,4.0895,5.1508,2.8445,0.4702,0.7939
3992.0,37.4326,0.5492,0.0821,0.1466,0.2268,0.0352,0.0169,0.1626,0.3918,0.1413,0.1626,0.1,2000.5,63.4,34.9002,1098.6058,164.2703,293.336,453.7662,70.3472,33.8615,325.2443,783.7103,282.6714,325.3332,200.0201,James Harden,CLE,G,,19.166,2.8658,5.1175,7.9163,1.2273,0.5907,5.6741,13.6724,4.9314,5.6757,3.4895,0.415,0.8689
3907497.0,30.3662,0.5625,0.0676,0.1659,0.1974,0.0451,0.0094,0.209,0.4791,0.077,0.0949,0.0849,796.2,30.6,33.514,447.8831,53.8239,132.1213,157.1967,35.8725,7.4526,166.3912,381.4419,61.3272,75.586,67.6256,Dejounte Murray,NO,G,,18.8525,2.2656,5.5613,6.6168,1.51,0.3137,7.0038,16.0558,2.5814,3.1816,2.8465,0.4362,0.8114
4432158.0,25.6215,0.5978,0.0346,0.2927,0.1162,0.0268,0.0483,0.2319,0.4176,0.0957,0.1402,0.0613,1756.5,60.1,31.1831,1050.1188,60.8408,514.1628,204.1053,47.1232,84.9112,407.3323,733.4465,168.0538,246.2448,107.7376,Evan Mobley,CLE,C,,18.6428,1.0801,9.1279,3.6235,0.8366,1.5074,7.2314,13.0209,2.9835,4.3716,1.9127,0.5554,0.6825
4066261.0,29.5394,0.5523,0.0358,0.2916,0.113,0.0348,0.0207,0.2019,0.4306,0.1096,0.1426,0.058,1949.4,64.8,33.4562,1076.6107,69.8843,568.5022,220.3255,67.7635,40.296,393.5067,839.4562,213.6681,278.0159,113.0471,Bam Adebayo,MIA,C,,18.4771,1.1994,9.7568,3.7813,1.163,0.6916,6.7535,14.407,3.667,4.7714,1.9401,0.4688,0.7685
4066383.0,28.8658,0.5576,0.0675,0.2013,0.1057,0.0221,0.0153,0.2045,0.459,0.082,0.0979,0.0538,1895.9,65.4,32.7877,1057.2358,128.0497,381.5883,200.3986,41.8446,29.0988,387.6957,870.2063,155.4185,185.5557,102.0099,Miles Bridges,PHX,F,,18.2839,2.2145,6.5992,3.4657,0.7237,0.5032,6.7048,15.0494,2.6878,3.209,1.7642,0.4455,0.8376
4351851.0,27.6502,0.5973,0.1074,0.0944,0.1388,0.0223,0.0041,0.2106,0.4893,0.0732,0.0809,0.0617,1414.5,55.0,29.9625,844.891,151.9839,133.5558,196.3592,31.6039,5.8406,297.8318,692.1767,103.523,114.3883,87.2765,Anfernee Simons,PHI,G,,17.8968,3.2194,2.829,4.1594,0.6694,0.1237,6.3088,14.662,2.1929,2.423,1.8487,0.4303,0.905
4433255.0,24.7536,0.6173,0.0561,0.2908,0.0771,0.0238,0.067,0.2227,0.4127,0.1147,0.1431,0.0556,1586.8,58.1614,28.847,979.5927,89.0222,461.4525,122.327,37.8124,106.3202,353.3115,654.9104,182.0233,227.0754,88.1631,Chet Holmgren,OKC,C,,17.8084,1.6184,8.3889,2.2238,0.6874,1.9328,6.423,11.9059,3.3091,4.1281,1.6027,0.5395,0.8016
2490149.0,35.3682,0.5635,0.0928,0.1164,0.125,0.0275,0.0153,0.2074,0.4701,0.0598,0.0788,0.0568,1814.0,64.1,31.3242,1022.125,168.4168,211.188,226.8287,49.8099,27.6783,376.2222,852.828,108.5089,143.0277,103.0753,CJ McCollum,ATL,G,,17.6501,2.9082,3.6468,3.9169,0.8601,0.4779,6.4966,14.7267,1.8737,2.4698,1.7799,0.4411,0.7587
2595516.0,33.6872,0.5927,0.0896,0.1043,0.064,0.0322,0.0078,0.2031,0.4357,0.0988,0.1217,0.0531,1555.4,55.5,29.5528,921.9301,139.3465,162.2067,99.4884,50.1559,12.147,315.9506,677.6236,153.6382,189.2595,82.564,Norman Powell,CHI,G,,17.5168,2.6476,3.0819,1.8903,0.953,0.2308,6.0031,12.8749,2.9191,3.596,1.5687,0.4663,0.8118
4683634.0,24.6194,0.6039,0.0547,0.1746,0.0807,0.0251,0.0096,0.196,0.4336,0.1586,0.1836,0.0657,1524.0,54.7,28.9851,920.4168,83.3689,266.1443,123.001,38.2173,14.6885,298.6575,660.7626,241.7228,279.7532,100.1787,Bennedict Mathurin,LAC,G,,17.5055,1.5856,5.0618,2.3394,0.7269,0.2794,5.6802,12.5671,4.5973,5.3207,1.9053,0.452,0.8641
4845367.0,22.2485,0.6148,0.0487,0.1627,0.2283,0.0366,0.0101,0.2106,0.4584,0.1454,0.1935,0.092,1752.2,62.6843,28.4126,1077.2596,85.2785,285.0248,400.1087,64.1977,17.7533,369.0709,803.1892,254.7943,339.0896,161.2008,Stephon Castle,SA,G,,17.4682,1.3828,4.6218,6.4879,1.041,0.2879,5.9846,13.024,4.1316,5.4985,2.6139,0.4595,0.7514
3155942.0,30.7467,0.5082,0.0199,0.3772,0.1885,0.0239,0.012,0.1995,0.3514,0.0839,0.1155,0.086,1025.3,37.0,34.3478,521.0189,20.3737,386.7644,193.2466,24.4818,12.3175,204.5431,360.2884,86.028,118.3914,88.146,Domantas Sabonis,SAC,F,,17.4543,0.6825,12.9567,6.4738,0.8201,0.4126,6.8522,12.0698,2.882,3.9661,2.9529,0.5677,0.7266
5124612.0,21.5065,0.4979,0.0631,0.1638,0.1304,0.0403,0.015,0.1853,0.4137,0.0644,0.0775,0.0525,1813.0,58.0,35.0133,902.6465,114.3191,296.9127,236.4387,73.0941,27.1504,335.9088,750.027,116.6884,140.5711,95.2621,VJ Edgecombe,PHI,G,,17.4322,2.2078,5.7341,4.5662,1.4116,0.5243,6.4872,14.4848,2.2535,2.7148,1.8397,0.4479,0.8301
4277956.0,27.6201,0.6172,0.1092,0.0943,0.149,0.0352,0.0126,0.2063,0.5011,0.1003,0.1141,0.0852,1167.9,46.8,28.1441,720.7838,127.5635,110.091,174.0339,41.0698,14.6684,240.9244,585.2753,117.1072,133.3034,99.5055,Jordan Poole,NO,G,,17.3695,3.074,2.653,4.1939,0.9897,0.3535,5.8058,14.104,2.8221,3.2123,2.3979,0.4116,0.8785
3102531.0,31.4997,0.62,0.0757,0.2256,0.0793,0.0253,0.0506,0.2066,0.4394,0.1292,0.1556,0.0503,1005.8,40.7,27.5531,623.6337,76.1043,226.9473,79.7776,25.4375,50.8557,207.8365,441.9792,129.9082,156.5133,50.6374,Kristaps Porzingis,GS,C,,17.084,2.0848,6.217,2.1854,0.6968,1.3932,5.6935,12.1077,3.5587,4.2876,1.3872,0.4702,0.83
4433621.0,23.204,0.6168,0.0014,0.3875,0.0955,0.0269,0.032,0.2401,0.3649,0.1299,0.1725,0.067,1692.7,63.3,27.6485,1044.044,2.2894,655.9196,161.7019,45.5083,54.1435,406.3613,617.7252,219.8795,291.9761,113.3358,Jalen Duren,DET,C,,17.0534,0.0374,10.7138,2.6412,0.7433,0.8844,6.6375,10.0899,3.5915,4.7691,1.8512,0.6578,0.7531
6430.0,37.3806,0.5242,0.025,0.1636,0.1492,0.0415,0.0089,0.1658,0.3366,0.1585,0.1877,0.048,1267.2,45.0,32.2695,664.3149,31.6996,207.3096,189.121,52.6332,11.2957,210.1383,426.5519,200.7887,237.9164,60.8161,Jimmy Butler III,GS,F,,16.9169,0.8072,5.2792,4.816,1.3403,0.2876,5.3512,10.8622,5.1131,6.0586,1.5487,0.4926,0.8439
4277811.0,28.0746,0.6502,0.0697,0.098,0.1581,0.0344,0.0062,0.2253,0.4713,0.1284,0.1493,0.0842,1482.7,60.8,25.8293,964.121,103.3724,145.314,234.3921,51.0502,9.2624,334.0786,698.8227,190.4388,221.4411,124.909,Collin Sexton,LAL,G,,16.7954,1.8008,2.5314,4.0832,0.8893,0.1614,5.8198,12.1738,3.3175,3.8576,2.176,0.4781,0.86
4395724.0,27.6256,0.552,0.0904,0.128,0.1893,0.0332,0.004,0.1871,0.4292,0.0908,0.1075,0.0506,1710.0,58.8,30.3294,943.9666,154.6668,218.9007,323.7114,56.8562,6.7842,320.0042,733.8853,155.3071,183.7722,86.5286,Immanuel Quickley,TOR,G,,16.7427,2.7433,3.8825,5.7415,1.0084,0.1203,5.6758,13.0166,2.7546,3.2595,1.5347,0.436,0.8451
4251.0,36.7509,0.5143,0.0855,0.1591,0.1108,0.0484,0.0144,0.1815,0.4144,0.0694,0.082,0.0643,1199.5,43.1,32.394,616.868,102.6059,190.9001,132.9576,57.9997,17.2909,217.6669,497.0629,83.2853,98.3118,77.1825,Paul George,BOS,F,,16.6593,2.771,5.1555,3.5907,1.5664,0.467,5.8784,13.4238,2.2492,2.655,2.0844,0.4379,0.8472
4395630.0,26.4401,0.5267,0.0869,0.1273,0.1022,0.0332,0.0126,0.1925,0.4277,0.058,0.0714,0.0399,1737.5,60.4904,31.3388,915.2035,150.9677,221.1231,177.533,57.7031,21.8256,334.5159,743.0837,100.8227,124.0423,69.2958,Devin Vassell,SA,G,,16.5072,2.723,3.9883,3.2021,1.0408,0.3937,6.0336,13.4028,1.8185,2.2373,1.2499,0.4502,0.8128
3934719.0,29.5421,0.4711,0.0696,0.1402,0.0643,0.041,0.0212,0.17,0.3561,0.0644,0.0797,0.0469,1903.6,61.4904,34.6934,896.7637,132.5777,266.8516,122.37,78.0058,40.2718,323.6051,677.7818,122.6015,151.6224,89.3087,OG Anunoby,NY,F,,16.3436,2.4162,4.8634,2.2302,1.4217,0.734,5.8977,12.3527,2.2344,2.7633,1.6277,0.4774,0.8086
2991070.0,32.8905,0.516,0.0725,0.1094,0.0716,0.0256,0.0219,0.1663,0.3928,0.1117,0.1372,0.0596,1501.0,53.7,31.6236,774.4817,108.8166,164.2762,107.5343,38.3818,32.921,249.5981,589.5879,167.6577,205.9662,89.4937,Jerami Grant,MEM,F,,16.3171,2.2926,3.461,2.2656,0.8086,0.6936,5.2586,12.4217,3.5323,4.3394,1.8855,0.4233,0.814
5160992.0,21.7666,0.5988,0.0571,0.2564,0.1069,0.0286,0.059,0.2285,0.5105,0.0812,0.1143,0.0621,1334.6,51.2,27.1535,799.1543,76.148,342.2082,142.6872,38.1715,78.7986,305.018,681.3205,108.4182,152.5097,82.8752,Alex Sarr,WSH,C,,16.2595,1.5493,6.9625,2.9031,0.7766,1.6032,6.2058,13.862,2.2059,3.1029,1.6862,0.4477,0.7109
4684740.0,24.0034,0.4979,0.0111,0.236,0.1428,0.0432,0.0243,0.193,0.3541,0.0982,0.1302,0.0633,2199.5,66.9,32.4784,1095.0697,24.3789,519.1695,314.0002,94.9646,53.4324,424.5002,778.8082,215.8875,286.3805,139.144,Amen Thompson,HOU,G,,16.1701,0.36,7.6662,4.6366,1.4023,0.789,6.2683,11.5001,3.1879,4.2288,2.0546,0.5451,0.7538
3147657.0,30.4209,0.4583,0.0639,0.1079,0.1061,0.0307,0.0158,0.1775,0.3772,0.0426,0.0523,0.0425,2168.0,69.106,35.0663,993.6624,138.526,233.9116,230.0722,66.5549,34.2268,384.7549,817.6805,92.3533,113.4557,92.1071,Mikal Bridges,NY,G,,16.072,2.2406,3.7834,3.7213,1.0765,0.5536,6.2232,13.2256,1.4938,1.8351,1.4898,0.4705,0.814
4397136.0,27.8145,0.5056,0.0671,0.1837,0.0708,0.0285,0.0045,0.1723,0.3921,0.0957,0.114,0.031,1623.0,56.5,31.7122,820.6262,108.8245,298.1755,114.8586,46.1755,7.3765,279.7094,636.4091,155.3474,184.9615,50.2707,Saddiq Bey,NO,G,,16.0344,2.1263,5.8261,2.2443,0.9022,0.1441,5.4653,12.435,3.0354,3.614,0.9823,0.4395,0.8399
4871145.0,24.3101,0.5446,0.0591,0.2613,0.2662,0.0334,0.0184,0.1984,0.4241,0.089,0.1121,0.0963,1578.1,54.5,29.3152,859.502,93.3424,412.306,420.0439,52.7032,29.0658,313.1156,669.3107,140.4136,176.9594,152.0386,Josh Giddey,CHI,G,,15.9663,1.734,7.6591,7.8028,0.979,0.5399,5.8165,12.4333,2.6084,3.2872,2.8243,0.4678,0.7935
4432639.0,23.7214,0.484,0.0715,0.2222,0.0549,0.0209,0.0242,0.1723,0.3755,0.07,0.0857,0.0384,2024.5,64.7,32.8847,979.7591,144.7934,449.9217,111.1017,42.3046,48.9941,348.8598,760.1568,141.6501,173.4761,77.7496,Jabari Smith Jr.,HOU,F,,15.9146,2.3519,7.3082,1.8047,0.6872,0.7958,5.6667,12.3475,2.3009,2.8178,1.2629,0.4589,0.8165
4683678.0,22.9932,0.5859,0.0739,0.1149,0.2108,0.0352,0.0088,0.1989,0.4699,0.117,0.1409,0.102,1049.5,42.1,26.7833,614.8748,77.5642,120.5965,221.2496,36.9818,9.2221,208.7737,493.1257,122.8159,147.845,107.0835,Scoot Henderson,POR,G,,15.6917,1.9794,3.0776,5.6463,0.9438,0.2353,5.3279,12.5846,3.1343,3.773,2.7328,0.4234,0.8307
5144091.0,20.2991,0.6058,0.0543,0.1462,0.1453,0.0447,0.0146,0.2224,0.5013,0.1038,0.1287,0.0808,1555.0,61.5,25.7317,942.0518,84.4521,227.3815,225.9257,69.5003,22.6352,345.7557,779.4929,161.3485,200.109,125.654,Jeremiah Fears,NO,G,,15.5888,1.3975,3.7626,3.7386,1.1501,0.3746,5.7215,12.8988,2.67,3.3113,2.0793,0.4436,0.8063
4873138.0,20.4689,0.5516,0.0771,0.156,0.0755,0.0317,0.024,0.2145,0.4742,0.0424,0.0548,0.0542,1492.0,56.5,27.5556,822.9142,114.978,232.8143,112.5788,47.2859,35.7766,319.9898,707.5463,63.2402,81.8105,80.8342,Ace Bailey,UTAH,G,,15.1983,2.1235,4.2998,2.0792,0.8733,0.6608,5.9098,13.0676,1.168,1.5109,1.4929,0.4523,0.773
6478.0,36.2717,0.4881,0.0493,0.298,0.1044,0.0232,0.0219,0.2002,0.41,0.039,0.0483,0.0488,1637.0,59.8,30.9893,799.0593,80.7308,487.8246,170.8503,37.9772,35.8928,327.728,671.1405,63.7917,79.1191,79.9572,Nikola Vucevic,ORL,C,,15.1266,1.5283,9.2348,3.2343,0.7189,0.6795,6.2041,12.705,1.2076,1.4978,1.5136,0.4883,0.8063
3078576.0,32.5838,0.4448,0.0896,0.1287,0.1476,0.0305,0.0328,0.1534,0.3669,0.0545,0.0625,0.0504,2068.6,66.6,33.6333,920.2067,185.3937,266.1718,305.3649,63.0103,67.8714,317.3943,759.0707,112.7097,129.2125,104.1898,Derrick White,BOS,G,,14.9616,3.0143,4.3277,4.9649,1.0245,1.1035,5.1605,12.3417,1.8325,2.1009,1.694,0.4181,0.8723
6580.0,33.5941,0.4692,0.0594,0.1117,0.1216,0.0312,0.0146,0.1793,0.3728,0.0528,0.0664,0.0646,730.3,28.8,31.6808,342.6632,43.3851,81.5487,88.8153,22.7672,10.6771,130.9741,272.2806,38.5323,48.5239,47.1845,Bradley Beal,LAC,G,,14.8649,1.8821,3.5376,3.8529,0.9877,0.4632,5.6817,11.8117,1.6716,2.105,2.0469,0.481,0.7941
3134907.0,31.5243,0.5116,0.0549,0.1838,0.1006,0.0212,0.0147,0.1955,0.4298,0.0659,0.093,0.0731,1598.6,61.4217,29.0025,817.9015,87.6997,293.7918,160.8202,33.8225,23.4501,312.6053,687.1355,105.3879,148.7028,116.9342,Kyle Kuzma,MIL,F,,14.8387,1.5911,5.3301,2.9177,0.6136,0.4254,5.6714,12.4663,1.912,2.6978,2.1215,0.4549,0.7087
4065732.0,29.1643,0.5404,0.0799,0.1452,0.0621,0.0265,0.0075,0.1809,0.4072,0.1013,0.1191,0.0534,1262.7,49.4,27.4525,682.3926,100.8402,183.4023,78.4035,33.4361,9.4333,228.4016,514.2113,127.8896,150.4402,67.4159,De'Andre Hunter,SAC,F,,14.8359,2.1924,3.9874,1.7046,0.7269,0.2051,4.9657,11.1795,2.7805,3.2707,1.4657,0.4442,0.8501
3155526.0,31.026,0.4754,0.074,0.1142,0.0552,0.0286,0.0058,0.1733,0.4076,0.0586,0.0707,0.0435,1589.8,56.0,31.0842,755.7493,117.714,181.5969,87.8054,45.4152,9.2744,275.4347,647.9264,93.1799,112.3805,69.1652,Dillon Brooks,PHX,F,,14.7766,2.3016,3.5506,1.7168,0.888,0.1813,5.3854,12.6684,1.8219,2.1973,1.3523,0.4251,0.8291
3908845.0,29.3559,0.5215,0.0501,0.2394,0.0472,0.0288,0.0279,0.198,0.3741,0.0745,0.0931,0.059,1556.5,59.0,28.0987,811.7775,78.052,372.6209,73.4087,44.7559,43.3755,308.2218,582.2929,115.9169,144.8516,91.893,John Collins,DET,F,,14.6546,1.409,6.7267,1.3252,0.808,0.783,5.5642,10.5118,2.0926,2.6149,1.6589,0.5293,0.8002
4066328.0,28.781,0.5096,0.0014,0.3249,0.0755,0.0304,0.0295,0.2032,0.3153,0.0952,0.1312,0.0472,1491.0,56.7,28.7461,759.8476,2.1267,484.4521,112.6183,45.2695,44.0021,302.9993,470.0577,141.9141,195.6474,70.4071,Jarrett Allen,CLE,C,,14.6497,0.041,9.3401,2.1713,0.8728,0.8484,5.8418,9.0626,2.7361,3.772,1.3574,0.6446,0.7254
4432165.0,25.6626,0.5303,0.0863,0.1326,0.1611,0.0552,0.0247,0.1868,0.4208,0.0738,0.0876,0.0847,1385.4,52.5,27.6062,734.6836,119.5214,183.7548,223.1752,76.5013,34.1815,258.7599,583.0181,102.2806,121.4046,117.4011,Jalen Suggs,ORL,G,,14.6397,2.3816,3.6616,4.4471,1.5244,0.6811,5.1562,11.6175,2.0381,2.4192,2.3394,0.4438,0.8425
3059319.0,31.9377,0.4867,0.0645,0.1543,0.0795,0.0311,0.0267,0.1774,0.3926,0.0693,0.0909,0.0503,1716.1,60.5,29.5712,835.3088,110.672,264.7753,136.4997,53.4214,45.8105,304.3697,673.6834,118.9876,156.0661,86.3702,Andrew Wiggins,MIA,F,,14.3938,1.9071,4.5625,2.3521,0.9205,0.7894,5.2448,11.6087,2.0504,2.6893,1.4883,0.4518,0.7624
4066262.0,28.989,0.5413,0.0828,0.1067,0.1685,0.0273,0.0178,0.1948,0.4478,0.072,0.0843,0.0733,1386.9,58.0,26.2761,750.7498,114.8539,147.9829,233.664,37.8524,24.6235,270.2025,621.0008,99.8108,116.9479,101.7163,Malik Monk,SAC,G,,14.2236,2.176,2.8037,4.427,0.7171,0.4665,5.1192,11.7654,1.891,2.2157,1.9271,0.4351,0.8535
4594327.0,26.4511,0.4168,0.0671,0.1774,0.0502,0.0274,0.0264,0.1588,0.3553,0.0358,0.0435,0.0275,1158.1,39.6,34.1108,482.6464,77.7203,205.4381,58.1289,31.7777,30.5647,183.9548,411.4641,41.5135,50.4146,31.8349,Keegan Murray,SAC,F,,14.2159,2.2892,6.051,1.7121,0.936,0.9003,5.4182,12.1193,1.2227,1.4849,0.9377,0.4471,0.8234
4711294.0,22.3005,0.5771,0.0825,0.1964,0.073,0.0245,0.048,0.2048,0.4355,0.0857,0.1055,0.0625,1775.4,67.0,24.5333,1024.6333,146.4472,348.6025,129.5544,43.544,85.1793,363.523,773.2445,152.2314,187.331,110.9594,Matas Buzelis,CHI,F,,14.1589,2.0237,4.8172,1.7902,0.6017,1.177,5.0233,10.6851,2.1036,2.5886,1.5333,0.4701,0.8126
4903027.0,23.3901,0.5476,0.0629,0.2257,0.1135,0.0272,0.0168,0.1963,0.4147,0.0914,0.1078,0.064,1301.0,51.5,25.8387,712.4638,81.7945,293.6473,147.6174,35.3668,21.8907,255.3344,539.509,118.9373,140.2807,83.2746,Cedric Coward,MEM,F,,14.15,1.6245,5.832,2.9318,0.7024,0.4348,5.0711,10.715,2.3622,2.7861,1.6539,0.4733,0.8479
2991230.0,32.9322,0.3925,0.0811,0.1032,0.1784,0.0387,0.0158,0.1333,0.3392,0.053,0.0642,0.045,711.3,26.5,35.9695,279.214,57.7217,73.3984,126.9036,27.5193,11.2472,94.8004,241.2993,37.7158,45.6775,31.9796,Fred VanVleet,HOU,G,,14.1195,2.9189,3.7117,6.4173,1.3916,0.5688,4.7939,12.2022,1.9072,2.3099,1.6172,0.3929,0.8257
4017837.0,29.8734,0.4646,0.0012,0.3565,0.0731,0.0175,0.0323,0.1987,0.3268,0.0605,0.087,0.0511,1487.6,52.5,30.2827,691.163,1.8373,530.3023,108.7343,26.0382,48.0367,295.5492,486.2162,89.973,129.3509,76.0054,Ivica Zubac,IND,C,,14.0698,0.0374,10.7952,2.2135,0.5301,0.9779,6.0164,9.8978,1.8316,2.6332,1.5472,0.6079,0.6956
4431680.0,26.1389,0.4834,0.0455,0.272,0.0907,0.0318,0.033,0.1826,0.3469,0.0727,0.0941,0.0477,1856.0,64.9,28.8267,897.187,84.4309,504.8848,168.3798,59.0191,61.2903,338.8162,643.8691,134.8582,174.5801,88.4958,Onyeka Okongwu,ATL,F,,13.9348,1.3114,7.8417,2.6152,0.9167,0.9519,5.2624,10.0003,2.0946,2.7115,1.3745,0.5262,0.7725
3133603.0,31.1465,0.4307,0.0472,0.1646,0.0511,0.0399,0.0162,0.1597,0.3527,0.0651,0.0865,0.0423,1495.9,51.5,32.2594,644.2469,70.6667,246.2013,76.4191,59.7424,24.1878,238.8267,527.6719,97.3729,129.3764,63.2299,Kelly Oubre Jr.,IND,G,,13.8933,1.5239,5.3094,1.648,1.2884,0.5216,5.1503,11.3793,2.0999,2.79,1.3636,0.4526,0.7526
3138196.0,30.9138,0.4588,0.0811,0.1353,0.0903,0.0275,0.012,0.1573,0.3403,0.0678,0.0799,0.0407,1504.0,53.2,30.119,690.0582,122.0033,203.4939,135.8811,41.3791,18.0908,236.61,511.7777,102.0345,120.1528,61.275,Cameron Johnson,DEN,F,,13.8191,2.4432,4.0752,2.7211,0.8287,0.3623,4.7383,10.2488,2.0433,2.4062,1.2271,0.4623,0.8492
4396971.0,27.4339,0.5289,0.0884,0.2227,0.0801,0.032,0.0336,0.1971,0.4271,0.0498,0.0659,0.0563,1725.0,67.0,26.1181,912.3465,152.5191,384.0979,138.1547,55.1667,57.9823,340.0211,736.7543,85.9611,113.7605,97.1359,Naz Reid,CHA,C,,13.8138,2.3093,5.8156,2.0918,0.8353,0.8779,5.1482,11.1552,1.3015,1.7224,1.4707,0.4615,0.7556
4066354.0,29.0082,0.4836,0.0967,0.13,0.1465,0.0252,0.0048,0.1783,0.3853,0.0365,0.0424,0.0396,2008.0,68.0,28.4849,971.1243,194.0733,261.1205,294.1821,50.6833,9.6621,357.9405,773.6368,73.3241,85.1373,79.5382,Payton Pritchard,BOS,G,,13.7761,2.7531,3.7042,4.1732,0.719,0.1371,5.0776,10.9746,1.0402,1.2077,1.1283,0.4627,0.8612
4278078.0,28.4415,0.4418,0.0544,0.2161,0.0659,0.0322,0.0293,0.1628,0.3654,0.0637,0.0903,0.0544,1549.3,54.2,31.1582,684.4467,84.2551,334.85,102.1207,49.8877,45.4131,252.2426,566.0913,98.643,139.9445,84.2722,P.J. Washington,DAL,F,,13.765,1.6945,6.7342,2.0538,1.0033,0.9133,5.0729,11.3847,1.9838,2.8144,1.6948,0.4456,0.7049
4278129.0,28.5264,0.4712,0.0029,0.3097,0.0437,0.0253,0.0293,0.2111,0.3528,0.0406,0.0584,0.0498,1602.5,60.5,29.2029,755.1477,4.5695,496.2373,69.9643,40.5836,47.003,338.331,565.3127,64.9837,93.5632,79.8655,Deandre Ayton,WSH,C,,13.7613,0.0833,9.0431,1.275,0.7396,0.8566,6.1655,10.3019,1.1842,1.705,1.4554,0.5985,0.6945
3064290.0,31.3765,0.4675,0.0429,0.19,0.106,0.0215,0.0131,0.169,0.3281,0.0853,0.1153,0.0459,1146.2,43.6,29.3383,535.8345,49.1851,217.8121,121.505,24.698,15.0225,193.7504,376.0193,97.7551,132.2014,52.6017,Aaron Gordon,DEN,F,,13.7153,1.2589,5.5752,3.1101,0.6322,0.3845,4.9593,9.6246,2.5022,3.3838,1.3464,0.5153,0.7394
3133628.0,30.8563,0.4896,0.0726,0.2151,0.0523,0.0241,0.0591,0.1704,0.3615,0.079,0.1038,0.0508,1672.4,63.2,28.0023,818.8805,121.4085,359.6817,87.4008,40.3224,98.8315,285.024,604.5798,132.1284,173.6435,84.9561,Myles Turner,MIL,C,,13.7111,2.0328,6.0224,1.4634,0.6751,1.6548,4.7724,10.1229,2.2123,2.9074,1.4225,0.4714,0.7609
5105839.0,23.256,0.6272,0.1074,0.1439,0.091,0.0311,0.0073,0.219,0.4752,0.0833,0.0967,0.0715,1525.0,64.6,21.7427,956.4172,163.833,219.5071,138.7032,47.4941,11.0883,334.0257,724.6924,126.9937,147.4312,108.9961,Brice Sensabaugh,UTAH,F,,13.6361,2.3358,3.1296,1.9776,0.6771,0.1581,4.7624,10.3323,1.8106,2.102,1.554,0.4609,0.8614
5105550.0,22.1225,0.6315,0.0787,0.1898,0.073,0.027,0.0258,0.2234,0.4798,0.1057,0.1373,0.064,1134.9,50.4,21.5566,716.7357,89.3096,215.4394,82.8643,30.6525,29.3082,253.5114,544.4881,119.966,155.8615,72.679,GG Jackson,MEM,F,,13.6139,1.6964,4.0921,1.5739,0.5822,0.5567,4.8153,10.3422,2.2787,2.9605,1.3805,0.4656,0.7697
4395723.0,27.308,0.5466,0.0583,0.2075,0.0747,0.0255,0.0088,0.2035,0.4181,0.0811,0.1024,0.0424,1646.1,69.2,24.8075,899.7121,95.9197,341.5249,123.0279,42.0365,14.4129,335.0032,688.292,133.492,168.5609,69.7884,Keldon Johnson,SA,F,,13.5591,1.4456,5.1469,1.8541,0.6335,0.2172,5.0487,10.3729,2.0118,2.5403,1.0517,0.4867,0.792
4701232.0,25.1259,0.5431,0.0026,0.3503,0.0658,0.0339,0.0383,0.2147,0.3474,0.1043,0.1322,0.0503,1324.4,54.9,24.9062,719.3209,3.4779,463.9461,87.1353,44.8794,50.6961,284.2912,460.1419,138.1628,175.1367,66.6653,Mark Williams,PHX,C,,13.5273,0.0654,8.7248,1.6386,0.844,0.9534,5.3463,8.6533,2.5982,3.2936,1.2537,0.6178,0.7889
4397002.0,27.0397,0.4726,0.0617,0.1152,0.1342,0.0306,0.0121,0.1798,0.357,0.053,0.063,0.0497,1580.8,59.6,28.5799,747.0236,97.4909,182.0413,212.2069,48.3718,19.1184,284.2959,564.33,83.8545,99.6544,78.4911,Ayo Dosunmu,MIN,G,,13.5057,1.7626,3.2912,3.8366,0.8745,0.3456,5.1399,10.2027,1.516,1.8017,1.4191,0.5038,0.8415
4278039.0,28.4141,0.4802,0.087,0.1073,0.1107,0.0327,0.0166,0.1648,0.3671,0.0682,0.0787,0.0531,2008.9,67.7,28.0975,964.7405,174.7749,215.6484,222.3272,65.708,33.3064,331.1629,737.4941,136.9452,158.0954,106.6586,Nickeil Alexander-Walker,ATL,G,,13.4934,2.4445,3.0162,3.1096,0.919,0.4658,4.6318,10.315,1.9154,2.2112,1.4918,0.449,0.8662
4683742.0,23.59,0.4352,0.0119,0.3107,0.0741,0.0388,0.0196,0.1714,0.3316,0.0753,0.1094,0.0694,701.0,27.0,30.9231,305.0441,8.3353,217.7953,51.9116,27.2077,13.7252,120.1488,232.4467,52.807,76.7179,48.6741,Julian Reese,WSH,F,,13.4564,0.3677,9.6076,2.29,1.2002,0.6055,5.3001,10.2539,2.3295,3.3842,2.1472,0.5169,0.6883
5238230.0,20.9042,0.5597,0.0883,0.1243,0.0958,0.0263,0.0133,0.2037,0.4719,0.0635,0.0724,0.0631,1219.0,50.5,23.9667,682.2288,107.6366,151.4751,116.7361,32.1093,16.2136,248.2854,575.2536,77.4452,88.2854,76.972,Tre Johnson,WSH,G,,13.4132,2.1162,2.9781,2.2951,0.6313,0.3188,4.8815,11.31,1.5226,1.7358,1.5133,0.4316,0.8772
4431671.0,26.3388,0.4265,0.0461,0.1448,0.0734,0.0359,0.026,0.1663,0.3342,0.0487,0.0594,0.0462,1920.5,65.2,31.2211,819.0963,88.6103,278.0391,141.0131,68.9213,49.9578,319.389,641.8112,93.4495,114.1164,88.6796,Jaden McDaniels,MIN,F,,13.3159,1.4405,4.52,2.2924,1.1204,0.8122,5.1922,10.4338,1.5192,1.8552,1.4416,0.4976,0.8189
3136776.0,30.9384,0.4897,0.0848,0.1048,0.1943,0.0303,0.0128,0.1723,0.4129,0.0657,0.082,0.0708,895.5,39.3,26.8954,438.5317,75.944,93.8812,174.0088,27.1335,11.4573,154.3218,369.7325,58.8376,73.4071,63.3669,D'Angelo Russell,MEM,G,,13.1709,2.2809,2.8196,5.2262,0.8149,0.3441,4.6349,11.1045,1.7671,2.2047,1.9032,0.4174,0.8015
4898371.0,23.82,0.4935,0.0155,0.2791,0.057,0.0223,0.0194,0.2005,0.3557,0.0721,0.0906,0.0488,1484.0,57.5,26.5946,732.374,22.9941,414.1725,84.532,33.1491,28.7668,297.5992,527.8047,106.9266,134.4405,72.4618,Maxime Raynaud,SAC,C,,13.1248,0.4121,7.4223,1.5149,0.5941,0.5155,5.3332,9.4587,1.9162,2.4093,1.2986,0.5638,0.7953
4709138.0,23.9322,0.4747,0.07,0.1924,0.1443,0.0367,0.0071,0.1717,0.3731,0.0636,0.0812,0.0502,1839.0,67.9,27.6316,872.9054,128.7895,353.7426,265.2876,67.5257,13.0715,315.6652,686.2086,116.9684,149.2735,92.3055,Brandin Podziemski,GS,G,,13.1157,1.9351,5.3151,3.986,1.0146,0.1964,4.743,10.3105,1.7575,2.2429,1.3869,0.46,0.7836
4591725.0,24.5811,0.5351,0.0792,0.1422,0.172,0.0466,0.0149,0.2001,0.4197,0.0564,0.0702,0.0785,1769.2,62.9337,24.442,946.6761,140.1194,251.5092,304.2985,82.3754,26.3438,353.9851,742.5485,99.78,124.2055,138.8936,Ryan Rollins,MIL,G,,13.0786,1.9358,3.4747,4.204,1.138,0.3639,4.8904,10.2585,1.3785,1.7159,1.9189,0.4767,0.8033
4397140.0,26.744,0.5229,0.0404,0.1713,0.2012,0.0552,0.0121,0.192,0.4209,0.0963,0.116,0.0858,1278.7,47.0,24.9653,668.6173,51.596,219.0305,257.2592,70.6044,15.4398,245.4935,538.1811,123.0824,148.3188,109.659,Kevin Porter Jr.,MIL,G,,13.0541,1.0074,4.2763,5.0227,1.3785,0.3014,4.793,10.5074,2.4031,2.8958,2.141,0.4562,0.8299
6440.0,34.5469,0.4251,0.0422,0.1826,0.0802,0.0311,0.0189,0.1607,0.3448,0.0616,0.072,0.0383,1605.2,59.3,30.705,682.3154,67.7454,293.0945,128.7471,49.9268,30.2965,257.9477,553.4755,98.8964,115.5268,61.4474,Tobias Harris,SA,F,,13.0516,1.2959,5.6064,2.4627,0.955,0.5795,4.9341,10.5871,1.8917,2.2099,1.1754,0.4661,0.856
5037871.0,20.9179,0.5756,0.0478,0.156,0.1818,0.0348,0.0155,0.2265,0.4464,0.0685,0.0878,0.0613,1293.5,55.0783,22.6714,744.5045,61.783,201.8316,235.1601,44.9811,20.0547,292.9745,577.3676,88.6373,113.5199,79.3398,Dylan Harper,SA,G,,13.0491,1.0829,3.5375,4.1217,0.7884,0.3515,5.135,10.1196,1.5536,1.9897,1.3906,0.5074,0.7808
4397114.0,28.2663,0.5292,0.091,0.1239,0.0818,0.0357,0.0146,0.1816,0.3701,0.0797,0.0921,0.0592,635.0,26.0,24.5455,336.0312,57.7673,78.656,51.94,22.649,9.2642,115.3457,235.0283,50.6019,58.5002,37.5915,Cormac Ryan,MIL,G,,12.989,2.233,3.0404,2.0077,0.8755,0.3581,4.4586,9.0848,1.956,2.2613,1.4531,0.4908,0.865
4065733.0,29.5667,0.6385,0.0923,0.1257,0.1853,0.0474,0.006,0.2252,0.4611,0.0943,0.1092,0.0669,809.6,35.0,20.2604,516.9346,74.7241,101.7575,149.9899,38.3818,4.8191,182.3064,373.3117,76.357,88.3755,54.1678,Ty Jerome,MEM,G,,12.9364,1.87,2.5465,3.7535,0.9605,0.1206,4.5622,9.3422,1.9108,2.2116,1.3556,0.4883,0.864
5104155.0,22.5168,0.448,0.0464,0.1594,0.1066,0.0425,0.0271,0.1578,0.3558,0.0887,0.116,0.0574,1429.3,54.4,28.7773,640.2798,66.2822,227.8222,152.4253,60.7735,38.7125,225.5043,508.579,126.7587,165.8551,81.9819,Bilal Coulibaly,WSH,G,,12.8913,1.3345,4.5869,3.0689,1.2236,0.7794,4.5403,10.2397,2.5521,3.3393,1.6506,0.4434,0.7643
4593125.0,26.0568,0.4848,0.073,0.2353,0.1092,0.03,0.0231,0.183,0.3887,0.0485,0.0713,0.0448,1264.4,48.5,26.5714,613.0142,92.3174,297.5704,138.0581,37.9741,29.2474,231.3341,491.4704,61.357,90.1386,56.5941,Santi Aldama,DAL,F,,12.8825,1.9401,6.2535,2.9013,0.798,0.6146,4.8615,10.3283,1.2894,1.8943,1.1893,0.4707,0.6807
4396909.0,27.2943,0.4653,0.0813,0.144,0.0604,0.0275,0.0181,0.1629,0.3511,0.0633,0.0756,0.0396,1279.3,47.5,27.5946,595.2964,104.0323,184.2373,77.2886,35.2317,23.1249,208.3491,449.1752,80.9364,96.6637,50.6907,Aaron Nesmith,IND,G,,12.8406,2.244,3.974,1.6671,0.7599,0.4988,4.4941,9.6887,1.7458,2.085,1.0934,0.4638,0.8373
5174563.0,23.1383,0.4622,0.0766,0.1695,0.1362,0.0363,0.0278,0.162,0.3824,0.0653,0.0815,0.0701,1374.7,51.3,27.6426,635.4187,105.2395,232.9635,187.2002,49.9258,38.1698,222.744,525.6226,89.769,112.0322,96.3175,Kyshawn George,WSH,F,,12.777,2.1162,4.6844,3.7642,1.0039,0.7675,4.479,10.5693,1.8051,2.2528,1.9368,0.4238,0.8013
4432848.0,25.95,0.4913,0.0319,0.173,0.1412,0.0324,0.0098,0.1903,0.3862,0.0768,0.098,0.0654,1698.8,64.6,25.9722,834.6574,54.2752,293.9748,239.9348,54.9617,16.564,323.3596,656.101,130.4991,166.4956,111.1045,Jaime Jaquez Jr.,MIL,F,,12.7607,0.8298,4.4945,3.6683,0.8403,0.2532,4.9437,10.0308,1.9951,2.5455,1.6986,0.4929,0.7838
4397014.0,26.7331,0.4757,0.0742,0.1336,0.1089,0.0322,0.011,0.1634,0.3643,0.078,0.0967,0.0589,1807.5,65.5,26.8056,859.8448,134.0345,241.5622,196.7697,58.1508,19.9376,295.4216,658.4983,140.9135,174.772,106.5443,Quentin Grimes,LAL,G,,12.7517,1.9878,3.5824,2.9181,0.8624,0.2957,4.3812,9.7657,2.0898,2.5919,1.5801,0.4486,0.8063
5112087.0,23.4339,0.4846,0.0787,0.1286,0.0715,0.029,0.0052,0.168,0.3819,0.073,0.0896,0.0388,1615.0,62.9,26.1498,782.5797,127.0923,207.7285,115.4604,46.7901,8.3216,271.3475,616.8245,117.893,144.6432,62.7359,Jaylen Wells,MEM,F,,12.6714,2.0579,3.3635,1.8695,0.7576,0.1347,4.3936,9.9875,1.9089,2.342,1.0158,0.4399,0.8151
4431767.0,25.7912,0.4369,0.0386,0.1602,0.0874,0.0278,0.0133,0.1665,0.3091,0.0654,0.0821,0.0326,1467.1,50.4,28.9859,640.9041,56.6926,234.988,128.2474,40.7295,19.573,244.2939,453.5211,95.9492,120.4439,47.8198,Christian Braun,DEN,G,,12.6625,1.1201,4.6427,2.5338,0.8047,0.3867,4.8266,8.9604,1.8957,2.3796,0.9448,0.5387,0.7966
4395712.0,27.0424,0.4376,0.047,0.0981,0.2066,0.0346,0.0051,0.1605,0.3495,0.0706,0.0863,0.0659,1581.3,55.5,28.8834,691.9216,74.3584,155.0976,326.6467,54.678,8.106,253.8595,552.656,111.6882,136.515,104.2708,Andrew Nembhard,IND,G,,12.6384,1.3582,2.8329,5.9664,0.9987,0.1481,4.6369,10.0946,2.0401,2.4935,1.9046,0.4593,0.8181
3135045.0,31.3162,0.4411,0.0977,0.1147,0.1028,0.0351,0.0126,0.1444,0.3308,0.0624,0.074,0.048,1389.0,52.4,28.6196,612.6784,135.756,159.2675,142.8061,48.7336,17.5347,200.6297,459.5275,86.7038,102.843,66.7117,Grayson Allen,CHA,G,,12.6239,2.7972,3.2816,2.9424,1.0041,0.3613,4.1339,9.4683,1.7865,2.119,1.3746,0.4366,0.8431
3064482.0,31.9733,0.5122,0.0659,0.285,0.0653,0.0284,0.0134,0.2057,0.4333,0.037,0.0481,0.0448,1434.7,58.9398,24.5442,734.8486,94.5401,408.837,93.7379,40.7376,19.2684,295.1182,621.722,53.155,69.043,64.3264,Bobby Portis,MIA,F,,12.5714,1.6173,6.9942,1.6036,0.6969,0.3296,5.0487,10.6361,0.9094,1.1812,1.1005,0.4747,0.7699
4869780.0,22.0951,0.5004,0.0147,0.2797,0.1561,0.0403,0.0343,0.1851,0.3861,0.1134,0.1406,0.0888,1514.0,61.0,25.037,757.639,22.2808,423.4312,236.3588,61.0724,51.9244,280.1676,584.5776,171.7018,212.8523,134.4543,Derik Queen,NO,C,,12.5291,0.3685,7.0023,3.9087,1.01,0.8587,4.6331,9.6672,2.8394,3.5199,2.2235,0.4793,0.8067
6475.0,36.9781,0.4844,0.1176,0.1094,0.0689,0.024,0.0149,0.1721,0.4269,0.0325,0.0376,0.0465,1444.2,62.2,25.7025,699.5209,169.8008,158.0637,99.4869,34.6532,21.5481,248.5814,616.5818,46.8715,54.3542,67.1152,Klay Thompson,DAL,G,,12.4494,3.022,2.8131,1.7706,0.6167,0.3835,4.424,10.9734,0.8342,0.9673,1.1945,0.4032,0.8623
4869342.0,23.8775,0.3981,0.0242,0.1903,0.1643,0.0683,0.0161,0.1689,0.3339,0.0346,0.0547,0.0546,2018.8,66.1,31.1303,803.6025,48.9008,384.085,331.7389,137.838,32.4797,340.9269,674.0735,69.7693,110.3688,110.2381,Dyson Daniels,ATL,G,,12.3917,0.7541,5.9227,5.1155,2.1255,0.5008,5.2572,10.3944,1.0759,1.7019,1.6999,0.5058,0.6321
3934673.0,29.9993,0.4289,0.1102,0.1326,0.1189,0.0416,0.0128,0.1485,0.3544,0.0312,0.0413,0.0512,1909.5,67.7,28.8557,819.0552,210.3425,253.2321,227.084,79.4869,24.4695,283.5548,676.8008,59.543,78.9352,97.8198,Donte DiVincenzo,MIN,G,,12.3773,3.1786,3.8268,3.4316,1.2012,0.3698,4.285,10.2276,0.8998,1.1928,1.4782,0.419,0.7543
5211175.0,21.8159,0.5269,0.0751,0.1617,0.059,0.0346,0.0213,0.1969,0.4205,0.0579,0.0816,0.0453,1435.4,61.5,23.4425,756.3247,107.7327,232.0594,84.6855,49.6204,30.5944,282.6933,603.5164,83.0626,117.0581,64.9738,Zaccharie Risacher,DAL,F,,12.3521,1.7595,3.7899,1.3831,0.8104,0.4997,4.6169,9.8564,1.3566,1.9118,1.0611,0.4684,0.7096
4278594.0,29.0192,0.4647,0.0347,0.1668,0.1091,0.0363,0.0053,0.1752,0.3525,0.0783,0.1007,0.0554,1783.2,64.4,26.4893,828.6654,61.8865,297.4674,194.5884,64.6635,9.4286,312.4622,628.6285,139.6098,179.5448,98.7923,Naji Marshall,DAL,F,,12.3098,0.9193,4.4189,2.8906,0.9606,0.1401,4.6416,9.3382,2.0739,2.6671,1.4676,0.4971,0.7776
4066648.0,28.9781,0.4205,0.0601,0.1404,0.0399,0.0226,0.0122,0.1626,0.3177,0.0385,0.052,0.026,1650.1,60.4,28.8646,693.8795,99.1112,231.6086,65.8482,37.3742,20.0661,268.2783,524.2574,63.5169,85.7855,42.9773,Rui Hachimura,LAC,F,,12.1378,1.7337,4.0514,1.1519,0.6538,0.351,4.6929,9.1707,1.1111,1.5006,0.7518,0.5117,0.7404
3995.0,36.6386,0.389,0.0681,0.15,0.152,0.0319,0.0132,0.1455,0.3254,0.0352,0.0417,0.0631,1469.1,53.2,30.8181,571.458,100.0623,220.3498,223.3186,46.8756,19.4285,213.6826,478.0206,51.6775,61.3186,92.6346,Jrue Holiday,POR,G,,11.9878,2.0991,4.6224,4.6847,0.9833,0.4076,4.4825,10.0277,1.0841,1.2863,1.9432,0.447,0.8428
4845374.0,21.5311,0.4091,0.0764,0.1328,0.1776,0.0242,0.0083,0.148,0.3446,0.0396,0.0505,0.0707,1881.6,69.7,28.7046,769.8168,143.6805,249.9025,334.2454,45.5354,15.6239,278.3904,648.3765,74.4937,95.0985,132.9427,Bub Carrington,WSH,G,,11.7439,2.1919,3.8124,5.0991,0.6947,0.2383,4.247,9.8913,1.1364,1.4508,2.0281,0.4294,0.7833
5105592.0,22.5661,0.681,0.0907,0.1892,0.061,0.0376,0.0179,0.2486,0.539,0.089,0.1185,0.0537,759.9,36.1,17.1756,517.4828,68.8974,143.7804,46.3325,28.5572,13.6368,188.9491,409.5822,67.6416,90.0377,40.8165,Cam Whitmore,WSH,F,,11.6963,1.5572,3.2498,1.0472,0.6455,0.3082,4.2707,9.2575,1.5289,2.0351,0.9226,0.4613,0.7513
5175643.0,20.9151,0.4642,0.1039,0.1324,0.145,0.0334,0.0138,0.1578,0.3725,0.0523,0.0624,0.064,1152.5,46.5,25.0962,534.9883,119.7186,152.6025,167.128,38.4852,15.9283,181.8144,429.3383,60.3276,71.9177,73.7769,Egor Demin,BKN,G,,11.6496,2.6069,3.323,3.6393,0.838,0.3468,3.9591,9.349,1.3137,1.566,1.6065,0.4235,0.8388
4432068.0,26.2977,0.431,0.032,0.2267,0.0852,0.0287,0.0141,0.1666,0.325,0.0626,0.0874,0.0492,540.5,22.0,27.0,232.9664,17.2873,122.5414,46.0646,15.5218,7.6138,90.0493,175.6496,33.8582,47.2374,26.5902,Josh Oduro,NO,C,,11.6375,0.8636,6.1214,2.3011,0.7754,0.3803,4.4983,8.7744,1.6913,2.3597,1.3283,0.5127,0.7168
2528210.0,34.8782,0.4288,0.0936,0.0976,0.0551,0.0199,0.0042,0.1422,0.3431,0.0575,0.0698,0.0257,1781.3,68.2,27.1302,763.8751,166.7969,173.8339,98.1798,35.4752,7.4836,253.3892,611.1581,102.3779,124.3738,45.7972,Tim Hardaway Jr.,MIA,G,,11.6342,2.5404,2.6476,1.4953,0.5403,0.114,3.8593,9.3083,1.5593,1.8943,0.6975,0.4146,0.8231
4066436.0,28.6797,0.4847,0.0742,0.1414,0.115,0.0569,0.0164,0.1695,0.4182,0.075,0.0915,0.0651,1075.6,45.6,23.9817,521.3503,79.7638,152.1256,123.6488,61.1709,17.6251,182.3615,449.8479,80.705,98.3853,70.034,De'Anthony Melton,GS,G,,11.6241,1.7784,3.3918,2.7569,1.3639,0.393,4.066,10.0299,1.7994,2.1936,1.5615,0.4054,0.8203
4712849.0,23.0315,0.4703,0.049,0.1271,0.1312,0.0435,0.0223,0.1674,0.3703,0.088,0.1174,0.0665,1644.8,60.3,24.7095,773.5459,80.58,209.085,215.791,71.5239,36.6716,275.4116,609.0043,144.8193,193.1739,109.3195,Anthony Black,ORL,G,,11.6208,1.2105,3.141,3.2418,1.0745,0.5509,4.1375,9.1489,2.1756,2.902,1.6423,0.4522,0.7497
4684793.0,23.2341,0.5176,0.0514,0.299,0.1134,0.037,0.0183,0.1899,0.3779,0.0863,0.1176,0.0673,1552.8,66.2,22.4101,803.7824,79.8879,464.3465,176.0958,57.4104,28.3839,294.8366,586.8763,134.0297,182.6464,104.5736,Kyle Filipowski,UTAH,F,,11.6002,1.1529,6.7015,2.5414,0.8286,0.4096,4.2551,8.4698,1.9343,2.636,1.5092,0.5024,0.7338
4683766.0,22.3142,0.4493,0.0249,0.1172,0.2893,0.0398,0.0112,0.1667,0.3509,0.0914,0.1251,0.1007,1442.8,57.1,25.8066,648.2665,35.9876,169.075,417.4298,57.421,16.2211,240.586,506.2673,131.9099,180.514,145.2907,Isaiah Collier,UTAH,G,,11.5952,0.6437,3.0242,7.4663,1.0271,0.2901,4.3032,9.0553,2.3594,3.2288,2.5987,0.4752,0.7307
4431736.0,26.7331,0.3713,0.0675,0.1688,0.0709,0.038,0.0156,0.1352,0.3004,0.0379,0.0518,0.0488,2120.0,69.3,31.1942,787.2314,143.0565,357.8746,150.2496,80.5279,33.0249,286.5912,636.7476,80.3431,109.9014,103.439,Toumani Camara,POR,F,,11.5835,2.105,5.2659,2.2108,1.1849,0.4859,4.217,9.3693,1.1822,1.6171,1.522,0.4501,0.731
4900671.0,24.603,0.5109,0.0449,0.1283,0.1383,0.0438,0.0113,0.1884,0.3875,0.0878,0.1015,0.0534,1297.0,52.6554,22.6674,662.5749,58.2522,166.4318,179.3595,56.7808,14.6405,244.3665,502.5304,113.9115,131.658,69.3167,Ajay Mitchell,OKC,G,,11.5797,1.0181,2.9087,3.1346,0.9923,0.2559,4.2707,8.7826,1.9908,2.301,1.2114,0.4863,0.8652
4712896.0,22.5496,0.4747,0.082,0.1666,0.0608,0.0276,0.024,0.1511,0.37,0.0963,0.1173,0.0524,1495.6,58.1,24.3636,709.9664,122.5981,249.1027,90.8668,41.2346,35.9265,225.9771,553.4035,144.04,175.5078,78.3531,Noah Clowney,BKN,F,,11.5655,1.9971,4.0579,1.4802,0.6717,0.5853,3.6812,9.0151,2.3464,2.8591,1.2764,0.4083,0.8207
3134908.0,31.2971,0.4237,0.0019,0.2993,0.0888,0.0335,0.0374,0.1844,0.2923,0.0478,0.0762,0.0581,1243.7,49.2,27.074,526.9456,2.3878,372.248,110.4894,41.6367,46.5089,229.3281,363.5393,59.42,94.7898,72.2717,Jakob Poeltl,TOR,C,,11.471,0.052,8.1034,2.4052,0.9064,1.0124,4.9922,7.9139,1.2935,2.0635,1.5733,0.6308,0.6269
4278067.0,27.7926,0.409,0.003,0.2756,0.1035,0.0263,0.0479,0.1725,0.2991,0.0574,0.0982,0.0477,1648.5,62.0,28.0251,674.2702,4.9219,454.342,170.6862,43.4208,78.9382,284.3801,493.0696,94.6736,161.9372,78.5631,Nic Claxton,CHI,C,,11.4628,0.0837,7.724,2.9017,0.7382,1.342,4.8346,8.3824,1.6095,2.753,1.3356,0.5768,0.5846
5144126.0,20.9726,0.5194,0.0544,0.1351,0.1004,0.0341,0.007,0.1833,0.4052,0.0995,0.1219,0.0574,1315.5,57.5,22.0405,683.2907,71.515,177.6611,132.1228,44.8016,9.2736,241.1603,533.0137,130.9183,160.3006,75.4444,Will Riley,WSH,G,,11.4482,1.1982,2.9766,2.2137,0.7506,0.1554,4.0405,8.9304,2.1935,2.6858,1.264,0.4524,0.8167
4433192.0,25.7283,0.4528,0.0569,0.2515,0.0627,0.0528,0.0251,0.1756,0.389,0.0459,0.0602,0.0494,1418.9,56.2,25.0606,642.4475,80.7169,356.859,89.0101,74.9517,35.554,249.1822,552.0043,65.1053,85.414,70.0286,Tari Eason,HOU,F,,11.3469,1.4256,6.3028,1.5721,1.3238,0.628,4.4011,9.7495,1.1499,1.5086,1.2368,0.4514,0.7622
3032979.0,33.3778,0.4143,0.054,0.1004,0.1877,0.0294,0.0065,0.1439,0.3521,0.0742,0.0898,0.0669,1557.8,63.0,27.3809,645.4058,84.1091,156.3582,292.4652,45.7722,10.152,224.1404,548.4808,115.5444,139.8173,104.2217,Dennis Schroder,CHA,G,,11.3441,1.4784,2.7483,5.1406,0.8045,0.1784,3.9396,9.6405,2.0309,2.4575,1.8319,0.4087,0.8264
5105623.0,22.7823,0.5095,0.0484,0.3742,0.043,0.0324,0.0461,0.2066,0.3814,0.045,0.0606,0.0395,1496.1,65.4,22.1903,762.209,72.4319,559.9143,64.3298,48.5346,68.9779,309.0863,570.5508,67.2978,90.614,59.1549,Kel'el Ware,MIL,C,,11.3052,1.0743,8.3047,0.9541,0.7199,1.0231,4.5844,8.4625,0.9982,1.344,0.8774,0.5417,0.7427
4280151.0,27.9158,0.4848,0.0889,0.1151,0.0787,0.0189,0.0083,0.1721,0.3678,0.0572,0.0723,0.044,1201.2,55.6,23.2842,582.3382,106.8161,138.267,94.4894,22.668,10.0287,206.6875,441.7475,68.6645,86.8309,52.8374,Corey Kispert,ATL,F,,11.2881,2.0705,2.6802,1.8316,0.4394,0.1944,4.0065,8.5629,1.331,1.6831,1.0242,0.4679,0.7908
4711272.0,22.6044,0.5216,0.1091,0.116,0.1365,0.0532,0.0243,0.1894,0.4442,0.0361,0.0443,0.057,1640.4,66.7,21.6278,855.6887,178.9908,190.2214,223.8821,87.3363,39.8559,310.7186,728.6762,59.2666,72.7226,93.4317,Reed Sheppard,HOU,G,,11.2818,2.3599,2.508,2.9518,1.1515,0.5255,4.0967,9.6072,0.7814,0.9588,1.2318,0.4264,0.815
4395626.0,27.0643,0.4416,0.0284,0.1257,0.216,0.0391,0.0068,0.1672,0.3145,0.0777,0.0921,0.0509,1466.9,57.6,25.3905,647.8378,41.6536,184.3345,316.8234,57.3993,9.9503,245.2057,461.3711,113.9942,135.0411,74.5934,Tre Jones,CHI,G,,11.2134,0.721,3.1906,5.4839,0.9935,0.1722,4.2443,7.9859,1.9731,2.3374,1.2911,0.5315,0.8441
3062679.0,31.9076,0.3329,0.0378,0.2433,0.1445,0.0352,0.0088,0.1279,0.2612,0.0414,0.0548,0.0547,1802.1,61.2964,33.6648,599.8936,68.195,438.4617,260.3404,63.3632,15.8248,230.4894,470.7267,74.6598,98.7327,98.6399,Josh Hart,NY,G,,11.2065,1.2739,8.1908,4.8634,1.1837,0.2956,4.3057,8.7936,1.3947,1.8444,1.8427,0.4896,0.7562
3037789.0,34.4538,0.4266,0.0871,0.116,0.1012,0.0328,0.0094,0.1516,0.366,0.0445,0.0512,0.052,861.1,37.4,26.1532,367.3593,75.0245,99.9175,87.1279,28.2327,8.0858,130.5183,315.1872,38.3299,44.0567,44.7908,Bogdan Bogdanovic,HOU,G,,11.1574,2.2786,3.0347,2.6462,0.8575,0.2456,3.9641,9.5728,1.1641,1.3381,1.3604,0.4141,0.87
2528426.0,34.6509,0.4887,0.0631,0.1083,0.1154,0.0254,0.0072,0.1756,0.4213,0.0753,0.0912,0.0697,1250.5,60.2602,22.7906,611.1623,78.8968,135.442,144.355,31.7974,9.0226,219.5929,526.8827,94.1647,113.9996,87.0981,Jordan Clarkson,NY,G,,11.1385,1.4379,2.4685,2.6309,0.5795,0.1644,4.0021,9.6025,1.7162,2.0777,1.5874,0.4168,0.826
3157465.0,32.7782,0.4204,0.1046,0.0942,0.0868,0.0226,0.0079,0.146,0.33,0.0332,0.041,0.0394,1735.2,66.4,26.4689,729.5124,181.5633,163.5188,150.6389,39.2231,13.6387,253.2946,572.582,57.5626,71.2028,68.4137,Duncan Robinson,DET,F,,11.1281,2.7696,2.4943,2.2979,0.5983,0.208,3.8638,8.7342,0.8781,1.0861,1.0436,0.4424,0.8084
4432171.0,24.6715,0.4954,0.0943,0.134,0.0661,0.0365,0.0196,0.1692,0.3752,0.0674,0.0843,0.0372,1435.6,57.9,22.4081,711.1695,135.3384,192.4202,94.9266,52.4255,28.1977,242.9636,538.6557,96.7642,121.0727,53.334,Moses Moody,GS,G,,11.1005,2.1125,3.0035,1.4817,0.8183,0.4401,3.7924,8.4078,1.5104,1.8898,0.8325,0.4511,0.7992
3032976.0,34.5989,0.3382,0.0009,0.3459,0.0488,0.0232,0.0487,0.1334,0.2056,0.0667,0.1108,0.0431,1928.2,65.7,32.6138,652.0638,1.791,666.9912,94.0884,44.7278,93.9867,257.1364,396.5201,128.6572,213.5666,83.0803,Rudy Gobert,MIN,C,,11.0291,0.0303,11.2816,1.5914,0.7565,1.5897,4.3492,6.7068,2.1761,3.6123,1.4052,0.6485,0.6024
4396963.0,27.0999,0.5378,0.115,0.1319,0.0712,0.0275,0.0121,0.1886,0.3874,0.0539,0.07,0.0371,643.0,27.5,20.4286,345.7842,73.9275,84.7812,45.7634,17.6591,7.7945,121.2982,249.0872,34.6478,45.0362,23.8585,Blake Hinson,UTAH,F,,10.9858,2.3487,2.6936,1.4539,0.561,0.2476,3.8537,7.9137,1.1008,1.4308,0.758,0.487,0.7693
4433136.0,25.5175,0.3984,0.0085,0.3647,0.0601,0.0239,0.0764,0.1679,0.2585,0.0506,0.0857,0.0515,751.8,28.8,27.196,299.4835,6.4204,274.211,45.1772,17.9636,57.4748,126.2198,194.3588,38.0612,64.3983,38.6958,Walker Kessler,LAL,C,,10.8337,0.2323,9.9194,1.6343,0.6498,2.0791,4.5659,7.0308,1.3768,2.3296,1.3998,0.6494,0.591
4576087.0,24.3895,0.4436,0.0447,0.1604,0.0701,0.0304,0.0457,0.1628,0.3328,0.0745,0.1025,0.046,1463.7,54.3,24.3926,649.2395,65.4283,234.7079,102.5328,44.5378,66.8607,238.2913,487.123,109.0493,150.0295,67.3492,Peyton Watson,DEN,G,,10.8196,1.0904,3.9114,1.7087,0.7422,1.1142,3.9711,8.1179,1.8173,2.5002,1.1224,0.4892,0.7269
4431785.0,26.2238,0.4952,0.0587,0.1453,0.2127,0.0583,0.0173,0.1805,0.3774,0.0765,0.1033,0.0864,774.1,33.4,21.8228,383.3274,45.4579,112.4487,164.6156,45.1338,13.3636,139.7362,292.1598,59.24,79.9615,66.8994,Scotty Pippen Jr.,MEM,G,,10.8065,1.2815,3.1701,4.6407,1.2724,0.3767,3.9393,8.2363,1.67,2.2542,1.886,0.4783,0.7409
5105565.0,22.9384,0.4466,0.035,0.4134,0.0791,0.0244,0.0642,0.1721,0.3236,0.0672,0.0993,0.049,1679.2,65.7,24.1547,749.9468,58.7138,694.1529,132.7521,40.9881,107.8817,288.9619,543.3906,112.8211,166.7441,82.3139,Donovan Clingan,POR,C,,10.7877,0.8446,9.9851,1.9096,0.5896,1.5518,4.1566,7.8165,1.6229,2.3986,1.1841,0.5318,0.6766
4277847.0,27.7953,0.3906,0.0335,0.2597,0.0724,0.0272,0.0205,0.1409,0.2837,0.0758,0.0995,0.0453,1821.0,66.3,27.4547,711.3168,61.0692,472.9558,131.8917,49.4533,37.3586,256.6213,516.548,138.0783,181.1644,82.4335,Wendell Carter Jr.,ORL,C,,10.7243,0.9207,7.1306,1.9885,0.7456,0.5632,3.869,7.7878,2.0818,2.7314,1.2428,0.4968,0.7622
4278049.0,28.3347,0.4743,0.0018,0.3066,0.0614,0.0302,0.0668,0.191,0.2849,0.084,0.1219,0.0496,1219.1,53.7,22.5103,578.2485,2.1516,373.7753,74.9103,36.8319,81.406,232.8916,347.3792,102.4483,148.5799,60.5252,Daniel Gafford,DAL,F,,10.6772,0.0397,6.9017,1.3832,0.6801,1.5031,4.3003,6.4143,1.8917,2.7435,1.1176,0.6704,0.6895
6609.0,35.4723,0.4457,0.0537,0.161,0.1486,0.0325,0.0085,0.163,0.365,0.0668,0.0789,0.0743,1303.7,55.6554,23.9522,581.0134,70.0259,209.9117,193.776,42.3805,11.1291,212.4392,475.8311,87.1113,102.9141,96.8371,Khris Middleton,WSH,F,,10.6747,1.2866,3.8566,3.5601,0.7786,0.2045,3.903,8.7422,1.6005,1.8908,1.7791,0.4465,0.8464
4898237.0,24.7509,0.3246,0.0208,0.127,0.1291,0.0512,0.0128,0.1328,0.257,0.046,0.065,0.0489,746.5,28.0,32.8667,242.2868,15.5498,94.8237,96.3536,38.2297,9.5193,99.0992,191.8359,34.3145,48.4992,36.4717,Bez Mbeng,UTAH,G,,10.6673,0.6846,4.1749,4.2422,1.6832,0.4191,4.3631,8.4461,1.5108,2.1353,1.6058,0.5166,0.7075
4600663.0,24.885,0.4775,0.0155,0.3816,0.0533,0.0274,0.0546,0.1916,0.3317,0.0731,0.0982,0.0658,783.9,32.6,22.2445,374.3504,12.1732,299.1043,41.7434,21.4517,42.8163,150.1569,260.0446,57.3184,77.0083,51.5898,Zach Edey,MEM,C,,10.6228,0.3454,8.4876,1.1845,0.6087,1.215,4.261,7.3792,1.6265,2.1852,1.4639,0.5774,0.7443
4683778.0,22.9466,0.5516,0.0941,0.1162,0.0938,0.0302,0.0048,0.1979,0.4446,0.0633,0.0726,0.0528,1140.9,56.3,19.1827,629.2745,107.3631,132.5564,106.9788,34.4993,5.4774,225.7467,507.3001,72.2703,82.8239,60.2434,Jared McCain,OKC,G,,10.5804,1.8052,2.2288,1.7987,0.5801,0.0921,3.7956,8.5296,1.2151,1.3926,1.0129,0.445,0.8726
4684742.0,24.0034,0.4269,0.0094,0.2307,0.1145,0.0643,0.0326,0.1754,0.3349,0.0639,0.1035,0.0572,1582.9,62.9,24.7734,675.7676,14.8818,365.2088,181.2659,101.8134,51.6359,277.704,530.1607,101.1707,163.7647,90.5762,Ausar Thompson,DET,G,,10.5762,0.2329,5.7158,2.8369,1.5934,0.8081,4.3462,8.2974,1.5834,2.563,1.4176,0.5238,0.6178
4433144.0,25.345,0.5082,0.094,0.1185,0.1246,0.0288,0.0065,0.1874,0.4708,0.0425,0.0565,0.0599,1007.5,45.0,20.7143,511.9957,94.6707,119.3612,125.4916,29.0336,6.5075,188.8105,474.367,42.8398,56.8836,60.3301,Caleb Love,PHI,G,,10.5267,1.9464,2.4541,2.5801,0.5969,0.1338,3.882,9.753,0.8808,1.1695,1.2404,0.398,0.7531
4277843.0,28.0363,0.4297,0.098,0.0787,0.0564,0.033,0.0036,0.1519,0.364,0.036,0.0448,0.0271,1380.0,60.4096,24.4952,592.9714,135.2909,108.5585,77.8292,45.5779,4.8999,209.5677,502.3061,49.6446,61.8862,37.4472,Gary Trent Jr.,MIL,G,,10.5253,2.4014,1.9269,1.3815,0.809,0.087,3.7199,8.916,0.8812,1.0985,0.6647,0.4172,0.8022
4277890.0,28.1328,0.5291,0.107,0.1302,0.0914,0.0288,0.0155,0.1904,0.45,0.0496,0.0631,0.0521,547.9,22.4,19.844,289.8882,58.6045,71.3315,50.1001,15.7704,8.4934,104.32,246.5415,27.1548,34.5952,28.554,Lonnie Walker IV,DEN,G,,10.4993,2.1226,2.5835,1.8145,0.5712,0.3076,3.7783,8.9293,0.9835,1.253,1.0342,0.4231,0.7849
4433137.0,25.386,0.4504,0.0727,0.1515,0.061,0.045,0.0151,0.1512,0.3569,0.08,0.0945,0.0491,1294.4,54.8,23.1119,582.9458,94.1259,196.121,78.9277,58.2545,19.4857,195.7364,461.9277,103.4958,122.3569,63.5958,Ziaire Williams,LAL,F,,10.4087,1.6806,3.5018,1.4093,1.0402,0.3479,3.4949,8.2479,1.848,2.1847,1.1355,0.4237,0.8459
4432582.0,23.9733,0.4128,0.0745,0.122,0.0746,0.0256,0.0134,0.1405,0.3154,0.0618,0.0701,0.0425,1834.0,66.8,25.1682,757.1399,136.6099,223.7598,136.8144,46.9272,24.6148,257.6795,578.3683,113.284,128.5616,77.9012,Max Christie,DAL,G,,10.3903,1.8747,3.0707,1.8775,0.644,0.3378,3.5362,7.937,1.5546,1.7643,1.069,0.4455,0.8812
4279318.0,28.4251,0.4245,0.0776,0.1231,0.0541,0.0281,0.0097,0.1517,0.3353,0.0513,0.061,0.0383,928.5,37.1,24.4293,394.1833,72.0372,114.3367,50.2239,26.0734,9.0463,140.8452,311.2995,47.6087,56.6176,35.5784,Daeqwon Plowden,SAC,G,,10.3712,1.8953,3.0083,1.3214,0.686,0.238,3.7057,8.1905,1.2526,1.4896,0.9361,0.4524,0.8409
4278355.0,28.9124,0.5217,0.0748,0.2001,0.0891,0.0284,0.017,0.1964,0.3725,0.0566,0.07,0.0466,867.1,40.4,19.8336,452.3624,64.8439,173.5048,77.2419,24.6526,14.7364,170.2836,322.9833,49.0867,60.7069,40.3902,Obi Toppin,IND,F,,10.3471,1.4832,3.9687,1.7668,0.5639,0.3371,3.895,7.3877,1.1228,1.3886,0.9239,0.5272,0.8086
4065778.0,30.8453,0.3657,0.0882,0.1632,0.119,0.0242,0.0101,0.1304,0.3042,0.028,0.0352,0.0461,771.3,31.5,28.2021,282.0789,68.0109,125.8588,91.8063,18.6792,7.7934,100.5949,234.6112,21.5846,27.1798,35.5837,Max Strus,CLE,G,,10.314,2.4868,4.602,3.3568,0.683,0.285,3.6782,8.5784,0.7892,0.9938,1.3011,0.4288,0.7941
6578.0,34.6728,0.3806,0.0677,0.1157,0.0594,0.0224,0.0062,0.1318,0.2804,0.054,0.0671,0.0276,1729.0,67.2301,27.0985,658.0737,117.0528,200.0254,102.6698,38.7171,10.7942,227.801,484.8324,93.4228,116.0503,47.7406,Harrison Barnes,SA,F,,10.314,1.8346,3.135,1.6091,0.6068,0.1692,3.5703,7.5988,1.4642,1.8189,0.7482,0.4699,0.805
4431823.0,26.3963,0.4339,0.0942,0.094,0.1091,0.0367,0.0087,0.1551,0.3611,0.0364,0.0444,0.0291,1199.7,47.153,23.7173,520.5977,113.0471,112.8088,130.9272,44.0315,10.4239,186.1286,433.1811,43.6181,53.2188,34.9184,Miles McBride,NY,G,,10.2919,2.2349,2.2302,2.5883,0.8705,0.2061,3.6796,8.5637,0.8623,1.0521,0.6903,0.4297,0.8196
4683747.0,24.165,0.4979,0.0759,0.1944,0.0922,0.031,0.0143,0.1866,0.3834,0.0499,0.0655,0.056,1434.6,58.2,20.6544,714.2391,108.8181,278.8682,132.3415,44.4015,20.5284,267.7038,550.0416,71.5782,93.9564,80.2874,Jaylon Tyson,CLE,G,,10.2832,1.5667,4.015,1.9054,0.6393,0.2956,3.8542,7.9191,1.0305,1.3527,1.1559,0.4867,0.7618
4592479.0,25.5914,0.4199,0.0941,0.181,0.0645,0.0301,0.0186,0.14,0.324,0.052,0.0602,0.0357,1839.3,69.7,24.4674,772.2847,173.1485,332.9306,118.6835,55.3707,34.2832,257.4226,596.0132,95.5975,110.7531,65.6084,Julian Champagnie,SA,F,,10.2733,2.3033,4.4288,1.5788,0.7366,0.4561,3.4244,7.9285,1.2717,1.4733,0.8728,0.4319,0.8632
4781746.0,24.1184,0.4941,0.0757,0.1575,0.1826,0.0382,0.0124,0.1698,0.3599,0.0836,0.1009,0.0644,915.0,40.5,20.75,452.1005,69.2483,144.1239,167.0635,34.9856,11.3074,155.3705,329.3123,76.4783,92.2967,58.9029,Javon Small,MEM,G,,10.2526,1.5704,3.2684,3.7886,0.7934,0.2564,3.5234,7.468,1.7343,2.0931,1.3358,0.4718,0.8286
4610139.0,23.7023,0.4667,0.0331,0.236,0.1176,0.0323,0.0174,0.1835,0.3702,0.065,0.0857,0.0595,871.4,47.6349,21.8571,406.653,28.8831,205.6249,102.5076,28.1141,15.203,159.8912,322.6355,56.6261,74.6889,51.834,Jeremy Sochan,POR,F,,10.2,0.7245,5.1576,2.5712,0.7052,0.3813,4.0105,8.0926,1.4203,1.8734,1.3001,0.4956,0.7582
4683688.0,22.9685,0.4506,0.0042,0.3077,0.093,0.0293,0.0575,0.1902,0.2706,0.06,0.0931,0.0483,640.5,27.6,22.6076,288.6106,2.6927,197.0603,59.5453,18.7902,36.8166,121.8005,173.3357,38.4319,59.63,30.9112,Dereck Lively II,DAL,C,,10.187,0.095,6.9556,2.1018,0.6632,1.2995,4.2992,6.1182,1.3565,2.1047,1.0911,0.7027,0.6445
4278585.0,27.6037,0.4383,0.1014,0.1448,0.1626,0.0422,0.0078,0.1537,0.3614,0.0363,0.0427,0.0531,1685.0,63.7,23.185,738.5889,170.9294,243.9888,274.0357,71.1738,13.0797,258.9457,608.977,61.219,72.0112,89.5165,Collin Gillespie,PHX,G,,10.1627,2.3519,3.3572,3.7706,0.9793,0.18,3.563,8.3793,0.8424,0.9908,1.2317,0.4252,0.8501
5279130.0,20.6797,0.4548,0.0557,0.0884,0.1843,0.0363,0.0185,0.1659,0.41,0.0704,0.0875,0.0943,1123.0,48.5,22.25,510.7502,62.5267,99.2827,206.9338,40.7452,20.751,186.3091,460.403,79.0342,98.2398,105.8667,Nolan Traore,BKN,G,,10.1195,1.2388,1.9671,4.1,0.8073,0.4111,3.6913,9.122,1.5659,1.9464,2.0975,0.4047,0.8045
4395702.0,27.5845,0.4869,0.1242,0.1227,0.0717,0.0314,0.0087,0.1617,0.3584,0.0487,0.0558,0.0303,1415.5,63.4096,20.6547,689.22,175.8364,173.7507,101.521,44.3834,12.2443,228.8385,507.3717,68.8987,78.9623,42.8824,Isaiah Joe,DET,G,,10.0569,2.5658,2.5353,1.4814,0.6476,0.1787,3.3392,7.4035,1.0054,1.1522,0.6257,0.451,0.8726
5106258.0,23.1985,0.5007,0.076,0.1262,0.0642,0.0341,0.0059,0.1747,0.4063,0.0785,0.089,0.0456,1192.6,63.9,19.9897,597.1215,90.6358,150.4645,76.5259,40.6104,7.0093,208.3988,484.5718,93.6559,106.1202,54.3805,Gradey Dick,TOR,G,,10.0086,1.5192,2.522,1.2827,0.6807,0.1175,3.4931,8.1221,1.5698,1.7787,0.9115,0.4301,0.8825
4277813.0,28.321,0.3347,0.0514,0.1191,0.0959,0.0483,0.0192,0.1215,0.278,0.0449,0.0536,0.0457,1359.4,50.5,29.7687,454.986,69.9027,161.8433,130.3127,65.6604,26.0405,165.2204,377.8931,61.0751,72.9159,62.0698,Herbert Jones,NO,F,,9.9635,1.5308,3.5441,2.8536,1.4379,0.5702,3.6181,8.2753,1.3374,1.5967,1.3592,0.4372,0.8376
4066372.0,28.4305,0.4221,0.0779,0.1399,0.1074,0.0361,0.0162,0.1605,0.3647,0.0284,0.0374,0.0421,1443.9,61.9,23.5806,609.4017,112.4792,202.0264,155.0972,52.1151,23.3679,231.7976,526.6452,41.0721,53.946,60.8209,Kevin Huerter,DET,G,,9.9522,1.8369,3.2993,2.5329,0.8511,0.3816,3.7855,8.6007,0.6708,0.881,0.9933,0.4401,0.7614
2991043.0,32.436,0.4183,0.0595,0.1228,0.1443,0.0376,0.0228,0.1521,0.354,0.0577,0.0802,0.0589,1236.2,56.9,23.6961,517.1388,73.5852,151.8188,178.3307,46.5006,28.1656,188.047,437.6159,71.3673,99.1171,72.7892,Caris LeVert,MIL,G,,9.9128,1.4105,2.9101,3.4183,0.8913,0.5399,3.6046,8.3884,1.368,1.8999,1.3953,0.4297,0.72
3448.0,38.8344,0.3591,0.0603,0.1606,0.0544,0.0227,0.0595,0.1337,0.2874,0.0356,0.0447,0.0354,1575.8,66.0024,27.5032,565.8542,95.0497,253.0458,85.7285,35.7263,93.8168,210.6264,452.9379,56.1352,70.5055,55.8594,Brook Lopez,LAC,C,,9.8761,1.6589,4.4165,1.4963,0.6235,1.6374,3.6762,7.9053,0.9798,1.2306,0.9749,0.465,0.7962
4397020.0,27.7871,0.3496,0.0798,0.1343,0.0535,0.0337,0.0169,0.1225,0.29,0.0318,0.0403,0.0304,1636.2,62.1133,28.0736,572.0729,130.5614,219.7038,87.6105,55.2196,27.6655,200.3792,474.4933,52.1081,65.8837,49.717,Luguentz Dort,ATL,G,,9.8155,2.2401,3.7696,1.5032,0.9474,0.4747,3.4381,8.1413,0.8941,1.1304,0.853,0.4223,0.7909
4997528.0,23.6475,0.472,0.0756,0.1835,0.1296,0.0323,0.0154,0.1631,0.374,0.075,0.0987,0.0602,1021.0,48.1,20.6123,481.9402,77.1787,187.3868,132.2954,32.9964,15.7485,166.5499,381.8939,76.6259,100.7583,61.4215,Nikola Jovic,MIA,F,,9.7296,1.5581,3.783,2.6708,0.6661,0.3179,3.3624,7.7098,1.547,2.0341,1.24,0.4361,0.7605
4433083.0,26.8207,0.4659,0.0874,0.1112,0.2231,0.0312,0.0072,0.1552,0.3301,0.0737,0.079,0.0516,1383.6,59.0,20.8457,644.5772,120.9825,153.8603,308.6527,43.1497,10.0253,214.6954,456.6774,101.954,109.2923,71.4593,Cam Spencer,MEM,G,,9.7114,1.8228,2.3181,4.6502,0.6501,0.151,3.2347,6.8804,1.5361,1.6466,1.0766,0.4701,0.9329
5107173.0,22.7413,0.4631,0.0625,0.2335,0.1149,0.028,0.0254,0.1636,0.3864,0.0773,0.0985,0.0601,1096.0,49.0,20.9123,507.5244,68.5203,255.9215,125.8814,30.6683,27.8023,179.3097,423.4845,84.6698,107.9156,65.9242,Danny Wolf,BKN,F,,9.6838,1.3074,4.8831,2.4019,0.5852,0.5305,3.4213,8.0803,1.6155,2.0591,1.2579,0.4234,0.7846
5093267.0,21.6434,0.4357,0.0186,0.2281,0.0949,0.0401,0.0388,0.1744,0.3048,0.0662,0.0962,0.049,1122.5,49.0,21.8421,489.0533,20.8868,256.0321,106.508,45.0537,43.5582,195.8027,342.1195,74.3593,107.9569,55.0305,Collin Murray-Boyles,TOR,F,,9.5162,0.4064,4.982,2.0725,0.8767,0.8476,3.81,6.6571,1.4469,2.1007,1.0708,0.5723,0.6888
4898238.0,23.8282,0.4866,0.112,0.1367,0.0661,0.0318,0.0174,0.1719,0.3758,0.0482,0.0593,0.0374,627.0,27.0,19.5385,305.1222,70.2238,85.738,41.4177,19.91,10.8897,107.7814,235.6525,30.2421,37.2014,23.4769,John Poulakidas,DAL,G,,9.5082,2.1883,2.6718,1.2907,0.6204,0.3393,3.3587,7.3434,0.9424,1.1593,0.7316,0.4574,0.8129
4397183.0,28.0801,0.4633,0.0714,0.1535,0.078,0.0383,0.0145,0.1771,0.3737,0.0412,0.0523,0.0484,1383.8,60.6072,20.4983,641.1406,98.7495,212.4595,107.9004,53.0119,20.1256,245.0248,517.0928,56.9745,72.3949,66.9725,Aaron Wiggins,ATL,G,,9.4972,1.4628,3.1472,1.5983,0.7853,0.2981,3.6296,7.6597,0.844,1.0724,0.9921,0.4739,0.787
3102530.0,32.4415,0.3803,0.0216,0.376,0.1419,0.0394,0.0282,0.1471,0.3016,0.0628,0.1011,0.0863,1148.2,46.1,24.9639,436.7149,24.8522,431.693,162.959,45.2008,32.3932,168.8703,346.2435,72.1561,116.0824,99.0847,Jusuf Nurkic,UTAH,C,,9.495,0.5403,9.3858,3.543,0.9827,0.7043,3.6715,7.5279,1.5688,2.5238,2.1543,0.4877,0.6216
4222252.0,28.7426,0.3645,0.0018,0.3587,0.1296,0.0373,0.0349,0.153,0.2563,0.0537,0.0796,0.0597,1233.1,49.7301,25.8497,449.4723,2.2105,442.2814,159.8405,45.9737,43.0519,188.6099,316.1027,66.2066,98.1308,73.5686,Isaiah Hartenstein,OKC,C,,9.4224,0.0463,9.2716,3.3508,0.9638,0.9025,3.9539,6.6265,1.3879,2.0571,1.5422,0.5967,0.6747
4997537.0,23.8939,0.6651,0.0815,0.2303,0.0898,0.0311,0.0419,0.2292,0.4775,0.1218,0.1533,0.0805,886.2,48.5,14.106,589.3807,72.2018,204.0554,79.5681,27.5481,37.1175,203.0883,423.1996,107.9467,135.8457,71.3054,Tristan Vukcevic,WSH,F,,9.3814,1.1493,3.248,1.2665,0.4385,0.5908,3.2326,6.7362,1.7182,2.1623,1.135,0.4799,0.7946
4397189.0,26.8782,0.5292,0.0764,0.3295,0.0664,0.0213,0.0365,0.1934,0.3876,0.0679,0.0897,0.045,1143.7,53.4,17.7173,605.2801,87.4181,376.8504,75.9279,24.3085,41.7213,221.1869,443.2963,77.6567,102.5843,51.461,Jalen Smith,CHI,F,,9.3765,1.3542,5.8379,1.1762,0.3766,0.6463,3.4265,6.8672,1.203,1.5892,0.7972,0.499,0.757
2990992.0,32.9069,0.3543,0.0608,0.0989,0.1176,0.0492,0.0124,0.1198,0.296,0.059,0.0746,0.0636,1452.5,54.9,26.4308,514.6418,88.372,143.6567,170.7415,71.4723,18.0832,174.0678,429.9332,85.7072,108.3355,92.3527,Marcus Smart,HOU,G,,9.3648,1.6081,2.6141,3.1069,1.3006,0.3291,3.1675,7.8234,1.5596,1.9714,1.6805,0.4049,0.7911
5106060.0,23.4093,0.4684,0.0751,0.1982,0.1082,0.0371,0.0166,0.1654,0.3724,0.0654,0.0869,0.0669,1597.0,66.0,19.982,747.9882,119.9074,316.5701,172.7263,59.1784,26.448,264.2172,594.6498,104.4748,138.8393,106.8395,Jarace Walker,IND,F,,9.359,1.5003,3.961,2.1612,0.7405,0.3309,3.3059,7.4404,1.3072,1.7372,1.3368,0.4443,0.7525
2990984.0,34.1225,0.4306,0.1019,0.1331,0.0859,0.0361,0.014,0.1565,0.3729,0.0262,0.0318,0.0511,1096.7,54.2,21.648,472.1892,111.7091,145.9342,94.1876,39.5851,15.3274,171.6669,408.9449,28.7053,34.8963,55.989,Buddy Hield,ATL,G,,9.3206,2.205,2.8806,1.8592,0.7814,0.3025,3.3886,8.0722,0.5666,0.6888,1.1052,0.4198,0.8226
4066218.0,28.1704,0.3708,0.0694,0.1669,0.0849,0.0255,0.0202,0.1265,0.2793,0.0562,0.0707,0.0507,904.4,40.1,25.125,335.3678,62.8056,150.9479,76.7596,23.0382,18.3067,114.4063,252.5681,50.8113,63.901,45.8813,Grant Williams,CHA,F,,9.3168,1.7448,4.1935,2.1324,0.64,0.5086,3.1783,7.0166,1.4116,1.7752,1.2746,0.453,0.7952
3150844.0,29.7666,0.5824,0.0421,0.2472,0.0712,0.0324,0.0137,0.2102,0.401,0.1128,0.1438,0.0657,769.9,41.5,15.9815,448.4138,32.4485,190.3395,54.7993,24.9832,10.515,161.8365,308.7289,86.8551,110.6963,50.5958,Moritz Wagner,BKN,F,,9.3081,0.6736,3.951,1.1375,0.5186,0.2183,3.3594,6.4086,1.8029,2.2978,1.0503,0.5242,0.7846
3936099.0,29.9582,0.3734,0.0449,0.1349,0.0428,0.0346,0.0254,0.1422,0.2851,0.0466,0.0639,0.0352,1360.9,53.2,24.8995,508.2144,61.162,183.6174,58.3006,47.0282,34.5457,193.5516,388.0244,63.3681,86.9872,47.9695,Derrick Jones Jr.,LAC,F,,9.2985,1.119,3.3595,1.0667,0.8604,0.6321,3.5413,7.0994,1.1594,1.5915,0.8777,0.4988,0.7285
4277848.0,27.8857,0.5189,0.0186,0.2943,0.0655,0.0247,0.0308,0.2069,0.3585,0.0798,0.1141,0.0523,1128.3,53.6,17.8397,585.5272,20.9851,332.0273,73.944,27.8187,34.7962,233.4168,404.4534,90.0039,128.7223,58.9828,Marvin Bagley III,DEN,F,,9.2579,0.3318,5.2497,1.1691,0.4398,0.5502,3.6906,6.3949,1.4231,2.0352,0.9326,0.5771,0.6992
4702384.0,24.9754,0.3684,0.0447,0.1518,0.1005,0.0356,0.0131,0.1423,0.3296,0.0424,0.0573,0.0608,1441.0,58.0,25.0933,530.8644,64.4542,218.7209,144.7855,51.3542,18.9099,205.0199,474.9765,61.0289,82.6325,87.6643,Nique Clifford,SAC,G,,9.2444,1.1224,3.8088,2.5213,0.8943,0.3293,3.5702,8.2712,1.0627,1.4389,1.5266,0.4316,0.7386
4432810.0,25.6954,0.3985,0.033,0.2378,0.0694,0.0171,0.0541,0.1522,0.2825,0.0619,0.0804,0.0492,1300.3,56.7,23.148,518.1097,42.8532,309.1535,90.1947,22.2536,70.4111,197.8981,367.3029,80.5063,104.5678,63.9371,Isaiah Stewart,MEM,F,,9.2234,0.7629,5.5036,1.6057,0.3962,1.2535,3.523,6.5388,1.4332,1.8615,1.1382,0.5388,0.7699
4601025.0,25.9363,0.4192,0.0389,0.1301,0.1209,0.0305,0.0092,0.1469,0.3017,0.0884,0.113,0.0493,1504.3,60.9,21.894,630.6139,58.5433,195.6586,181.9174,45.9349,13.8946,220.9425,453.7848,132.9265,170.0321,74.1449,Pelle Larsson,MIA,G,,9.1781,0.8521,2.8477,2.6477,0.6685,0.2022,3.2157,6.6045,1.9346,2.4747,1.0791,0.4869,0.7818
4683692.0,23.2341,0.3602,0.0562,0.1194,0.1014,0.062,0.0167,0.1397,0.2957,0.0268,0.0327,0.0337,1714.0,65.8169,25.2756,617.317,96.2554,204.6165,173.8364,106.2035,28.568,239.4128,506.8072,45.8975,56.0507,57.8036,Cason Wallace,OKC,G,,9.1033,1.4194,3.0174,2.5635,1.5661,0.4213,3.5305,7.4737,0.6768,0.8266,0.8524,0.4724,0.8189
4702382.0,25.7146,0.3867,0.0623,0.1504,0.0714,0.0298,0.0122,0.1427,0.3225,0.0428,0.0488,0.0372,1613.6,66.4,23.5374,623.9223,100.5048,242.7629,115.1848,48.1288,19.7492,230.2594,520.4247,69.1269,78.8123,60.0847,Tristan da Silva,ORL,F,,9.1011,1.4661,3.5412,1.6802,0.7021,0.2881,3.3588,7.5914,1.0083,1.1496,0.8765,0.4424,0.8771
4868423.0,24.5756,0.5976,0.1091,0.1105,0.0948,0.0253,0.0065,0.2108,0.4898,0.0699,0.093,0.072,1040.7,54.7,15.1653,621.873,113.5,115.0004,98.7068,26.35,6.7519,219.4216,509.7661,72.6964,96.8048,74.9672,Jaden Hardy,LAL,G,,9.0621,1.6539,1.6758,1.4384,0.384,0.0984,3.1975,7.4284,1.0593,1.4107,1.0924,0.4304,0.751
5107199.0,25.4572,0.472,0.0537,0.1182,0.1922,0.0409,0.0111,0.1646,0.3945,0.0908,0.11,0.0748,1228.8,57.1,19.1589,579.967,66.0016,145.1873,236.2025,50.197,13.6156,202.3168,484.762,111.6329,135.1951,91.9439,Daniss Jenkins,DET,G,,9.0426,1.0291,2.2637,3.6828,0.7826,0.2123,3.1544,7.5582,1.7405,2.1079,1.4335,0.4174,0.8257
5174655.0,24.6167,0.445,0.035,0.2188,0.1108,0.0377,0.0234,0.1648,0.3155,0.0814,0.1016,0.057,672.5,29.0,20.2941,299.2847,23.5395,147.1572,74.4976,25.3348,15.7063,110.8355,212.1647,54.7515,68.3014,38.3101,Chaney Johnson,BKN,F,,9.0316,0.7104,4.4408,2.2481,0.7645,0.474,3.3447,6.4025,1.6522,2.0611,1.1561,0.5224,0.8016
4066757.0,30.7139,0.4156,0.1156,0.1058,0.0881,0.0277,0.007,0.1404,0.3268,0.0307,0.0352,0.0285,1329.1,53.6,21.6217,552.4232,153.6319,140.5531,117.0872,36.8506,9.2717,186.5721,434.284,40.7752,46.7666,37.8775,Sam Merrill,CLE,G,,8.9868,2.4993,2.2865,1.9048,0.5995,0.1508,3.0351,7.0649,0.6633,0.7608,0.6162,0.4296,0.8719
4432907.0,25.5914,0.4347,0.051,0.2652,0.0603,0.043,0.0287,0.1665,0.3324,0.052,0.0683,0.0384,1322.4,60.6,20.5866,574.8432,67.4482,350.7139,79.7105,56.8761,37.8887,220.2091,439.5944,68.7999,90.3769,50.7688,Justin Champagnie,WSH,F,,8.949,1.05,5.4598,1.2409,0.8854,0.5898,3.4281,6.8434,1.0711,1.407,0.7904,0.5009,0.7613
5242502.0,20.8001,0.4236,0.0272,0.1101,0.17,0.0397,0.0107,0.1551,0.3621,0.0902,0.1073,0.0952,958.0,42.5,20.8182,405.8268,26.0305,105.5004,162.8852,38.0045,10.2333,148.5518,346.8796,86.3718,102.8003,91.1861,Ben Saraf,BKN,G,,8.819,0.5657,2.2926,3.5396,0.8259,0.2224,3.2282,7.538,1.8769,2.2339,1.9816,0.4283,0.8402
4431687.0,25.4326,0.3795,0.0677,0.1479,0.0775,0.0325,0.0197,0.1368,0.3359,0.0431,0.0573,0.0521,1395.4,62.8,23.2092,529.6202,94.5327,206.3228,108.2119,45.3426,27.5159,190.9308,468.7644,60.0916,79.9501,72.6669,Patrick Williams,CHI,F,,8.809,1.5723,3.4317,1.7998,0.7542,0.4577,3.1757,7.7968,0.9995,1.3298,1.2086,0.4073,0.7516
4432822.0,26.013,0.3553,0.0511,0.1106,0.0686,0.0291,0.0162,0.1295,0.272,0.0491,0.0653,0.0286,1454.1,57.5,24.7736,516.6405,74.3635,160.7764,99.6982,42.3018,23.511,188.2784,395.5251,71.4258,94.916,41.5209,Isaac Okoro,CHI,F,,8.802,1.2669,2.7392,1.6986,0.7207,0.4006,3.2077,6.7386,1.2169,1.6171,0.7074,0.476,0.7525
4684272.0,22.4073,0.4243,0.0773,0.1363,0.0724,0.0441,0.0099,0.146,0.3288,0.0605,0.075,0.0353,1346.4,61.7,20.7324,571.3344,104.1365,183.4982,97.5432,59.3844,13.3251,196.5145,442.6823,81.4786,100.9736,47.5355,Ja'Kobe Walter,TOR,G,,8.7976,1.6035,2.8256,1.502,0.9144,0.2052,3.026,6.8166,1.2546,1.5548,0.732,0.4439,0.8069
4065804.0,29.1478,0.3791,0.1116,0.1516,0.0527,0.0231,0.0112,0.1338,0.3072,0.0108,0.0125,0.0198,1620.6,66.6,23.1153,614.3673,180.8749,245.7355,85.3526,37.5118,18.1931,216.9034,497.7698,17.4506,20.2983,32.0928,Sam Hauser,BOS,F,,8.763,2.5799,3.505,1.2174,0.535,0.2595,3.0938,7.0999,0.2489,0.2895,0.4578,0.4358,0.8597
4592691.0,25.2437,0.3735,0.0487,0.1688,0.0909,0.0454,0.0169,0.1301,0.2828,0.0681,0.0892,0.0508,1667.0,68.1,23.2953,622.595,81.2265,281.3458,151.6013,75.7551,28.1891,216.885,471.3568,113.5163,148.7118,84.6539,Jake LaRavia,LAL,F,,8.7004,1.1351,3.9316,2.1185,1.0586,0.3939,3.0308,6.5869,1.5863,2.0782,1.183,0.4601,0.7633
3913174.0,30.6044,0.383,0.0812,0.1146,0.1226,0.0305,0.0045,0.1365,0.2774,0.0359,0.0405,0.0443,1488.3,66.0,22.558,569.9845,120.813,170.5021,182.5093,45.4214,6.6575,203.1539,412.7893,53.4552,60.308,65.9941,Luke Kennard,PHX,G,,8.6392,1.8312,2.5843,2.7663,0.6884,0.1009,3.0792,6.2566,0.8102,0.9141,1.0003,0.4921,0.8864
4431679.0,27.3682,0.3847,0.0163,0.2791,0.0592,0.0348,0.0315,0.1621,0.3159,0.0427,0.0716,0.0423,1491.3,62.7,22.4405,573.654,24.272,416.1768,88.2739,51.961,46.9433,241.726,471.0882,63.6119,106.7331,63.1304,Precious Achiuwa,SAC,PF,,8.6321,0.3652,6.2625,1.3283,0.7819,0.7064,3.6374,7.0887,0.9572,1.6061,0.95,0.5131,0.596
4683750.0,24.7591,0.4746,0.0945,0.1273,0.0646,0.0223,0.0132,0.1635,0.421,0.0596,0.0707,0.0442,976.9,51.6,18.0473,463.6686,92.3375,124.3481,63.1249,21.7911,12.8633,159.6868,411.2579,58.2377,69.1014,43.135,Jordan Hawkins,NO,G,,8.5658,1.7058,2.2972,1.1662,0.4026,0.2376,2.9501,7.5976,1.0759,1.2766,0.7969,0.3883,0.8428
2530530.0,34.8535,0.4795,0.0149,0.1351,0.2631,0.0531,0.011,0.2136,0.415,0.032,0.0412,0.0731,1122.7,56.3,17.8428,538.2877,16.7517,151.6883,295.3552,59.5917,12.3858,239.8079,465.8822,35.9036,46.243,82.0824,T.J. McConnell,IND,G,,8.5549,0.2662,2.4107,4.694,0.9471,0.1968,3.8112,7.4042,0.5706,0.7349,1.3045,0.5147,0.7764
4397475.0,27.3463,0.3596,0.1068,0.0996,0.068,0.0202,0.0046,0.1197,0.2761,0.0227,0.0268,0.0311,1805.2,66.8108,23.5318,649.1659,192.7601,179.7199,122.7432,36.3805,8.2461,216.0541,498.422,40.9189,48.4542,56.0969,AJ Green,MIL,G,,8.4623,2.5127,2.3428,1.6,0.4742,0.1075,2.8164,6.4972,0.5334,0.6316,0.7313,0.4335,0.8445
4066650.0,29.1999,0.4599,0.0412,0.261,0.1191,0.0254,0.0277,0.1734,0.3518,0.071,0.0893,0.0704,690.1,31.9,18.384,317.3829,28.4562,180.1307,82.2157,17.5597,19.1344,119.6359,242.7493,48.9638,61.6492,48.5941,Zach Collins,CHI,F,,8.455,0.7581,4.7986,2.1902,0.4678,0.5097,3.1871,6.4668,1.3044,1.6423,1.2945,0.4928,0.7942
4896372.0,23.9076,0.4134,0.0579,0.1046,0.2036,0.032,0.014,0.14,0.3437,0.0817,0.0912,0.0776,1205.5,55.0,20.4493,498.3261,69.7691,126.0374,245.477,38.5845,16.8492,168.7321,414.3115,98.5452,109.9496,93.5256,Walter Clayton Jr.,MEM,G,,8.4533,1.1835,2.138,4.1641,0.6545,0.2858,2.8623,7.0281,1.6717,1.8651,1.5865,0.4073,0.8963
4711297.0,23.1273,0.4377,0.0732,0.1168,0.0811,0.0452,0.0129,0.1643,0.3538,0.0393,0.0496,0.0419,1102.5,56.4,19.2974,482.5984,80.742,128.8173,89.4047,49.8822,14.1874,181.1275,390.0325,43.328,54.7051,46.1812,Justin Edwards,PHI,F,,8.447,1.4132,2.2547,1.5649,0.8731,0.2483,3.1703,6.8268,0.7584,0.9575,0.8083,0.4644,0.792
4432194.0,25.2355,0.4801,0.0114,0.3666,0.1187,0.0445,0.0325,0.1904,0.3377,0.0834,0.1202,0.0786,1170.1,56.5,17.5873,561.7292,13.3375,428.9917,138.8683,52.1084,38.0237,222.8085,395.0854,97.5299,140.6637,91.9562,Day'Ron Sharpe,BKN,C,,8.4431,0.2005,6.448,2.0873,0.7832,0.5715,3.3489,5.9384,1.4659,2.1143,1.3822,0.564,0.6934
2583632.0,33.6571,0.3213,0.0928,0.1766,0.0939,0.0345,0.0169,0.1133,0.2737,0.0123,0.0171,0.0418,1790.7,67.0,26.2017,575.3343,166.2171,316.257,168.1182,61.8246,30.2337,202.8865,490.1095,21.9867,30.659,74.833,Royce O'Neale,CHA,F,,8.4184,2.4321,4.6275,2.4599,0.9046,0.4424,2.9687,7.1713,0.3217,0.4486,1.095,0.414,0.7171
4278580.0,27.694,0.5053,0.0715,0.242,0.0878,0.0327,0.0227,0.1857,0.3667,0.0641,0.0855,0.0404,1444.1,66.5,16.5677,729.7274,103.2189,349.5072,126.7724,47.2051,32.8321,268.176,529.5564,92.5239,123.4127,58.3801,Sandro Mamukelashvili,LAL,F,,8.372,1.1842,4.0098,1.4544,0.5416,0.3767,3.0767,6.0754,1.0615,1.4159,0.6698,0.5064,0.7497
4683771.0,21.5695,0.4663,0.0366,0.1937,0.0724,0.0495,0.0158,0.1715,0.3715,0.0874,0.1085,0.0596,1399.0,67.6,17.9272,652.2904,51.2092,271.0431,101.2968,69.2006,22.058,239.9594,519.6946,122.2248,151.823,83.3254,Ronald Holland II,DET,F,,8.3586,0.6562,3.4732,1.298,0.8868,0.2827,3.0749,6.6595,1.5662,1.9455,1.0678,0.4617,0.805
4895758.0,22.1964,0.3607,0.0275,0.1209,0.0848,0.0296,0.0156,0.1413,0.3172,0.0525,0.0714,0.045,1420.1,59.0,23.1196,512.2232,38.9871,171.6599,120.3966,42.0714,22.2081,200.6798,450.4857,74.5455,101.3306,63.9672,Cody Williams,UTAH,F,,8.3391,0.6347,2.7947,1.9601,0.6849,0.3616,3.2671,7.334,1.2136,1.6497,1.0414,0.4455,0.7357
4684806.0,23.193,0.4189,0.0662,0.204,0.054,0.0405,0.0281,0.1547,0.3314,0.0478,0.0651,0.0423,1069.0,50.3,19.8665,447.7764,70.82,218.0405,57.6892,43.2949,30.0112,165.4263,354.2418,51.0983,69.5717,45.2655,Taylor Hendricks,MEM,F,,8.3216,1.3161,4.0521,1.0721,0.8046,0.5577,3.0743,6.5833,0.9496,1.2929,0.8412,0.467,0.7345
2581018.0,33.95,0.3025,0.0515,0.085,0.0797,0.0396,0.0134,0.108,0.2496,0.04,0.0458,0.0371,1269.8,53.7,27.4893,384.1375,65.3796,107.8995,101.2224,50.2837,17.0116,137.1763,317.0048,50.8383,58.216,47.0749,Kentavious Caldwell-Pope,PHI,G,,8.316,1.4154,2.3359,2.1913,1.0886,0.3683,2.9697,6.8627,1.1006,1.2603,1.0191,0.4327,0.8733
4432173.0,25.6407,0.4856,0.0458,0.13,0.1747,0.0272,0.0098,0.1821,0.3613,0.0732,0.0885,0.0777,850.5,41.0,17.0976,413.0046,38.9604,110.543,148.5643,23.1525,8.3243,154.8997,307.2678,62.2755,75.2926,66.0548,Sharife Cooper,WSH,G,,8.3026,0.7832,2.2222,2.9866,0.4654,0.1673,3.1139,6.177,1.2519,1.5136,1.3279,0.5041,0.8271
5061589.0,22.7166,0.3603,0.0021,0.3017,0.0653,0.02,0.0578,0.1468,0.2652,0.0639,0.1024,0.0431,1343.5,60.8,23.0145,484.0167,2.8652,405.3603,87.7214,26.9241,77.6924,197.2671,356.2955,85.8271,137.5236,57.9126,Yves Missi,NO,C,,8.2913,0.0491,6.9439,1.5027,0.4612,1.3309,3.3792,6.1034,1.4702,2.3558,0.9921,0.5537,0.6241
4606840.0,25.5722,0.3848,0.0494,0.1877,0.0716,0.0461,0.023,0.1409,0.3051,0.0595,0.083,0.0427,1015.0,44.5,21.4583,390.574,50.1573,190.4804,72.6311,46.8171,23.3,143.0153,309.64,60.3458,84.2462,43.3043,Jamir Watkins,WSH,G,,8.2572,1.0604,4.027,1.5355,0.9898,0.4926,3.0235,6.5462,1.2758,1.7811,0.9155,0.4619,0.7163
4433149.0,25.3121,0.5059,0.1156,0.118,0.077,0.025,0.0081,0.1707,0.3943,0.0657,0.0777,0.052,645.5,29.5,16.1667,326.5767,74.625,76.1635,49.6781,16.1055,5.2118,110.1806,254.5342,42.387,50.1564,33.5786,LJ Cryer,GS,G,,8.1792,1.869,1.9075,1.2442,0.4034,0.1305,2.7595,6.3749,1.0616,1.2562,0.841,0.4329,0.8451
4277869.0,28.8056,0.3863,0.0805,0.1162,0.1654,0.0484,0.0093,0.1395,0.3412,0.034,0.0445,0.0552,1322.1,60.6,20.9037,510.6834,106.4294,153.637,218.7037,64.0309,12.2883,184.4049,451.0399,44.9574,58.7785,72.9413,Jose Alvarado,NY,G,,8.0744,1.6828,2.4291,3.4579,1.0124,0.1943,2.9156,7.1314,0.7108,0.9293,1.1533,0.4088,0.7649
4576060.0,25.0383,0.3748,0.0037,0.25,0.0427,0.0246,0.0607,0.155,0.2203,0.0593,0.0813,0.0442,1240.0,55.0,21.4493,464.7867,4.5868,309.9857,52.8892,30.4629,75.3,192.2394,273.2102,73.5916,100.8228,54.855,Ryan Kalkbrenner,CHA,C,,8.0398,0.0793,5.3621,0.9149,0.5269,1.3025,3.3253,4.7259,1.273,1.744,0.9489,0.7036,0.7299
2990962.0,32.8631,0.3049,0.0742,0.1224,0.066,0.03,0.0105,0.111,0.2486,0.0184,0.0235,0.04,1025.5,41.5024,26.3473,312.6792,76.1306,125.5589,67.7328,30.7793,10.7935,113.8796,254.8984,18.8823,24.1466,41.0449,Taurean Prince,DET,F,,8.0334,1.956,3.2259,1.7402,0.7908,0.2773,2.9258,6.5489,0.4851,0.6204,1.0545,0.4468,0.782
4592492.0,26.3799,0.527,0.1056,0.1103,0.164,0.0411,0.0135,0.1843,0.4227,0.0583,0.0724,0.0668,1113.4,57.9,15.2029,586.7918,117.5641,122.7775,182.6278,45.783,14.9991,205.1952,470.6689,64.8643,80.6227,74.3589,Bones Hyland,MIN,G,,8.0123,1.6053,1.6765,2.4937,0.6251,0.2048,2.8018,6.4267,0.8857,1.1009,1.0153,0.436,0.8045
4431675.0,26.2266,0.4735,0.0276,0.1973,0.136,0.0259,0.0193,0.1784,0.3573,0.0867,0.1105,0.0766,1023.1,51.3,16.9053,484.4782,28.2823,201.8532,139.1548,26.5324,19.7576,182.5262,365.511,88.7348,113.0539,78.3751,Trendon Watford,NO,F,,8.0053,0.4673,3.3353,2.2993,0.4384,0.3265,3.016,6.0396,1.4662,1.8681,1.295,0.4994,0.7849
4578893.0,26.6181,0.3751,0.0879,0.1171,0.0979,0.0316,0.0156,0.1335,0.2827,0.0285,0.0381,0.0374,1309.8,58.7,21.2924,491.3243,115.0674,153.3132,128.1656,41.4038,20.4162,174.8007,370.3034,37.3033,49.8831,48.9585,Vit Krejci,POR,G,,7.9871,1.8706,2.4923,2.0835,0.6731,0.3319,2.8416,6.0197,0.6064,0.8109,0.7959,0.472,0.7478
4397424.0,27.5544,0.3986,0.0024,0.3117,0.0646,0.0294,0.0476,0.1663,0.2626,0.0603,0.0836,0.0422,1549.8,64.5,20.0043,617.6833,3.6534,483.03,100.1697,45.5943,73.8379,257.7138,406.9033,93.415,129.5602,65.413,Neemias Queta,BOS,C,,7.9728,0.0472,6.2348,1.293,0.5885,0.9531,3.3265,5.2522,1.2058,1.6723,0.8443,0.6334,0.721
4278053.0,28.4059,0.3191,0.0481,0.0894,0.1945,0.0313,0.0063,0.1245,0.2609,0.0261,0.0379,0.0552,1702.8,62.8,24.9557,543.3353,81.856,152.2528,331.1898,53.3558,10.6792,211.9141,444.2256,44.4465,64.4765,93.9927,Davion Mitchell,MIA,G,,7.963,1.1997,2.2314,4.8538,0.782,0.1565,3.1057,6.5104,0.6514,0.9449,1.3775,0.477,0.6893
6589.0,36.9124,0.2842,0.0447,0.2113,0.1919,0.0388,0.028,0.1043,0.2407,0.0349,0.0499,0.0899,1633.1,61.3,27.9961,464.1482,72.9266,345.0955,313.3208,63.3536,45.648,170.3854,393.1534,56.9907,81.5037,146.7646,Draymond Green,GS,F,,7.9569,1.2502,5.916,5.3712,1.0861,0.7825,2.9209,6.7398,0.977,1.3972,2.516,0.4334,0.6992
4585618.0,23.59,0.43,0.0343,0.1338,0.1405,0.0347,0.0288,0.1596,0.3243,0.0838,0.0983,0.0662,537.0,22.5,18.5,230.9355,18.4219,71.8351,75.4424,18.6348,15.4535,85.7074,174.1271,45.0056,52.7923,35.5274,Keshon Gilbert,ATL,G,,7.9559,0.6346,2.4748,2.599,0.642,0.5324,2.9527,5.9988,1.5505,1.8187,1.2239,0.4922,0.8525
4593016.0,26.8645,0.4645,0.0926,0.223,0.0853,0.0249,0.0269,0.1716,0.3849,0.0342,0.0433,0.0493,1149.2,58.2,17.004,533.7954,106.3978,256.2457,98.0196,28.616,30.8641,197.1742,442.2923,39.267,49.7149,56.6675,Quinten Post,MEM,C,,7.8982,1.5743,3.7915,1.4503,0.4234,0.4567,2.9175,6.5443,0.581,0.7356,0.8385,0.4458,0.7898
4432819.0,25.9911,0.4565,0.071,0.1415,0.1488,0.0382,0.0077,0.171,0.4121,0.0475,0.0576,0.0713,866.9,48.3,17.2773,395.7673,61.5391,122.6324,129.0053,33.1431,6.6888,148.2365,357.2888,41.2061,49.9485,61.7857,Tre Mann,CLE,G,,7.8876,1.2265,2.4441,2.5711,0.6605,0.1333,2.9543,7.1207,0.8212,0.9955,1.2314,0.4149,0.825
4431714.0,26.2402,0.3892,0.0638,0.1425,0.0723,0.0227,0.0038,0.1299,0.3155,0.0712,0.0901,0.0406,1133.7,55.4,20.264,441.2005,72.3789,161.5847,81.9877,25.6862,4.338,147.2575,357.731,80.7299,102.1317,46.0311,Jalen Wilson,ATL,F,,7.8861,1.2937,2.8882,1.4655,0.4591,0.0775,2.6321,6.3942,1.443,1.8255,0.8228,0.4116,0.7904
4432887.0,27.3737,0.4654,0.1032,0.0866,0.1027,0.0298,0.0067,0.1531,0.3696,0.0712,0.0873,0.0489,705.1,33.2,16.9189,328.158,72.801,61.028,72.4278,21.0071,4.7211,107.9816,260.5809,50.2219,61.5341,34.4656,Tyson Etienne,BKN,G,,7.8742,1.7469,1.4644,1.7379,0.5041,0.1133,2.591,6.2527,1.2051,1.4765,0.827,0.4144,0.8162
4396818.0,27.0233,0.4429,0.0303,0.1402,0.1011,0.0344,0.0098,0.1596,0.314,0.093,0.1184,0.0513,1202.8,54.2,17.7246,532.6819,36.4351,168.6008,121.6191,41.3569,11.7947,192.0152,377.7172,111.8697,142.3636,61.6539,Jordan Miller,LAC,G,,7.8497,0.5369,2.4845,1.7922,0.6094,0.1738,2.8296,5.5661,1.6485,2.0979,0.9085,0.5084,0.7858
4702352.0,24.6742,0.3938,0.0632,0.1181,0.0866,0.0355,0.0088,0.1441,0.302,0.048,0.0583,0.0591,1176.5,54.5,19.8971,463.278,74.3928,138.8993,101.8536,41.8215,10.3797,169.5886,355.3419,56.5277,68.5367,69.5676,Kobe Sanders,LAC,G,,7.835,1.2581,2.3491,1.7226,0.7073,0.1755,2.8681,6.0096,0.956,1.1591,1.1765,0.4773,0.8248
3213.0,40.6632,0.309,0.067,0.2214,0.0921,0.026,0.0378,0.115,0.259,0.0189,0.0222,0.0341,1151.5,49.0,25.3348,355.8644,77.1736,254.9438,106.1036,29.9934,43.5341,132.4732,298.2201,21.7103,25.6005,39.2903,Al Horford,GS,C,,7.8296,1.6979,5.6092,2.3344,0.6599,0.9578,2.9146,6.5613,0.4777,0.5633,0.8644,0.4442,0.848
3133602.0,29.6434,0.4037,0.0911,0.1144,0.0878,0.0252,0.0057,0.1469,0.3333,0.0276,0.0338,0.0466,1152.9,49.2,19.286,465.4685,104.9749,131.8556,101.1848,29.0331,6.5948,169.3576,384.2719,31.8228,38.9224,53.6833,Svi Mykhailiuk,UTAH,G,,7.7865,1.756,2.2057,1.6926,0.4857,0.1103,2.8331,6.4282,0.5323,0.6511,0.898,0.4407,0.8176
4432181.0,24.7892,0.4703,0.0767,0.1179,0.0748,0.0297,0.0103,0.1682,0.3793,0.0611,0.0749,0.0432,1069.1,55.5,16.5367,502.752,82.02,126.0939,79.9824,31.7382,11.0206,179.8712,405.5386,65.3289,80.0985,46.1374,Julian Strawther,DEN,G,,7.7765,1.2687,1.9504,1.2372,0.4909,0.1705,2.7822,6.2728,1.0105,1.239,0.7136,0.4435,0.8156
4592829.0,28.3785,0.469,0.0474,0.1284,0.1497,0.0375,0.0096,0.1638,0.3494,0.0945,0.1164,0.0606,987.1,47.8,16.5219,462.9805,46.7988,126.7813,147.8076,37.0608,9.4674,161.6458,344.8783,93.2477,114.8974,59.8666,Quenton Jackson,IND,G,,7.7493,0.7833,2.122,2.474,0.6203,0.1585,2.7056,5.7725,1.5608,1.9231,1.002,0.4687,0.8116
4017844.0,31.1246,0.377,0.062,0.2133,0.0725,0.0289,0.0137,0.1351,0.295,0.0498,0.0677,0.0452,1191.3,60.5964,20.4748,449.1711,73.9182,254.1316,86.3506,34.3736,16.378,161.0005,351.3874,59.3218,80.6186,53.8264,Guerschon Yabusele,CHI,F,,7.7199,1.2704,4.3677,1.4841,0.5908,0.2815,2.7671,6.0393,1.0196,1.3856,0.9251,0.4582,0.7358
4065731.0,29.4353,0.4718,0.0806,0.1821,0.0666,0.0247,0.0766,0.1729,0.3585,0.0492,0.0606,0.0454,1436.5,67.9,16.2725,677.7227,115.7319,261.6181,95.6429,35.5084,109.9805,248.37,514.9333,70.6285,87.0465,65.2698,Jay Huff,IND,C,,7.6772,1.311,2.9636,1.0834,0.4022,1.2458,2.8135,5.8331,0.8001,0.9861,0.7394,0.4823,0.8114
4683934.0,24.2252,0.3419,0.0342,0.1291,0.1089,0.046,0.0202,0.1372,0.3166,0.0402,0.0636,0.0678,835.0,35.5,22.3333,285.5097,28.5449,107.7691,90.9564,38.4361,16.8851,114.5843,264.3388,33.5768,53.1253,56.5936,Jahmai Mashack,MEM,G,,7.6364,0.7635,2.8824,2.4328,1.028,0.4516,3.0647,7.0701,0.8981,1.4209,1.5137,0.4335,0.632
4278402.0,28.2745,0.3659,0.0636,0.2167,0.1073,0.0549,0.0126,0.1392,0.3387,0.0293,0.0399,0.0472,1342.2,58.4,20.8596,491.0957,85.4063,290.8343,144.0525,73.6302,16.86,186.8723,454.6633,39.2717,53.5688,63.4154,Jordan Goodwin,PHX,G,,7.6323,1.3273,4.52,2.2388,1.1443,0.262,2.9043,7.0661,0.6103,0.8325,0.9856,0.411,0.7331
3907823.0,30.2868,0.3238,0.041,0.1338,0.0944,0.0275,0.0095,0.1245,0.2575,0.0372,0.0482,0.0377,1407.0,58.7,23.4443,455.5268,57.6471,188.2919,132.8026,38.7033,13.3086,175.1511,362.2616,52.3717,67.8606,53.045,Terance Mann,BKN,G,,7.5903,0.9606,3.1374,2.2128,0.6449,0.2218,2.9185,6.0362,0.8726,1.1307,0.8839,0.4835,0.7718
3899664.0,31.1465,0.408,0.0858,0.1652,0.0678,0.0279,0.0102,0.1398,0.3317,0.0502,0.0608,0.0431,1212.4,63.0,18.5967,494.6011,104.0451,200.2366,82.2097,33.8423,12.4185,169.4867,402.1618,60.8989,73.6975,52.2812,Simone Fontecchio,MIA,F,,7.5866,1.5959,3.0714,1.261,0.5191,0.1905,2.5997,6.1687,0.9341,1.1304,0.8019,0.4214,0.8263
5037873.0,21.397,0.3601,0.0443,0.0921,0.0784,0.0295,0.0117,0.1305,0.3011,0.0615,0.0691,0.0474,1159.5,52.0,20.9365,417.4846,51.3603,106.7985,90.9168,34.2628,13.5592,151.339,349.1159,71.3601,80.1048,54.9624,Drake Powell,BKN,G,,7.5383,0.9274,1.9284,1.6416,0.6187,0.2448,2.7327,6.3038,1.2885,1.4464,0.9924,0.4335,0.8908
3135046.0,30.7276,0.3318,0.0639,0.0883,0.2006,0.0336,0.0056,0.1284,0.2906,0.0181,0.0216,0.0369,1207.8,62.1,22.6324,400.7795,77.136,106.6762,242.3435,40.6047,6.7352,155.0528,351.0192,21.8602,26.1432,44.5479,Tyus Jones,DEN,G,,7.51,1.4454,1.999,4.5412,0.7609,0.1262,2.9055,6.5776,0.4096,0.4899,0.8348,0.4417,0.8362
4683834.0,24.4825,0.3925,0.0487,0.1389,0.1527,0.0422,0.0075,0.1468,0.3849,0.0566,0.0729,0.0702,712.9,34.1,19.1025,279.8307,34.6989,98.9963,108.8699,30.0686,5.3486,104.6825,274.3985,40.3716,51.9661,50.0705,KJ Simpson,DEN,G,,7.4982,0.9298,2.6526,2.9172,0.8057,0.1433,2.805,7.3526,1.0818,1.3925,1.3417,0.3815,0.7769
4433629.0,23.8966,0.3778,0.0458,0.1196,0.2732,0.0252,0.0043,0.1522,0.3505,0.0308,0.0381,0.0692,1085.0,50.5,19.5,409.9333,49.6511,129.8127,296.3988,27.3207,4.6997,165.1905,380.2826,33.3826,41.3404,75.0964,Ryan Nembhard,ATL,G,,7.3675,0.8923,2.333,5.327,0.491,0.0845,2.9689,6.8346,0.6,0.743,1.3497,0.4344,0.8075
3914044.0,29.8871,0.3939,0.0854,0.0833,0.0589,0.0292,0.0081,0.1392,0.3143,0.0386,0.0524,0.0327,1162.6,50.6928,18.7015,458.0012,99.2992,96.8652,68.4246,33.9196,9.4272,161.7891,365.4628,44.8746,60.871,38.0193,Landry Shamet,NY,G,,7.3674,1.5973,1.5582,1.1007,0.5456,0.1516,2.6025,5.8788,0.7218,0.9792,0.6116,0.4427,0.7372
4432241.0,24.5236,0.3464,0.0519,0.0814,0.2412,0.0396,0.0081,0.1252,0.3141,0.0484,0.0613,0.067,1569.9,69.0,21.2549,543.8213,81.5162,127.7218,378.6109,62.102,12.7067,196.6161,493.0756,75.9144,96.1777,105.1947,Jamal Shead,TOR,G,,7.3628,1.1037,1.7292,5.126,0.8408,0.172,2.662,6.6758,1.0278,1.3022,1.4242,0.3988,0.7893
3146557.0,31.2697,0.4205,0.0394,0.2465,0.0779,0.0253,0.0252,0.1644,0.3244,0.0525,0.0771,0.0421,1304.4,58.7,17.5,548.4675,51.3524,321.519,101.5955,32.9955,32.8749,214.4203,423.1862,68.4565,100.5875,54.8687,Jock Landale,ATL,C,,7.3583,0.6889,4.3135,1.363,0.4427,0.4411,2.8767,5.6775,0.9184,1.3495,0.7361,0.5067,0.6806
5211176.0,21.4764,0.3947,0.0634,0.2393,0.068,0.028,0.0123,0.137,0.3192,0.0655,0.09,0.0476,912.6,45.0,18.5035,360.2384,57.8241,218.3924,62.0401,25.561,11.1894,124.9972,291.3011,59.8148,82.0932,43.4389,Tidjane Salaun,CHA,F,,7.3041,1.1724,4.428,1.2579,0.5183,0.2269,2.5344,5.9063,1.2128,1.6645,0.8808,0.4291,0.7286
5214640.0,20.6769,0.4076,0.0768,0.1512,0.1562,0.0352,0.0095,0.1352,0.291,0.0726,0.0827,0.0534,974.5,47.0,17.9057,397.2042,74.8556,147.3467,152.2509,34.3317,9.2738,131.7311,283.6022,70.7141,80.6043,52.0749,Kasparas Jakucionis,MIL,G,,7.2983,1.3754,2.7074,2.7975,0.6308,0.1704,2.4205,5.211,1.2993,1.481,0.9568,0.4645,0.8773
4433249.0,25.0274,0.3368,0.0024,0.3363,0.0697,0.0328,0.0334,0.135,0.221,0.0641,0.098,0.0432,1574.2,64.0,21.6313,530.1163,3.7049,529.4224,109.7709,51.6232,52.5522,212.5651,347.8721,100.9692,154.3311,68.0392,Moussa Diabate,CHA,F,,7.2844,0.0509,7.2749,1.5084,0.7094,0.7221,2.9209,4.7802,1.3874,2.1207,0.9349,0.611,0.6542
4432827.0,27.1793,0.4694,0.0076,0.3911,0.0684,0.0374,0.0115,0.189,0.3288,0.0731,0.1115,0.0469,748.9,35.4,15.5046,351.5405,5.6791,292.8927,51.2122,27.9776,8.5833,141.5205,246.2749,54.7453,83.4972,35.0997,Oscar Tshiebwe,UTAH,C,,7.278,0.1176,6.0638,1.0603,0.5792,0.1777,2.9299,5.0987,1.1334,1.7287,0.7267,0.5746,0.6557
4702177.0,27.0643,0.3412,0.0731,0.1061,0.0642,0.0544,0.0292,0.1194,0.2543,0.0363,0.0461,0.0349,1432.8,64.5,21.2656,488.9425,104.7196,151.9672,91.9562,77.9051,41.8431,171.0389,364.3959,51.9968,66.0287,49.9888,Keon Ellis,BKN,G,,7.2569,1.5542,2.2555,1.3648,1.1563,0.621,2.5386,5.4084,0.7717,0.98,0.7419,0.4694,0.7875
4997536.0,24.6112,0.4275,0.0577,0.2031,0.1158,0.0382,0.0146,0.156,0.3146,0.0608,0.0815,0.0645,1275.4,60.1,16.7899,545.2103,73.6497,259.08,147.651,48.6617,18.6052,199.0026,401.2507,77.5145,103.9232,82.3118,Gui Santos,GS,F,,7.1774,0.9696,3.4106,1.9437,0.6406,0.2449,2.6198,5.2822,1.0204,1.3681,1.0836,0.496,0.7459
2991350.0,32.9233,0.3278,0.0603,0.1424,0.115,0.0627,0.0249,0.1194,0.27,0.0354,0.045,0.046,1117.4,53.8349,21.842,366.2739,67.3625,159.105,128.4826,70.1158,27.7783,133.422,301.6669,39.532,50.2346,51.4242,Alex Caruso,OKC,G,,7.1596,1.3167,3.1101,2.5115,1.3706,0.543,2.608,5.8967,0.7727,0.9819,1.0052,0.4423,0.7869
4432170.0,25.0575,0.4655,0.004,0.3083,0.0673,0.0388,0.0569,0.1842,0.2968,0.0871,0.1264,0.0588,962.4,48.5,15.339,447.9824,3.833,296.7336,64.8088,37.3049,54.8061,177.3103,285.661,83.8323,121.6416,56.5677,Isaiah Jackson,LAC,F,,7.1401,0.0611,4.7294,1.0329,0.5946,0.8735,2.826,4.5529,1.3361,1.9388,0.9016,0.6207,0.6892
5159925.0,21.4764,0.4428,0.049,0.1441,0.23,0.0336,0.0111,0.1732,0.3662,0.0513,0.0717,0.0905,580.5,25.5,16.1,257.0271,28.4433,83.6264,133.4866,19.4896,6.45,100.5504,212.5871,29.7667,41.6452,52.5642,Nikola Topic,OKC,G,,7.1286,0.7889,2.3194,3.7022,0.5405,0.1789,2.7887,5.896,0.8256,1.155,1.4579,0.473,0.7148
4066399.0,28.822,0.3913,0.0666,0.2399,0.065,0.0247,0.0181,0.1345,0.2746,0.0623,0.075,0.0486,1023.9,47.8,18.1816,400.6208,68.2208,245.6765,66.5032,25.2869,18.5478,137.7611,281.1208,63.8351,76.7455,49.8094,Micah Potter,POR,C,,7.1139,1.2114,4.3625,1.1809,0.449,0.3294,2.4463,4.9919,1.1335,1.3628,0.8845,0.49,0.8318
4433188.0,24.8741,0.4662,0.0489,0.1827,0.1372,0.0445,0.0129,0.1657,0.3948,0.0882,0.1258,0.0646,890.2,43.1,15.2485,415.044,43.5009,162.6568,122.1308,39.6288,11.4663,147.4755,351.4232,78.5106,112.0272,57.4812,Devin Carter,ATL,G,,7.1094,0.7451,2.7862,2.092,0.6788,0.1964,2.5262,6.0196,1.3448,1.9189,0.9846,0.4197,0.7008
3195.0,39.308,0.2988,0.0695,0.0991,0.1734,0.0401,0.01,0.0985,0.241,0.0394,0.0445,0.0428,1172.6,54.6,23.743,350.3339,81.5356,116.1773,203.3126,47.0531,11.7714,115.5155,282.6479,46.2219,52.1926,50.2369,Mike Conley,BOS,G,,7.0936,1.6509,2.3524,4.1167,0.9527,0.2383,2.339,5.7231,0.9359,1.0568,1.0172,0.4087,0.8856
4888725.0,24.0664,0.363,0.0552,0.206,0.0665,0.0378,0.0234,0.1448,0.3189,0.0214,0.0385,0.0376,1318.9,62.7,19.4608,478.7244,72.8397,271.6589,87.769,49.838,30.8187,190.9156,420.563,28.1685,50.8198,49.6357,Ryan Dunn,PHX,F,,7.0637,1.0748,4.0084,1.2951,0.7354,0.4547,2.817,6.2055,0.4156,0.7499,0.7324,0.454,0.5543
4897943.0,25.7858,0.4694,0.0871,0.1438,0.0485,0.0208,0.0105,0.1722,0.3719,0.043,0.0562,0.0339,925.2,55.3,14.9966,434.3095,80.6286,133.0017,44.8304,19.2115,9.7094,159.3348,344.0505,39.826,51.9759,31.3632,Dalton Knecht,LAL,F,,7.0397,1.3069,2.1558,0.7267,0.3114,0.1574,2.5827,5.5767,0.6455,0.8425,0.5084,0.4631,0.7662
4897262.0,24.1047,0.3523,0.0557,0.129,0.0738,0.0516,0.0081,0.1316,0.2727,0.04,0.0475,0.0416,1188.5,55.0,19.9565,418.6988,66.1477,153.3595,87.7294,61.3576,9.5928,156.4448,324.1619,47.5888,56.5058,49.4276,Will Richard,GS,G,,7.0305,1.1107,2.5751,1.4731,1.0303,0.1611,2.6269,5.4431,0.7991,0.9488,0.83,0.4826,0.8422
4870562.0,23.6858,0.3694,0.0162,0.2126,0.0622,0.0346,0.031,0.1453,0.2704,0.0634,0.0879,0.0324,1380.1,59.5,18.9272,509.8031,22.3135,293.4434,85.8985,47.7996,42.816,200.4597,373.1575,87.4753,121.3215,44.6816,Dominick Barlow,PHI,F,,6.9916,0.306,4.0244,1.178,0.6555,0.5872,2.7492,5.1176,1.1997,1.6639,0.6128,0.5372,0.721
4432107.0,26.3607,0.4599,0.084,0.0925,0.1766,0.038,0.0082,0.1672,0.383,0.0477,0.0559,0.0654,809.9,45.2,15.1807,372.492,68.0406,74.9542,143.0049,30.7435,6.6192,135.3903,310.2166,38.6715,45.2567,52.9785,Marcus Sasser,DAL,G,,6.9819,1.2753,1.4049,2.6805,0.5763,0.1241,2.5377,5.8147,0.7249,0.8483,0.993,0.4364,0.8545
4595400.0,24.5811,0.4868,0.0526,0.2021,0.0655,0.038,0.0126,0.1731,0.3492,0.0893,0.1227,0.0409,1049.7,51.7,14.1667,510.9853,55.2289,212.1451,68.7146,39.9304,13.2051,181.6586,366.5583,93.765,128.8221,42.9486,Olivier-Maxence Prosper,MEM,F,,6.8962,0.7454,2.8631,0.9274,0.5389,0.1782,2.4516,4.947,1.2654,1.7386,0.5796,0.4956,0.7279
4432811.0,26.2074,0.3017,0.0603,0.1072,0.069,0.036,0.0073,0.1092,0.2363,0.0297,0.0398,0.0397,1143.0,56.3,22.6671,344.8413,68.9679,122.5253,78.913,41.2009,8.3919,124.8488,270.0877,33.9894,45.5092,45.3488,Josh Green,MIN,G,,6.8386,1.3677,2.4298,1.5649,0.8171,0.1664,2.4759,5.3562,0.6741,0.9025,0.8993,0.4623,0.7469
4278562.0,27.6338,0.4626,0.0179,0.3025,0.0866,0.0527,0.0524,0.1892,0.3392,0.0616,0.087,0.0542,993.4,57.5,14.6911,459.5587,17.7854,300.4552,85.9942,52.3944,52.0681,187.9774,336.9331,61.1482,86.4192,53.797,Paul Reed,DET,F,,6.7963,0.263,4.4433,1.2717,0.7748,0.77,2.7799,4.9828,0.9043,1.278,0.7956,0.5579,0.7076
4397449.0,26.9932,0.3525,0.0451,0.1161,0.126,0.0479,0.0123,0.121,0.3091,0.0773,0.1018,0.0473,786.2,34.5,19.2529,277.1374,35.4892,91.2957,99.0245,37.674,9.6536,95.1114,242.9891,60.7352,80.0744,37.1798,Elijah Harkless,DET,G,,6.7867,0.8691,2.2357,2.425,0.9226,0.2364,2.3291,5.9505,1.4873,1.9609,0.9105,0.3914,0.7585
4576086.0,24.2307,0.4142,0.0477,0.1114,0.0753,0.0298,0.0106,0.1417,0.2967,0.0889,0.1117,0.0317,943.6,42.8,16.344,390.8852,45.0545,105.0785,71.0971,28.0836,9.9711,133.7518,279.9259,83.9183,105.4452,29.8817,Bryce McGowens,NO,G,,6.7705,0.7804,1.82,1.2315,0.4864,0.1727,2.3167,4.8486,1.4535,1.8264,0.5176,0.4778,0.7958
6585.0,33.4764,0.3641,0.0147,0.4354,0.0495,0.0402,0.0322,0.1446,0.2911,0.058,0.0941,0.0579,1192.4,56.0,18.5688,434.1303,17.5642,519.1912,59.0083,47.9393,38.3816,172.4517,347.1231,69.14,112.23,68.9891,Andre Drummond,NY,C,,6.7606,0.2735,8.0852,0.9189,0.7465,0.5977,2.6855,5.4056,1.0767,1.7477,1.0743,0.4968,0.6161
4397077.0,26.692,0.3946,0.0035,0.2324,0.0531,0.0289,0.0385,0.1592,0.2239,0.0698,0.1066,0.0372,1214.0,59.1,17.0652,479.0125,4.1956,282.1803,64.5229,35.14,46.7107,193.3294,271.7789,84.7426,129.3856,45.1614,Jaxson Hayes,UTAH,C,,6.7335,0.059,3.9666,0.907,0.494,0.6566,2.7176,3.8204,1.1912,1.8188,0.6348,0.7113,0.655
4997538.0,25.8405,0.4161,0.0399,0.2517,0.0623,0.0289,0.05,0.1672,0.2898,0.0421,0.0551,0.0462,1034.2,55.7,16.1464,430.3121,41.232,260.3006,64.449,29.8792,51.6706,172.9205,299.664,43.5577,57.0321,47.7628,Karlo Matkovic,NO,F,,6.7182,0.6437,4.0639,1.0062,0.4665,0.8067,2.6997,4.6785,0.68,0.8904,0.7457,0.577,0.7637
3102529.0,32.707,0.3634,0.0021,0.379,0.0517,0.0293,0.0509,0.1544,0.2874,0.0485,0.0813,0.0423,1080.7,63.5,18.4263,392.7683,2.3201,409.5508,55.9006,31.6751,55.0189,166.8389,310.5842,52.4455,87.8897,45.7667,Clint Capela,HOU,C,,6.6968,0.0396,6.983,0.9531,0.5401,0.9381,2.8447,5.2956,0.8942,1.4985,0.7803,0.5372,0.5967
2578185.0,33.7447,0.2636,0.0626,0.1456,0.0528,0.0293,0.0141,0.0971,0.231,0.0163,0.0227,0.0337,991.4,45.3,25.2262,261.3386,62.0853,144.3349,52.3177,29.0424,13.9647,96.2407,229.0255,16.2016,22.4978,33.3675,Dorian Finney-Smith,CHA,F,,6.6498,1.5798,3.6726,1.3312,0.739,0.3553,2.4488,5.8276,0.4123,0.5725,0.849,0.4202,0.7201
4066211.0,29.2902,0.3825,0.0109,0.373,0.0626,0.0351,0.0747,0.1644,0.2533,0.0398,0.0581,0.0503,1039.6,52.0,17.3181,397.6849,11.3694,387.7578,65.1052,36.4839,77.653,170.906,263.2814,41.3466,60.3822,52.2826,Robert Williams III,POR,C,,6.6248,0.1894,6.4594,1.0845,0.6078,1.2936,2.847,4.3858,0.6888,1.0059,0.8709,0.6491,0.6847
4593041.0,25.8487,0.4178,0.0513,0.1923,0.0831,0.0298,0.0134,0.1585,0.3586,0.0538,0.0699,0.0502,577.4,26.3,15.851,241.2308,29.5929,111.0362,47.994,17.2196,7.7438,91.5234,207.0384,31.0381,40.3663,28.9618,David Roddy,DEN,F,,6.6224,0.8124,3.0482,1.3176,0.4727,0.2126,2.5125,5.6837,0.8521,1.1081,0.7951,0.4421,0.7689
4432823.0,24.5921,0.3882,0.0826,0.2873,0.1426,0.0281,0.0309,0.1306,0.2943,0.0522,0.0648,0.0481,1217.9,57.6434,16.9792,472.8402,100.6377,349.8714,173.6268,34.2234,37.6658,159.0473,358.4812,63.5564,78.9155,58.6294,Jaylin Williams,OKC,F,,6.592,1.403,4.8777,2.4206,0.4771,0.5251,2.2173,4.9977,0.8861,1.1002,0.8174,0.4437,0.8054
3136196.0,31.2402,0.3343,0.068,0.2216,0.0632,0.0254,0.0159,0.1183,0.2716,0.0398,0.0561,0.0341,634.9,27.4,19.7111,212.2635,43.1791,140.7118,40.1401,16.1294,10.1021,75.1006,172.4506,25.2738,35.6454,21.6562,Trey Lyles,MIN,F,,6.5899,1.3405,4.3685,1.2462,0.5008,0.3136,2.3316,5.3539,0.7847,1.1066,0.6723,0.4355,0.709
4432446.0,24.5072,0.426,0.0401,0.2781,0.0528,0.032,0.0129,0.1549,0.3197,0.0783,0.104,0.0413,954.0,58.5,15.3144,406.3879,38.2553,265.3324,50.3956,30.5137,12.2863,147.7468,304.9814,74.7408,99.1751,39.3972,Jabari Walker,PHI,F,,6.5237,0.6141,4.2593,0.809,0.4898,0.1972,2.3718,4.8958,1.1998,1.592,0.6324,0.4844,0.7536
3138160.0,31.3436,0.2981,0.036,0.1542,0.0833,0.0348,0.0167,0.112,0.2575,0.0419,0.0626,0.0463,1051.8,54.0,21.8218,313.5912,37.837,162.182,87.5667,36.6475,17.5301,117.8444,270.8185,44.0973,65.8123,48.7259,Caleb Martin,DAL,F,,6.5061,0.785,3.3648,1.8168,0.7603,0.3637,2.4449,5.6187,0.9149,1.3654,1.0109,0.4351,0.67
4997526.0,23.6995,0.4163,0.0639,0.169,0.1203,0.0282,0.0155,0.1593,0.3633,0.0375,0.0497,0.0603,1092.6,52.6554,15.4925,454.8712,69.8402,184.6013,131.4554,30.8148,16.8986,174.0243,396.9497,40.9556,54.3115,65.9146,Ousmane Dieng,MIL,F,,6.4498,0.9903,2.6175,1.864,0.4369,0.2396,2.4676,5.6285,0.5807,0.7701,0.9346,0.4384,0.7541
4433076.0,25.5448,0.3332,0.0655,0.1379,0.0814,0.0315,0.007,0.122,0.2794,0.0299,0.0363,0.0266,1318.6,59.3,19.1537,439.4154,86.3921,181.8482,107.3438,41.484,9.2201,160.9012,368.4795,39.4148,47.9305,35.1347,Ben Sheppard,IND,G,,6.3829,1.2549,2.6415,1.5593,0.6026,0.1339,2.3372,5.3525,0.5725,0.6962,0.5104,0.4367,0.8223
4291678.0,30.1444,0.2827,0.0567,0.1429,0.0611,0.0362,0.0187,0.1069,0.2284,0.0211,0.0292,0.0302,727.3,30.9,22.5553,205.5807,41.2269,103.9183,44.4034,26.3579,13.6082,77.7668,166.1487,15.371,21.2242,21.9363,Haywood Highsmith,PHX,F,,6.3756,1.2785,3.2228,1.3771,0.8174,0.422,2.4117,5.1527,0.4767,0.6582,0.6803,0.4681,0.7242
4433174.0,25.1259,0.3064,0.0079,0.3462,0.0749,0.0331,0.0621,0.1321,0.2309,0.0373,0.0636,0.046,955.5,42.5,20.7045,292.7679,7.5343,330.7878,71.5253,31.5896,59.3518,126.1766,220.6148,35.6409,60.7434,43.9826,Dylan Cardwell,SAC,C,,6.3439,0.1633,7.1678,1.5499,0.6845,1.2861,2.7341,4.7805,0.7723,1.3162,0.9531,0.5719,0.5867
4348700.0,27.5352,0.3684,0.0043,0.3129,0.0938,0.0346,0.0609,0.149,0.2411,0.0637,0.0934,0.048,1128.5,59.5,17.1954,415.7616,4.9017,353.0842,105.8461,39.0574,68.6885,168.1761,272.0902,71.8776,105.369,54.2016,Goga Bitadze,ORL,C,,6.3351,0.0747,5.3801,1.6128,0.5951,1.0466,2.5626,4.1459,1.0952,1.6055,0.8259,0.6181,0.6822
4684275.0,22.0732,0.4751,0.052,0.1292,0.1743,0.0432,0.0067,0.1884,0.4433,0.0449,0.0605,0.0944,1036.6,57.9,13.2994,492.5283,53.9,133.8862,180.7102,44.8111,6.9429,195.2589,459.4908,46.5153,62.7583,97.8575,Rob Dillingham,CHI,G,,6.3191,0.6915,1.7177,2.3185,0.5749,0.0891,2.5051,5.8952,0.5968,0.8052,1.2555,0.4249,0.7412
2991139.0,32.8741,0.2575,0.0382,0.131,0.1348,0.0579,0.0117,0.1022,0.2221,0.0195,0.0263,0.0497,1794.5,68.9,24.4761,462.0922,68.5115,235.0617,241.8433,103.8155,20.9992,183.3679,398.5321,34.9043,47.1489,89.273,Kris Dunn,LAC,G,,6.3027,0.9345,3.2061,3.2986,1.416,0.2864,2.5011,5.4358,0.4761,0.6431,1.2176,0.4601,0.7403
4277951.0,28.0965,0.5231,0.0532,0.2452,0.0614,0.027,0.0216,0.1916,0.3564,0.0844,0.1117,0.0457,1078.6,58.8,11.9719,564.1725,57.395,264.4313,66.2312,29.1636,23.2756,206.6863,384.3699,91.0216,120.4865,49.2737,Luka Garza,BOS,C,,6.262,0.6371,2.935,0.7351,0.3237,0.2583,2.2941,4.2663,1.0103,1.3373,0.5469,0.5377,0.7555
3134903.0,34.1663,0.4066,0.0333,0.2041,0.0925,0.0521,0.019,0.1741,0.3137,0.0247,0.0362,0.0487,1163.3,63.2,15.3785,473.0274,38.7606,237.3981,107.5992,60.6502,22.158,202.5544,364.9763,28.6878,42.1639,56.6268,Gary Payton II,GS,G,,6.2533,0.5124,3.1383,1.4224,0.8018,0.2929,2.6777,4.8249,0.3792,0.5574,0.7486,0.555,0.6804
5106268.0,26.117,0.3995,0.0311,0.1903,0.0582,0.0368,0.0299,0.1574,0.3305,0.0542,0.0701,0.0349,1009.8,53.0,15.55,403.44,31.4071,192.1739,58.7726,37.2032,30.2237,158.9799,333.7824,54.7152,70.8373,35.2199,Nae'Qwan Tomlin,CLE,F,,6.2126,0.4836,2.9593,0.905,0.5729,0.4654,2.4481,5.1399,0.8426,1.0908,0.5424,0.4763,0.7724
4601023.0,24.551,0.3046,0.0022,0.2242,0.0977,0.0357,0.0286,0.1344,0.2133,0.0335,0.0641,0.0506,1509.2,67.5,20.3354,459.7681,3.3118,338.3339,147.3824,53.8678,43.1146,202.7994,321.9748,50.5788,96.7058,76.3642,Oso Ighodaro,PHX,F,,6.195,0.0446,4.5588,1.9859,0.7258,0.5809,2.7326,4.3384,0.6815,1.303,1.029,0.6299,0.523
4398207.0,27.2779,0.3638,0.0496,0.1821,0.1132,0.0444,0.0338,0.1388,0.2884,0.0489,0.0654,0.0552,655.5,27.0,17.0,238.4749,32.5393,119.3545,74.23,29.0884,22.1475,90.9783,189.0162,32.0719,42.889,36.1741,Jalen Slawson,IND,F,,6.1847,0.8439,3.0954,1.9251,0.7544,0.5744,2.3595,4.902,0.8318,1.1123,0.9382,0.4813,0.7478
5044385.0,23.1821,0.5278,0.0482,0.2514,0.0677,0.0288,0.0203,0.2038,0.3813,0.0662,0.0854,0.0509,863.7,44.8,11.7057,455.8753,41.6288,217.168,58.4899,24.8556,17.5599,176.0005,329.3706,57.1833,73.7741,43.9558,Leonard Miller,CHI,F,,6.1785,0.5642,2.9433,0.7927,0.3369,0.238,2.3853,4.464,0.775,0.9999,0.5957,0.5344,0.7751
4431684.0,26.9411,0.4433,0.0036,0.2986,0.0945,0.0281,0.0453,0.1826,0.3024,0.0686,0.1191,0.0467,846.2,52.7,13.8357,375.1469,3.0115,252.6807,79.9886,23.7411,38.3729,154.5208,255.9211,58.0178,100.7643,39.4801,Trayce Jackson-Davis,TOR,F,,6.1338,0.0492,4.1314,1.3078,0.3882,0.6274,2.5265,4.1844,0.9486,1.6475,0.6455,0.6038,0.5758
4602025.0,24.1595,0.2723,0.049,0.1577,0.094,0.0294,0.0115,0.0916,0.2239,0.0494,0.059,0.0382,1420.0,61.5,22.439,386.7162,69.6096,223.8677,133.4923,41.7944,16.3092,130.0577,317.9428,70.0896,83.8237,54.241,Sion James,CHA,G,,6.1109,1.1,3.5376,2.1095,0.6604,0.2577,2.0552,5.0242,1.1076,1.3246,0.8571,0.4091,0.8362
2596112.0,33.5257,0.3343,0.0532,0.1687,0.0414,0.0561,0.0203,0.1161,0.2573,0.0538,0.0678,0.0317,1348.2,68.3,18.2595,450.67,71.6789,227.4793,55.789,75.6374,27.3198,156.4981,346.9025,72.5153,91.4505,42.7173,Javonte Green,DET,G,,6.1037,0.9708,3.0809,0.7556,1.0244,0.37,2.1196,4.6983,0.9821,1.2386,0.5785,0.4511,0.7929
3934723.0,29.5038,0.4621,0.0527,0.2682,0.054,0.0272,0.0348,0.1725,0.3404,0.0651,0.0784,0.0393,963.4,57.1,13.0605,445.1924,50.7871,258.3575,51.9916,26.2194,33.4902,166.1815,327.9486,62.6862,75.505,37.8399,Thomas Bryant,CLE,C,,6.0353,0.6885,3.5025,0.7048,0.3554,0.454,2.2529,4.4459,0.8498,1.0236,0.513,0.5067,0.8302
3907498.0,29.9117,0.2999,0.0667,0.1142,0.0668,0.0782,0.0289,0.1088,0.2483,0.0274,0.0368,0.0412,771.6,37.0,20.0321,231.3792,51.4566,88.1115,51.5469,60.3425,22.3109,83.9579,191.5867,21.1388,28.4148,31.7628,Matisse Thybulle,LAL,G,,6.007,1.3359,2.2875,1.3382,1.5666,0.5792,2.1797,4.9739,0.5488,0.7377,0.8246,0.4382,0.7439
3064560.0,31.5489,0.3126,0.0019,0.2747,0.0828,0.0245,0.0462,0.1285,0.2007,0.0519,0.0661,0.0239,1361.9,61.7843,19.0657,425.7756,2.6487,374.1667,112.7178,33.3776,62.8982,175.0161,273.3723,70.7229,90.0017,32.5737,Luke Kornet,SA,C,,5.9606,0.0371,5.2381,1.578,0.4673,0.8805,2.4501,3.827,0.9901,1.26,0.456,0.6402,0.7858
5105637.0,23.8474,0.3493,0.0041,0.2542,0.0338,0.0276,0.0631,0.136,0.2161,0.0742,0.1042,0.0537,1208.5,61.8,16.7206,422.0874,4.8986,307.1483,40.8742,33.3813,76.2182,164.3537,261.131,89.6181,125.9392,64.9073,Adem Bona,PHI,C,,5.8399,0.0678,4.2497,0.5655,0.4619,1.0545,2.274,3.613,1.2399,1.7425,0.898,0.6294,0.7116
4873201.0,21.3231,0.4987,0.0638,0.1919,0.0671,0.0333,0.0267,0.1923,0.3664,0.0487,0.0744,0.0496,751.0,42.0,11.6744,374.5587,47.8768,144.1132,50.3877,25.0262,20.054,144.3969,275.1328,36.563,55.8926,37.2162,Asa Newell,ATL,F,,5.8226,0.7443,2.2403,0.7833,0.389,0.3117,2.2447,4.277,0.5684,0.8689,0.5785,0.5248,0.6542
4066993.0,29.0876,0.3491,0.041,0.1471,0.1426,0.0706,0.0186,0.1244,0.281,0.0645,0.0788,0.0508,1099.8,56.9,16.6097,383.9911,45.1195,161.7408,156.8763,77.637,20.4173,136.8244,309.0257,70.9393,86.6721,55.8906,Dru Smith,MIA,G,,5.7992,0.6814,2.4427,2.3692,1.1725,0.3084,2.0664,4.6671,1.0714,1.309,0.8441,0.4428,0.8185
2993874.0,33.3641,0.2938,0.0129,0.1712,0.1537,0.041,0.0274,0.1172,0.2461,0.0464,0.0649,0.0462,1028.0,48.0,19.6994,302.0656,13.312,175.9745,158.0439,42.1903,28.1166,120.484,252.9528,47.6513,66.7552,47.5357,Kyle Anderson,TOR,F,,5.7884,0.2551,3.3722,3.0286,0.8085,0.5388,2.3088,4.8473,0.9131,1.2792,0.9109,0.4763,0.7138
4351852.0,28.8357,0.2858,0.0029,0.3963,0.0438,0.0447,0.0507,0.1228,0.1909,0.0378,0.0801,0.0374,1126.0,52.3325,20.2318,321.8234,3.2826,446.2688,49.2632,50.308,57.1259,138.2871,214.9754,42.5092,90.1705,42.1135,Mitchell Robinson,BOS,C,,5.7825,0.059,8.0185,0.8852,0.9039,1.0264,2.4847,3.8626,0.7638,1.6202,0.7567,0.6433,0.4714
5023693.0,22.8344,0.5238,0.0872,0.1277,0.1409,0.0403,0.0053,0.1813,0.4176,0.0795,0.0912,0.0668,774.5,45.5,10.98,405.6725,67.5388,98.8719,109.0976,31.2216,4.1321,140.4207,323.4487,61.5472,70.6362,51.7643,Tyrese Proctor,CLE,G,,5.7512,0.9575,1.4017,1.5467,0.4426,0.0586,1.9907,4.5855,0.8725,1.0014,0.7339,0.4341,0.8713
4594326.0,26.4511,0.2856,0.0326,0.1633,0.0668,0.0364,0.0156,0.1129,0.2542,0.0311,0.0494,0.04,1272.6,55.9,19.9331,363.4718,41.5474,207.8568,85.0327,46.2768,19.8123,143.6281,323.4867,39.6277,62.8409,50.9131,Kris Murray,MEM,F,,5.6932,0.6508,3.2557,1.3319,0.7248,0.3103,2.2497,5.0669,0.6207,0.9843,0.7975,0.444,0.6306
4067017.0,26.5469,0.4798,0.0727,0.1767,0.0645,0.0344,0.0138,0.1695,0.383,0.0736,0.1019,0.0391,661.5,34.6,11.8348,317.4178,48.1053,116.8803,42.6628,22.7343,9.1324,112.0985,253.3526,48.6867,67.4208,25.8885,A.J. Lawson,TOR,G,,5.6789,0.8606,2.0911,0.7633,0.4067,0.1634,2.0055,4.5327,0.871,1.2062,0.4632,0.4425,0.7221
5170947.0,22.1663,0.4157,0.0402,0.1153,0.1261,0.0261,0.0079,0.1532,0.392,0.0744,0.0861,0.059,791.6,47.0,13.631,329.0959,31.8187,91.2984,99.8157,20.6599,6.2426,121.2782,310.2689,58.9032,68.1657,46.669,AJ Johnson,MEM,G,,5.6669,0.5479,1.5721,1.7188,0.3558,0.1075,2.0884,5.3427,1.0143,1.1738,0.8036,0.3909,0.8641
3912848.0,30.1964,0.2592,0.0635,0.1892,0.0597,0.033,0.0172,0.0929,0.2137,0.0191,0.0278,0.0189,1286.0,55.9,21.5931,333.3589,81.6498,243.37,76.7856,42.5012,22.0975,119.4711,274.8688,24.5546,35.6986,24.3482,Dean Wade,PHI,F,,5.5974,1.371,4.0864,1.2893,0.7136,0.371,2.006,4.6153,0.4123,0.5994,0.4088,0.4346,0.6878
3133626.0,32.165,0.3584,0.0587,0.2063,0.0877,0.0353,0.0082,0.1402,0.3001,0.0251,0.0377,0.0413,1041.6,55.4157,15.5684,373.2933,61.1358,214.8712,91.3629,36.8029,8.5554,146.029,312.6198,26.1943,39.2165,42.9874,Kenrich Williams,OKC,G,,5.5795,0.9138,3.2116,1.3656,0.5501,0.1279,2.1826,4.6726,0.3915,0.5862,0.6425,0.4671,0.6679
4592714.0,30.577,0.3827,0.0462,0.1381,0.1831,0.0385,0.0067,0.1505,0.3512,0.0385,0.0502,0.0671,1137.4,57.4,14.2897,435.3148,52.523,157.115,208.2418,43.7873,7.6769,171.1291,399.4773,43.7759,57.1008,76.2951,Pat Spencer,PHX,G,,5.4691,0.6599,1.9739,2.6162,0.5501,0.0964,2.15,5.0188,0.55,0.7174,0.9585,0.4284,0.7666
4592427.0,25.6324,0.2787,0.0418,0.1488,0.0424,0.036,0.0209,0.1081,0.2146,0.0285,0.0425,0.0285,1221.4,53.8,19.6021,340.3461,51.0243,181.7176,51.7649,43.918,25.5554,132.0286,262.0767,34.864,51.9646,34.7785,Spencer Jones,DEN,F,,5.4622,0.8189,2.9164,0.8308,0.7048,0.4101,2.1189,4.206,0.5595,0.834,0.5582,0.5038,0.6709
4280245.0,27.5982,0.4019,0.037,0.1349,0.1287,0.0392,0.0219,0.1613,0.3517,0.043,0.06,0.0557,828.7,43.994,13.556,333.0185,30.635,111.7849,106.654,32.4497,18.1702,133.6438,291.4519,35.6666,49.754,46.1608,Jamaree Bouyea,PHX,G,,5.4475,0.5011,1.8286,1.7447,0.5308,0.2972,2.1862,4.7676,0.5834,0.8139,0.7551,0.4585,0.7169
4593841.0,26.347,0.3181,0.0711,0.1834,0.0857,0.032,0.0058,0.1153,0.2561,0.0256,0.0304,0.0354,1255.5,62.1,17.112,399.4158,89.2275,230.2918,107.545,40.1963,7.2805,144.779,321.4844,32.1918,38.1078,44.4796,Baylor Scheierman,BOS,G,,5.4439,1.2161,3.1388,1.4658,0.5479,0.0992,1.9733,4.3817,0.4388,0.5194,0.6062,0.4503,0.8448
4697268.0,24.9316,0.3264,0.0413,0.1094,0.1903,0.0312,0.0049,0.1352,0.3049,0.0237,0.0337,0.0576,808.0,39.0,16.6486,263.7708,33.3433,88.3973,153.7796,25.2221,3.9337,109.2305,246.3418,19.1499,27.1954,46.5248,Kam Jones,MIL,G,,5.4349,0.687,1.8214,3.1686,0.5197,0.0811,2.2507,5.0758,0.3946,0.5604,0.9586,0.4434,0.7042
4712863.0,24.2279,0.3507,0.0408,0.2404,0.0641,0.0484,0.0376,0.133,0.2905,0.0486,0.0678,0.032,1142.2,62.3,15.3963,400.5772,46.5484,274.561,73.2043,55.2404,42.983,151.9593,331.7623,55.5195,77.4342,36.5661,Mouhamed Gueye,ATL,F,,5.3996,0.6274,3.7009,0.9868,0.7446,0.5794,2.0483,4.472,0.7484,1.0438,0.4929,0.458,0.717
4701208.0,24.3922,0.3763,0.0094,0.3725,0.0333,0.0348,0.0654,0.1467,0.265,0.0751,0.1409,0.0563,765.0,39.0,14.3243,287.8436,7.1697,284.9762,25.5037,26.6172,50.0414,112.2325,202.7308,57.4283,107.7958,43.0829,Moussa Cisse,DAL,C,,5.3898,0.1343,5.3361,0.4775,0.4984,0.937,2.1015,3.7961,1.0753,2.0184,0.8067,0.5536,0.5328
4278572.0,27.8693,0.4188,0.0572,0.1619,0.057,0.0333,0.014,0.1477,0.3192,0.0715,0.0921,0.0434,791.7,42.6,12.8639,331.5376,45.2672,128.2098,45.149,26.3634,11.0616,116.9474,252.6718,56.5735,72.9394,34.3678,Jamal Cain,ORL,F,,5.387,0.7355,2.0832,0.7336,0.4284,0.1797,1.9002,4.1055,0.9192,1.1851,0.5584,0.4628,0.7756
4397071.0,28.0691,0.4656,0.0533,0.1183,0.0972,0.0427,0.02,0.1668,0.3874,0.0807,0.1033,0.0581,568.5,26.2,11.3492,264.6706,30.3259,67.232,55.2487,24.2633,11.3445,94.8177,220.2152,45.862,58.7544,33.0365,Mac McClung,CHI,G,,5.2837,0.6054,1.3422,1.103,0.4844,0.2265,1.8929,4.3962,0.9156,1.1729,0.6595,0.4306,0.7806
4065663.0,28.4168,0.3148,0.0465,0.1563,0.0582,0.0491,0.0175,0.1092,0.2479,0.0555,0.0792,0.038,1242.7,63.5,16.7123,391.2021,57.8262,194.2398,72.3482,61.0218,21.7971,135.748,308.0051,69.0231,98.4366,47.2333,Josh Okogie,UTAH,G,,5.261,0.7777,2.6122,0.973,0.8206,0.2931,1.8256,4.1422,0.9283,1.3238,0.6352,0.4407,0.7012
4432847.0,26.5058,0.4475,0.0535,0.1151,0.0849,0.0276,0.0087,0.1572,0.3355,0.0835,0.1041,0.0477,801.0,45.2,11.7493,358.434,42.8159,92.1885,68.0312,22.0988,6.9353,125.8919,268.7452,66.9209,83.3508,38.1985,Terrence Shannon Jr.,MIN,G,,5.2576,0.628,1.3522,0.9979,0.3242,0.1017,1.8466,3.942,0.9816,1.2226,0.5603,0.4684,0.8029
2580365.0,34.0815,0.3077,0.043,0.2227,0.0833,0.0428,0.0172,0.122,0.2456,0.027,0.0383,0.0427,771.3,40.4,17.0705,237.3379,33.1318,171.751,64.2719,32.9774,13.2503,94.0976,189.4272,20.8332,29.5692,32.913,Larry Nance Jr.,IND,F,,5.2528,0.7333,3.8012,1.4225,0.7299,0.2933,2.0826,4.1924,0.4611,0.6544,0.7284,0.4967,0.7046
5105806.0,23.3819,0.4591,0.0883,0.1197,0.0751,0.0217,0.0162,0.164,0.393,0.0493,0.0577,0.039,919.4,54.0,11.3937,422.1273,81.1519,110.0588,69.0902,19.9386,14.8968,150.7689,361.3298,45.3383,53.0492,35.9004,Jett Howard,DAL,G,,5.2312,1.0057,1.3639,0.8562,0.2471,0.1846,1.8684,4.4778,0.5619,0.6574,0.4449,0.4173,0.8546
5081727.0,22.8316,0.3161,0.044,0.126,0.0878,0.0358,0.0171,0.1148,0.2628,0.0501,0.0735,0.051,1228.4,60.0,16.4877,388.2742,54.0293,154.7667,107.8251,43.9963,20.9676,140.9941,322.7791,61.4928,90.3024,62.6319,Sidy Cissoko,POR,G,,5.2115,0.7252,2.0773,1.4472,0.5905,0.2814,1.8924,4.3324,0.8254,1.212,0.8407,0.4368,0.681
4431893.0,25.7283,0.4124,0.0943,0.1606,0.0562,0.0201,0.0093,0.1518,0.3258,0.024,0.0307,0.0347,863.5,56.4,12.6026,356.132,81.3871,138.6821,48.4948,17.3176,7.9979,131.0678,281.3612,20.7253,26.5302,29.9916,Jamison Battle,TOR,F,,5.1977,1.1878,2.024,0.7078,0.2527,0.1167,1.9129,4.1064,0.3025,0.3872,0.4377,0.4658,0.7812
3133635.0,31.3819,0.3753,0.0893,0.0936,0.1004,0.0391,0.0128,0.1396,0.3542,0.0179,0.0233,0.041,966.1,50.6,13.808,362.5825,86.2691,90.4391,96.998,37.7438,12.3555,134.8708,342.1794,17.2533,22.5216,39.6471,Jevon Carter,ORL,G,,5.1822,1.233,1.2926,1.3863,0.5395,0.1766,1.9276,4.8906,0.2466,0.3219,0.5667,0.3942,0.7661
5239590.0,21.3094,0.4361,0.0704,0.198,0.082,0.0256,0.0123,0.1458,0.3159,0.092,0.1117,0.0447,683.0,36.0,11.8065,297.847,48.0958,135.2012,56.003,17.5027,8.3963,99.5707,215.7667,62.8476,76.2933,30.5027,Liam McNeeley,CHA,G,,5.1486,0.8314,2.3371,0.9681,0.3026,0.1451,1.7212,3.7298,1.0864,1.3188,0.5273,0.4615,0.8238
4687718.0,24.1841,0.474,0.0762,0.1851,0.0677,0.0474,0.03,0.1671,0.3337,0.0686,0.0837,0.0494,943.8,49.5,10.7845,447.3433,71.9133,174.6629,63.9417,44.6941,28.3377,157.7437,314.933,64.7848,78.9747,46.6572,Josh Minott,BKN,F,,5.1116,0.8217,1.9958,0.7306,0.5107,0.3238,1.8025,3.5986,0.7403,0.9024,0.5331,0.5009,0.8203
5239561.0,21.293,0.4603,0.0541,0.1192,0.1093,0.0335,0.0076,0.171,0.3515,0.0674,0.0899,0.047,794.5,47.5,10.9074,365.6995,42.9715,94.7011,86.8096,26.5887,6.0174,135.8851,279.2381,53.5715,71.4031,37.3062,Jase Richardson,ORL,G,,5.0206,0.5899,1.3001,1.1918,0.365,0.0826,1.8655,3.8336,0.7355,0.9803,0.5122,0.4866,0.7503
4397233.0,26.9493,0.3633,0.0701,0.1681,0.0719,0.0241,0.0179,0.1422,0.282,0.0183,0.0305,0.0402,879.8,45.3,13.8039,319.6247,61.6513,147.9042,63.2624,21.1892,15.7732,125.0915,248.0831,16.0944,26.8126,35.3435,Pete Nance,MIL,F,,5.0148,0.9673,2.3206,0.9926,0.3325,0.2475,1.9627,3.8924,0.2525,0.4207,0.5545,0.5042,0.6003
4592435.0,27.6338,0.4847,0.0722,0.2337,0.066,0.0239,0.0516,0.1844,0.3764,0.0447,0.0646,0.0387,770.5,44.5627,10.3443,373.4746,55.5941,180.0421,50.8146,18.3846,39.7247,142.1116,290.0371,34.4745,49.7751,29.812,Branden Carlson,POR,C,,5.0141,0.7464,2.4171,0.6822,0.2468,0.5333,1.9079,3.8939,0.4628,0.6683,0.4002,0.49,0.6926
5105977.0,22.5606,0.4059,0.0714,0.1845,0.0374,0.0333,0.028,0.151,0.3447,0.0417,0.0644,0.0468,838.5,48.0,12.3091,340.3439,59.8883,154.7057,31.3719,27.9635,23.4689,126.6445,289.0593,34.9971,54.014,39.2589,Rasheer Fleming,PHX,F,,4.9962,0.8792,2.2711,0.4605,0.4105,0.3445,1.8591,4.2434,0.5138,0.7929,0.5763,0.4381,0.6479
5099752.0,22.6701,0.3515,0.0476,0.1671,0.0791,0.0402,0.0086,0.1305,0.3159,0.0485,0.0612,0.0539,1082.0,57.7,14.1163,380.355,51.5465,180.8488,85.5711,43.4558,9.3293,141.2336,341.8548,52.4853,66.2521,58.3308,Rayan Rupert,PHI,G,,4.9623,0.6725,2.3594,1.1164,0.5669,0.1217,1.8426,4.46,0.6847,0.8644,0.761,0.4131,0.7922
4397886.0,26.2594,0.4442,0.0091,0.3572,0.0694,0.0339,0.0598,0.1809,0.3132,0.0639,0.0896,0.0572,614.2,30.4,11.1705,272.8014,5.576,219.3714,42.6255,20.7952,36.7528,111.119,192.36,39.2173,55.0019,35.1417,Charles Bassey,GS,C,,4.9615,0.1014,3.9897,0.7752,0.3782,0.6684,2.0209,3.4985,0.7133,1.0003,0.6391,0.5777,0.713
5175647.0,20.9863,0.3314,0.0452,0.2268,0.0478,0.0381,0.0193,0.134,0.2673,0.0247,0.039,0.0396,1041.5,57.0,14.8356,345.1245,47.1262,236.2173,49.7483,39.6559,20.0883,139.5231,278.4082,25.6973,40.6678,41.2259,Hugo Gonzalez,BOS,G,,4.9161,0.6713,3.3648,0.7086,0.5649,0.2861,1.9874,3.9658,0.366,0.5793,0.5872,0.5011,0.6319
4432185.0,25.5448,0.3279,0.0352,0.1334,0.0737,0.0422,0.0114,0.1327,0.318,0.0336,0.0434,0.0303,956.5,51.0,14.9672,313.632,33.6419,127.5607,70.4805,40.3497,10.9159,126.903,304.1565,32.1004,41.5091,28.9738,Micah Peavy,NO,G,,4.9077,0.5264,1.9961,1.1029,0.6314,0.1708,1.9858,4.7594,0.5023,0.6495,0.4534,0.4172,0.7733
2991235.0,33.5339,0.2736,0.0038,0.3721,0.074,0.0297,0.0286,0.1085,0.2086,0.0544,0.0994,0.057,944.4,42.1,17.776,258.3706,3.5583,351.3808,69.9004,28.0036,27.0318,102.4351,197.0111,51.356,93.8308,53.8462,Steven Adams,HOU,C,,4.8632,0.067,6.6139,1.3157,0.5271,0.5088,1.9281,3.7083,0.9667,1.7661,1.0135,0.5199,0.5473
5108024.0,23.8857,0.4562,0.0134,0.2588,0.0466,0.0237,0.0532,0.1674,0.2879,0.105,0.1357,0.0548,712.5,40.5,10.625,325.024,9.5753,184.3852,33.1754,16.8926,37.9014,119.273,205.1421,74.7872,96.7064,39.0583,Yanic Konan Niederhauser,LAC,C,,4.8468,0.1428,2.7496,0.4947,0.2519,0.5652,1.7786,3.0591,1.1152,1.4421,0.5824,0.5814,0.7733
5061568.0,21.1807,0.4202,0.0698,0.2165,0.069,0.0254,0.0262,0.1545,0.3529,0.049,0.0654,0.0445,908.5,55.5723,11.507,381.7305,63.3746,196.662,62.7017,23.0336,23.7656,140.3183,320.5733,44.526,59.421,40.4584,Carter Bryant,SA,F,,4.835,0.8027,2.4909,0.7942,0.2917,0.301,1.7773,4.0604,0.564,0.7526,0.5124,0.4377,0.7493
5107897.0,25.2574,0.3329,0.0156,0.2431,0.1194,0.0397,0.0252,0.1343,0.2819,0.0513,0.0693,0.0549,754.2,45.8,14.4864,251.0766,11.7805,183.3313,90.024,29.9423,19.01,101.2558,212.5905,38.6853,52.2799,41.3906,Jonathan Mogbo,SAC,F,,4.8226,0.2263,3.5214,1.7292,0.5751,0.3651,1.9449,4.0834,0.7431,1.0042,0.795,0.4763,0.74
4701233.0,26.9302,0.3309,0.033,0.1733,0.1737,0.0403,0.0279,0.1317,0.2712,0.0378,0.0542,0.0592,1124.8,57.6,14.3914,372.1422,37.1273,194.924,195.3513,45.3489,31.3899,148.1304,305.0716,42.4826,60.9802,66.6014,Craig Porter Jr.,CLE,G,,4.7614,0.475,2.494,2.4995,0.5802,0.4016,1.8953,3.9033,0.5436,0.7802,0.8521,0.4856,0.6967
4065654.0,29.3285,0.3463,0.036,0.2688,0.041,0.0445,0.0617,0.1256,0.2785,0.0623,0.0919,0.0345,869.0,52.6,13.7076,300.9158,31.2497,233.5553,35.6098,38.6345,53.6438,109.1802,242.0081,54.1547,79.8812,29.9917,Jonathan Isaac,ORL,F,,4.7467,0.4929,3.6841,0.5617,0.6094,0.8462,1.7222,3.8174,0.8542,1.26,0.4731,0.4511,0.6779
4278077.0,27.8309,0.2716,0.0242,0.2611,0.0746,0.0489,0.0156,0.1084,0.2208,0.0351,0.0561,0.0501,1122.1,56.6,17.4615,304.727,27.1232,293.0268,83.7128,54.8745,17.4675,121.6794,247.7235,39.4035,62.9966,56.1715,Jarred Vanderbilt,LAL,F,,4.742,0.4221,4.5599,1.3027,0.8539,0.2718,1.8935,3.8549,0.6132,0.9803,0.8741,0.4912,0.6255
4397251.0,26.8042,0.4196,0.0819,0.1656,0.0837,0.032,0.0238,0.1574,0.3595,0.0361,0.0454,0.0392,659.7,34.6,11.2925,276.8072,54.0224,109.2285,55.2364,21.093,15.6989,103.8184,237.1336,23.8008,29.9311,25.828,Ron Harper Jr.,BOS,G,,4.7383,0.9247,1.8697,0.9455,0.3611,0.2687,1.7771,4.0592,0.4074,0.5123,0.4421,0.4378,0.7952
5214637.0,22.065,0.3582,0.0453,0.2403,0.1012,0.0375,0.0225,0.1341,0.3015,0.054,0.0744,0.0554,880.5,49.5,13.1207,315.3786,39.8935,211.5781,89.0926,33.0593,19.8004,118.0576,265.4971,47.5359,65.5411,48.7499,Noah Penda,ORL,F,,4.6996,0.5945,3.1528,1.3276,0.4926,0.2951,1.7592,3.9563,0.7084,0.9767,0.7264,0.4447,0.7253
4397821.0,27.9678,0.4617,0.0488,0.1337,0.0694,0.0321,0.0118,0.178,0.376,0.0545,0.0726,0.0616,635.2,29.5,10.0926,293.2803,30.9901,84.936,44.0743,20.4075,7.4717,113.0603,238.816,34.5955,46.1159,39.1334,Nate Williams,GS,G,,4.6599,0.4924,1.3495,0.7003,0.3243,0.1187,1.7964,3.7945,0.5497,0.7327,0.6218,0.4734,0.7502
4398390.0,27.2779,0.3383,0.0655,0.13,0.1535,0.0245,0.0078,0.1295,0.2937,0.0224,0.0286,0.0441,969.3,50.3,13.5538,327.9376,63.4793,126.0453,148.7661,23.7829,7.5207,125.5667,284.6779,21.6989,27.6853,42.7179,Jalen Pickett,LAC,G,,4.5856,0.8876,1.7625,2.0802,0.3326,0.1052,1.7558,3.9807,0.3034,0.3871,0.5973,0.4411,0.7838
4702602.0,25.0684,0.4558,0.0417,0.1653,0.0965,0.0329,0.0165,0.174,0.3586,0.0619,0.0786,0.0492,520.0,22.5,10.0,236.9997,21.7082,85.9662,50.1953,17.0851,8.5895,90.4558,186.4671,32.2072,40.8807,25.6077,CJ Huntley,PHX,F,,4.5577,0.4175,1.6532,0.9653,0.3286,0.1652,1.7395,3.5859,0.6194,0.7862,0.4925,0.4851,0.7878
4432247.0,25.3012,0.3465,0.0437,0.1286,0.0564,0.0512,0.0094,0.1264,0.2716,0.057,0.0793,0.0287,996.8,58.5,13.074,345.4024,43.5476,128.1514,56.1803,51.071,9.3573,125.9689,270.779,56.7743,79.0496,28.6151,Jaylen Clark,MIN,G,,4.5303,0.5712,1.6808,0.7369,0.6698,0.1227,1.6522,3.5515,0.7447,1.0368,0.3753,0.4652,0.7182
4683689.0,22.9138,0.324,0.0445,0.2142,0.054,0.0381,0.0242,0.1229,0.2459,0.0403,0.0527,0.0356,1147.1,59.5,13.9735,371.6131,51.0223,245.7359,61.895,43.7141,27.797,140.9239,282.0949,46.1897,60.4684,40.8683,Jordan Walsh,BOS,G,,4.5269,0.6215,2.9935,0.754,0.5325,0.3386,1.7167,3.4364,0.5627,0.7366,0.4978,0.4996,0.7639
4397882.0,26.5168,0.4615,0.0229,0.2879,0.097,0.0285,0.0275,0.1656,0.3317,0.1021,0.1433,0.0557,570.7,28.1,9.7848,263.4007,13.0408,164.3061,55.3642,16.2599,15.6739,94.5337,189.3036,58.2781,81.8073,31.816,Tolu Smith,DET,F,,4.5161,0.2236,2.8171,0.9492,0.2788,0.2687,1.6208,3.2457,0.9992,1.4026,0.5455,0.4994,0.7124
4431734.0,25.5996,0.4718,0.0486,0.1728,0.1005,0.0371,0.0139,0.1743,0.3612,0.0734,0.0944,0.0511,543.0,25.0,9.5556,256.1987,26.3785,93.8304,54.5761,20.1349,7.5268,94.6555,196.145,39.8666,51.2383,27.7739,Tristan Enaruna,CLE,F,,4.5085,0.4642,1.6512,0.9604,0.3543,0.1325,1.6657,3.4517,0.7016,0.9017,0.4888,0.4826,0.7781
4277919.0,28.7235,0.351,0.0388,0.3202,0.0569,0.0274,0.0615,0.1359,0.2815,0.0462,0.0645,0.052,563.4,25.7,12.8307,197.7544,21.854,180.3745,32.0347,15.4447,34.6481,76.556,158.6188,26.0483,36.3582,29.2849,Mo Bamba,UTAH,C,,4.5036,0.4977,4.1078,0.7295,0.3517,0.7891,1.7435,3.6123,0.5932,0.828,0.6669,0.4826,0.7164
4432821.0,26.1198,0.4419,0.055,0.1925,0.0784,0.0273,0.0257,0.1634,0.3363,0.0648,0.0795,0.049,679.8,34.7,10.0297,300.4084,37.4005,130.8785,53.2697,18.5424,17.4452,111.0946,228.6335,44.0495,54.0141,33.2993,E.J. Liddell,BKN,F,,4.4322,0.5518,1.931,0.7859,0.2736,0.2574,1.6391,3.3732,0.6499,0.7969,0.4913,0.4859,0.8155
4279118.0,27.9295,0.3625,0.0666,0.1092,0.167,0.0433,0.0137,0.1376,0.327,0.0303,0.0388,0.0575,817.7,49.6,12.1953,296.4386,54.4426,89.3212,136.5305,35.436,11.1879,112.5051,267.3549,24.7802,31.7328,47.0435,Keaton Wallace,ATL,G,,4.4211,0.812,1.3322,2.0362,0.5285,0.1669,1.6779,3.9874,0.3696,0.4733,0.7016,0.4208,0.7809
5157066.0,22.1499,0.3464,0.0444,0.2211,0.0717,0.0362,0.0169,0.1323,0.2779,0.0461,0.0698,0.0444,858.3,42.9,12.7547,297.3008,38.1021,189.7325,61.564,31.0457,14.5209,113.5311,238.5574,39.5944,59.8857,38.1108,Johnny Furphy,IND,G,,4.418,0.5662,2.8195,0.9149,0.4614,0.2158,1.6871,3.5451,0.5884,0.8899,0.5663,0.4759,0.6612
4397204.0,26.6865,0.3664,0.016,0.2614,0.0772,0.028,0.019,0.141,0.284,0.0724,0.0906,0.0557,553.5,25.0,11.881,202.7951,8.8289,144.6924,42.7172,15.4728,10.4932,78.045,157.1915,40.0991,50.149,30.8284,Colin Castleton,ORL,C,,4.353,0.1895,3.1058,0.9169,0.3321,0.2252,1.6752,3.3741,0.8607,1.0765,0.6617,0.4965,0.7996
4431941.0,25.8405,0.4272,0.072,0.148,0.1586,0.0344,0.0202,0.1574,0.4022,0.0534,0.064,0.0671,610.1,30.1,10.186,260.6139,43.9519,90.3005,96.7766,21.0157,12.3102,96.016,245.358,32.5561,39.0444,40.9156,RayJ Dennis,ATL,G,,4.3511,0.7338,1.5076,1.6158,0.3509,0.2055,1.6031,4.0964,0.5435,0.6519,0.6831,0.3913,0.8338
4431752.0,27.0835,0.3518,0.0503,0.1921,0.0855,0.0272,0.0135,0.1334,0.284,0.0409,0.0518,0.0495,1008.1,54.3,12.1635,354.6179,50.6734,193.7007,86.2042,27.3926,13.646,134.4327,286.3375,41.1993,52.2514,49.8599,Kobe Brown,IND,G,,4.2787,0.6114,2.3372,1.0401,0.3305,0.1646,1.622,3.4549,0.4971,0.6305,0.6016,0.4695,0.7885
5105553.0,23.2396,0.3767,0.0528,0.1399,0.0418,0.0369,0.0174,0.1358,0.2946,0.0591,0.0741,0.0304,827.0,52.4,11.3046,311.5155,43.7001,115.6914,34.6008,30.5311,14.4004,112.3462,243.6732,48.8779,61.3169,25.1258,Julian Phillips,MIN,F,,4.2582,0.5974,1.5814,0.473,0.4173,0.1968,1.5357,3.3309,0.6681,0.8382,0.3435,0.4611,0.7971
3155535.0,30.9849,0.2765,0.0047,0.3633,0.1065,0.0315,0.0266,0.1151,0.2209,0.0418,0.0662,0.0388,768.1,38.6,15.374,212.3446,3.6058,279.0422,81.7804,24.2105,20.433,88.3788,169.6612,32.1328,50.8673,29.8104,Kevon Looney,LAL,F,,4.2502,0.0722,5.5852,1.6369,0.4846,0.409,1.769,3.3959,0.6432,1.0181,0.5967,0.5209,0.6317
5279133.0,20.2225,0.5396,0.0149,0.2696,0.0615,0.0299,0.0576,0.2086,0.3578,0.0905,0.1213,0.0451,657.5,40.5,7.875,354.794,9.8109,177.2678,40.4164,19.6817,37.8913,137.1664,235.2382,59.4909,79.7378,29.6607,Joan Beringer,MIN,F,,4.2494,0.1175,2.1232,0.4841,0.2357,0.4538,1.6429,2.8175,0.7125,0.955,0.3553,0.5831,0.7461
2578239.0,34.0678,0.2833,0.0517,0.1587,0.0921,0.0249,0.0119,0.105,0.2334,0.0305,0.0414,0.0365,708.9,45.6494,14.7888,200.8068,36.6589,112.5339,65.279,17.6433,8.4403,74.4234,165.4825,21.5887,29.3145,25.865,Pat Connaughton,CHA,G,,4.1891,0.7648,2.3476,1.3618,0.3681,0.1761,1.5526,3.4522,0.4504,0.6115,0.5396,0.4497,0.7365
5289900.0,21.7584,0.444,0.081,0.1544,0.095,0.0303,0.0119,0.1638,0.3638,0.0436,0.056,0.05,817.5,54.0904,9.3382,363.0083,66.1976,126.2363,77.6686,24.7832,9.6973,133.8822,297.4167,35.6522,45.7768,40.8693,Mohamed Diawara,NY,F,,4.1466,0.7562,1.442,0.8872,0.2831,0.1108,1.5293,3.3974,0.4073,0.5229,0.4668,0.4502,0.7788
4433225.0,25.8487,0.3872,0.0622,0.1314,0.2325,0.0324,0.0092,0.1481,0.3399,0.0353,0.0464,0.0678,904.0,54.7325,10.5011,349.9907,56.265,118.8061,210.2057,29.3204,8.2947,133.886,307.2409,31.9523,41.9439,61.3056,Tyler Kolek,NY,G,,4.0656,0.6536,1.3801,2.4418,0.3406,0.0964,1.5552,3.569,0.3712,0.4872,0.7121,0.4358,0.7618
4395623.0,27.1766,0.3142,0.0074,0.2362,0.0573,0.0256,0.0345,0.1335,0.2434,0.0418,0.0654,0.0638,580.4,30.2277,12.899,182.3413,4.3185,137.1127,33.2345,14.8639,20.0333,77.4896,141.2829,24.2828,37.9382,37.0105,Trey Jemison III,TOR,C,,4.0524,0.096,3.0472,0.7386,0.3303,0.4452,1.7221,3.1399,0.5397,0.8431,0.8225,0.5485,0.6401
4431772.0,25.6982,0.431,0.0654,0.2717,0.1114,0.0402,0.0192,0.1588,0.3263,0.056,0.0739,0.0474,706.0,42.5,9.3636,304.2544,46.1956,191.7975,78.6391,28.3956,13.533,112.1398,230.3721,39.5522,52.207,33.4592,Myron Gardner,MIA,F,,4.0353,0.6127,2.5438,1.043,0.3766,0.1795,1.4873,3.0554,0.5246,0.6924,0.4438,0.4868,0.7576
4433607.0,24.4634,0.4764,0.0887,0.1724,0.0917,0.0251,0.024,0.1683,0.3377,0.0651,0.0823,0.0565,604.5,33.0,8.36,288.0085,53.598,104.2235,55.4383,15.1922,14.499,101.7586,204.1559,39.3743,49.7521,34.1364,DaRon Holmes II,DEN,F,,3.983,0.7412,1.4414,0.7667,0.2101,0.2005,1.4073,2.8234,0.5445,0.6881,0.4721,0.4984,0.7914
3134932.0,30.8617,0.2183,0.0326,0.2205,0.095,0.0543,0.0321,0.0846,0.1816,0.0236,0.0307,0.0359,1113.8,53.0,18.2267,243.1299,36.322,245.6233,105.8106,60.4742,35.7869,94.2688,202.3012,26.2621,34.2446,39.9741,John Konchar,UTAH,G,,3.9787,0.5944,4.0195,1.7315,0.9896,0.5856,1.5427,3.3105,0.4298,0.5604,0.6542,0.466,0.7669
2999547.0,32.3812,0.2333,0.0524,0.0855,0.0636,0.0363,0.0132,0.0863,0.1957,0.0191,0.0254,0.0294,902.9,49.3,16.9192,210.6068,47.309,77.2344,57.4141,32.7892,11.9557,77.8939,176.7018,17.2059,22.9362,26.5568,Gary Harris,DET,G,,3.9465,0.8865,1.4473,1.0759,0.6144,0.224,1.4596,3.3112,0.3224,0.4298,0.4976,0.4408,0.7502
4593043.0,25.7748,0.4647,0.0636,0.17,0.0952,0.0346,0.0164,0.167,0.3682,0.0783,0.0947,0.049,521.0,23.0,8.4,242.0954,33.1522,88.5858,49.5835,18.013,8.5349,86.9984,191.8347,40.8049,49.3609,25.5069,John Tonje,POR,F,,3.9033,0.5345,1.4283,0.7994,0.2904,0.1376,1.4027,3.0929,0.6579,0.7958,0.4112,0.4535,0.8267
4701225.0,24.9425,0.4633,0.03,0.3033,0.0699,0.0259,0.0359,0.1706,0.3352,0.0898,0.1129,0.0607,613.5,30.9,8.2609,284.2364,18.4045,186.056,42.8794,15.8645,22.0091,104.6346,205.6344,55.0811,69.2651,37.2257,PJ Hall,CHA,C,,3.8273,0.2478,2.5053,0.5774,0.2136,0.2964,1.4089,2.7689,0.7417,0.9327,0.5012,0.5088,0.7952
4432180.0,26.1828,0.4444,0.0405,0.1615,0.0935,0.0326,0.0243,0.1675,0.3634,0.0683,0.0846,0.0576,521.5,23.0,8.6,231.7693,21.1119,84.1987,48.7768,16.978,12.6556,87.3332,189.5039,35.6231,44.1311,30.0182,Hunter Dickinson,NO,C,,3.8221,0.3482,1.3885,0.8044,0.28,0.2087,1.4402,3.1251,0.5875,0.7278,0.495,0.4609,0.8072
4277922.0,28.2827,0.2344,0.0026,0.276,0.0701,0.0179,0.0191,0.102,0.1454,0.0305,0.0466,0.0516,1222.6,58.6,16.2676,286.6045,3.1425,337.3991,85.6956,21.8341,23.33,124.65,177.7601,37.2365,56.9705,63.0619,Jericho Sims,MIL,C,,3.8135,0.0418,4.4893,1.1402,0.2905,0.3104,1.6586,2.3652,0.4955,0.758,0.8391,0.7012,0.6536
5203685.0,20.3812,0.4247,0.0232,0.301,0.037,0.0246,0.06,0.1668,0.3144,0.0689,0.0913,0.0588,705.0,43.5,8.913,299.426,16.3501,212.2363,26.0818,17.3122,42.2827,117.6056,221.6261,48.5411,64.3922,41.4495,Khaman Maluach,PHX,C,,3.7855,0.2067,2.6832,0.3297,0.2189,0.5346,1.4868,2.8019,0.6137,0.8141,0.524,0.5306,0.7538
5157587.0,20.5592,0.5092,0.0452,0.2384,0.1054,0.0321,0.0378,0.1856,0.3702,0.0899,0.1071,0.0527,518.5,23.0,7.4,264.0271,23.4363,123.61,54.6488,16.6275,19.6053,96.259,191.9595,46.6251,55.5269,27.2997,Rocco Zikarsky,MIN,C,,3.7682,0.3345,1.7642,0.7799,0.2373,0.2798,1.3738,2.7396,0.6654,0.7925,0.3896,0.5015,0.8397
3442.0,38.5305,0.2976,0.005,0.3722,0.0701,0.025,0.0375,0.1236,0.2079,0.0439,0.0838,0.0556,667.9,32.1,12.5944,198.7557,3.3166,248.5933,46.8004,16.6648,25.0533,82.5712,138.8305,29.3247,55.9632,37.1166,DeAndre Jordan,NO,C,,3.7479,0.0625,4.6876,0.8825,0.3142,0.4724,1.557,2.6179,0.553,1.0553,0.6999,0.5948,0.524
4431690.0,26.0595,0.3374,0.0261,0.1925,0.0526,0.0318,0.0464,0.1281,0.2622,0.0589,0.0825,0.0404,874.4,52.2,11.0257,295.0475,22.8242,168.3555,46.0203,27.7748,40.5411,112.0541,229.256,51.4826,72.0985,35.3494,Zeke Nnaji,DEN,F,,3.7204,0.2878,2.1229,0.5803,0.3502,0.5112,1.4129,2.8908,0.6492,0.9091,0.4457,0.4888,0.7141
4591259.0,24.2361,0.5092,0.1074,0.1417,0.1192,0.0305,0.0139,0.1797,0.3948,0.0605,0.0746,0.0539,542.5,26.5,7.0833,276.2231,58.2819,76.8715,64.6628,16.5239,7.562,97.4896,214.1766,32.8422,40.4827,29.2295,Koby Brea,PHX,G,,3.6066,0.761,1.0037,0.8443,0.2158,0.0987,1.2729,2.7965,0.4288,0.5286,0.3816,0.4552,0.8113
4592187.0,25.3696,0.3528,0.0313,0.177,0.0932,0.0374,0.0143,0.1412,0.2825,0.0466,0.0565,0.0517,580.2,27.1,10.1968,204.6833,18.1869,102.6688,54.093,21.7164,8.2781,81.9002,163.9016,27.0248,32.8039,29.9822,Wendell Moore Jr.,DET,F,,3.5972,0.3196,1.8044,0.9507,0.3817,0.1455,1.4394,2.8805,0.475,0.5765,0.5269,0.4997,0.8238
4897449.0,27.3573,0.3639,0.0253,0.1866,0.0903,0.0385,0.0257,0.1412,0.2986,0.0624,0.0815,0.0516,640.0,33.5928,9.7987,232.8844,16.2199,119.4336,57.8125,24.6288,16.4524,90.3919,191.0942,39.9066,52.132,33.02,Malevy Leons,GS,F,,3.5656,0.2483,1.8286,0.8851,0.3771,0.2519,1.3839,2.9257,0.611,0.7982,0.5055,0.473,0.7655
3136777.0,31.2615,0.2913,0.0274,0.1854,0.0687,0.0353,0.012,0.1179,0.2438,0.0325,0.0472,0.0404,761.0,48.2,11.914,221.6606,20.824,141.0862,52.2957,26.8739,9.1051,89.7055,185.5052,24.7361,35.9431,30.7312,Jae'Sean Tate,HOU,F,,3.4703,0.326,2.2088,0.8187,0.4207,0.1425,1.4044,2.9042,0.3873,0.5627,0.4811,0.4836,0.6882
4277957.0,28.5127,0.2712,0.0453,0.1461,0.0659,0.0326,0.0171,0.1035,0.2467,0.0356,0.0478,0.0412,674.5,38.5,12.6586,182.9067,30.5487,98.5648,44.4216,21.9765,11.5256,69.8219,166.3958,24.0148,32.2278,27.7974,Isaiah Livers,PHX,F,,3.4327,0.5733,1.8498,0.8337,0.4124,0.2163,1.3104,3.1228,0.4507,0.6048,0.5217,0.4196,0.7452
4592699.0,26.5086,0.3863,0.0326,0.1846,0.0759,0.0308,0.0235,0.1463,0.2974,0.0707,0.0961,0.0489,536.6,24.6,8.7404,207.2624,17.5146,99.0409,40.7453,16.5405,12.6231,78.4813,159.5787,37.9468,51.5686,26.2214,Enrique Freeman,MIN,F,,3.376,0.2853,1.6132,0.6637,0.2694,0.2056,1.2783,2.5993,0.6181,0.84,0.4271,0.4918,0.7358
4432190.0,25.2163,0.2828,0.0377,0.1853,0.0991,0.0353,0.0123,0.1115,0.2459,0.0297,0.0456,0.0607,803.3,49.9217,11.8085,227.1993,30.293,148.868,79.6401,28.3351,9.91,89.5651,197.5681,23.8761,36.6535,48.7628,Andre Jackson Jr.,TOR,G,,3.3398,0.4453,2.1884,1.1707,0.4165,0.1457,1.3166,2.9043,0.351,0.5388,0.7168,0.4533,0.6514
4683774.0,22.3196,0.3996,0.0626,0.09,0.1396,0.0426,0.0141,0.1512,0.3542,0.0451,0.0554,0.0633,706.8,44.1,8.3344,282.4315,44.246,63.6135,98.6849,30.0941,9.9542,106.8578,250.3524,31.85,39.1722,44.7596,Bronny James,LAL,G,,3.3304,0.5217,0.7501,1.1637,0.3549,0.1174,1.26,2.9521,0.3756,0.4619,0.5278,0.4268,0.8131
4278046.0,27.9459,0.4345,0.0484,0.2526,0.0904,0.0308,0.0352,0.1593,0.3085,0.0742,0.1065,0.0515,519.5,22.5,7.6154,225.7274,25.1629,131.2486,46.9644,15.9935,18.2773,82.7485,160.2727,38.5405,55.3037,26.7478,Olivier Sarr,CLE,F,,3.309,0.3689,1.924,0.6885,0.2345,0.2679,1.213,2.3494,0.565,0.8107,0.3921,0.5163,0.6969
4433268.0,23.7515,0.4439,0.0513,0.1284,0.1029,0.0349,0.0164,0.1715,0.3723,0.0537,0.0709,0.0471,567.1,27.3,7.438,251.7099,29.1167,72.7973,58.346,19.7883,9.3125,97.2459,211.1319,30.4328,40.1918,26.7268,Trey Alexander,UTAH,G,,3.3014,0.3819,0.9548,0.7653,0.2595,0.1221,1.2755,2.7692,0.3992,0.5271,0.3505,0.4606,0.7572
4845363.0,21.5229,0.399,0.0343,0.1713,0.0822,0.0366,0.0107,0.1453,0.3401,0.0829,0.1069,0.0489,745.3,48.7,8.261,297.3471,25.529,127.633,61.2583,27.2571,7.9411,108.2766,253.5056,61.8033,79.6726,36.4284,Cam Christie,LAC,G,,3.2958,0.283,1.4147,0.679,0.3021,0.088,1.2002,2.8099,0.685,0.8831,0.4038,0.4271,0.7757
4431778.0,26.6153,0.2907,0.0095,0.2347,0.059,0.0325,0.0458,0.1239,0.242,0.039,0.0534,0.0454,713.3,37.6,11.3333,207.3485,6.791,167.3937,42.0748,23.173,32.6717,88.3818,172.637,27.8189,38.0652,32.3934,Christian Koloko,ATL,C,,3.2945,0.1079,2.6596,0.6685,0.3682,0.5191,1.4043,2.743,0.442,0.6048,0.5147,0.512,0.7308
5177362.0,26.358,0.4958,0.061,0.1559,0.1001,0.033,0.0186,0.1823,0.3709,0.0664,0.0814,0.0542,530.2,25.1,6.5918,262.8583,32.3447,82.6842,53.0644,17.5186,9.8466,96.6526,196.632,35.2304,43.1457,28.7109,Riley Minix,CLE,F,,3.268,0.4021,1.028,0.6597,0.2178,0.1224,1.2017,2.4447,0.438,0.5364,0.357,0.4915,0.8165
4411057.0,25.8816,0.4046,0.0518,0.1882,0.1216,0.039,0.0125,0.1567,0.3387,0.049,0.0674,0.06,580.5,30.2855,8.0631,234.8446,30.0764,109.2578,70.608,22.6468,7.2315,90.9925,196.61,28.4172,39.1523,34.8343,Kevin McCullar Jr.,NY,G,,3.262,0.4178,1.5176,0.9807,0.3146,0.1004,1.2639,2.7309,0.3947,0.5438,0.4838,0.4628,0.7258
5107818.0,26.5578,0.4549,0.0232,0.1812,0.0606,0.0265,0.0258,0.1739,0.3137,0.077,0.1089,0.0528,548.3,28.0,7.1385,249.4469,12.7343,99.3315,33.2114,14.517,14.1687,95.3428,172.0146,42.2327,59.7095,28.954,Isaac Jones,DET,C,,3.2476,0.1658,1.2932,0.4324,0.189,0.1845,1.2413,2.2395,0.5498,0.7774,0.377,0.5543,0.7073
4700852.0,25.1177,0.3856,0.0716,0.113,0.0798,0.0311,0.0085,0.1446,0.356,0.0431,0.0538,0.035,632.0,37.0,8.0,243.6709,45.2392,71.4245,50.4481,19.6242,5.3998,91.3687,225.0168,27.2083,33.9939,22.1239,Chaz Lanier,DET,G,,3.0844,0.5726,0.9041,0.6386,0.2484,0.0684,1.1566,2.8483,0.3444,0.4303,0.28,0.4061,0.8004
4713010.0,25.1862,0.4809,0.0532,0.1832,0.177,0.0399,0.0183,0.1791,0.3714,0.0664,0.0924,0.0588,535.0,25.9337,6.3636,257.2548,28.4359,98.0033,94.7001,21.3307,9.7791,95.822,198.676,35.5307,49.4529,31.4399,David Jones Garcia,SA,F,,3.06,0.3382,1.1657,1.1264,0.2537,0.1163,1.1398,2.3632,0.4226,0.5882,0.374,0.4823,0.7185
4590360.0,23.976,0.4692,0.0528,0.1704,0.1224,0.0349,0.0187,0.174,0.388,0.0728,0.0919,0.0567,506.5,21.5,6.5,237.6702,26.7553,86.3077,62.0204,17.6798,9.4718,88.1364,196.5016,36.8626,46.5329,28.7127,Chucky Hepburn,TOR,G,,3.0501,0.3434,1.1076,0.7959,0.2269,0.1216,1.1311,2.5217,0.4731,0.5972,0.3685,0.4485,0.7922
3986.0,41.6051,0.2809,0.0159,0.248,0.0607,0.0274,0.0324,0.116,0.2396,0.0369,0.0501,0.0482,589.3,29.2,10.8175,165.523,9.399,146.1539,35.7492,16.1453,19.1137,68.3644,141.2116,21.7345,29.5363,28.4077,Taj Gibson,MEM,F,,3.0384,0.1725,2.6829,0.6562,0.2964,0.3509,1.2549,2.5921,0.399,0.5422,0.5215,0.4841,0.7359
4592979.0,25.9144,0.4938,0.048,0.1464,0.144,0.0326,0.0162,0.1807,0.3639,0.0776,0.0938,0.0573,521.3,23.3,6.0,257.4281,25.0101,76.3261,75.0722,16.9831,8.4417,94.1755,189.6834,40.4349,48.9008,29.8847,Zyon Pullin,MIN,G,,2.9629,0.2879,0.8785,0.8641,0.1955,0.0972,1.0839,2.1832,0.4654,0.5628,0.344,0.4965,0.8269
5217746.0,21.5996,0.4124,0.0291,0.2124,0.0898,0.0252,0.0276,0.149,0.3675,0.095,0.1152,0.0811,650.5,42.0,7.0,268.2424,18.9405,138.1491,58.4464,16.3691,17.9622,96.925,239.0372,61.8112,74.9632,52.7582,Yang Hansen,POR,C,,2.8865,0.2038,1.4866,0.6289,0.1761,0.1933,1.043,2.5723,0.6651,0.8067,0.5677,0.4055,0.8246
4702656.0,25.0986,0.4326,0.0412,0.1597,0.0974,0.0383,0.0227,0.1558,0.3642,0.0875,0.1106,0.0556,572.5,32.0,6.3043,247.6723,23.5997,91.4545,55.7897,21.9411,13.0227,89.1854,208.4762,50.1101,63.3094,31.8329,Alijah Martin,TOR,G,,2.7274,0.2599,1.0071,0.6144,0.2416,0.1434,0.9821,2.2957,0.5518,0.6972,0.3505,0.4278,0.7915
4871141.0,24.8056,0.2977,0.0091,0.2812,0.0665,0.0235,0.0463,0.1208,0.2095,0.0542,0.0733,0.0671,773.6,49.6747,9.1459,230.2837,7.0609,217.5253,51.4347,18.1476,35.8511,93.4302,162.0649,41.9594,56.706,51.9087,Ariel Hukporti,PHI,C,,2.7225,0.0835,2.5717,0.6081,0.2146,0.4239,1.1046,1.916,0.4961,0.6704,0.6137,0.5765,0.7399
4593034.0,29.1944,0.4495,0.0456,0.1691,0.1213,0.0316,0.0176,0.166,0.3545,0.0708,0.0882,0.064,512.0,22.5,6.0,230.147,23.3244,86.5893,62.1071,16.1899,9.0366,85.0111,181.4927,36.2477,45.1593,32.7799,Alex Morales,ORL,G,,2.697,0.2733,1.0147,0.7278,0.1897,0.1059,0.9962,2.1269,0.4248,0.5292,0.3841,0.4684,0.8027
4684208.0,24.9179,0.3077,0.0299,0.2146,0.0771,0.0328,0.0161,0.1257,0.2703,0.0409,0.0538,0.0412,674.5,40.5,8.725,207.5739,20.1704,144.7743,52.0153,22.1092,10.8572,84.763,182.294,27.6047,36.2809,27.7943,Brooks Barnhizer,OKC,F,,2.6851,0.2609,1.8727,0.6728,0.286,0.1404,1.0965,2.3581,0.3571,0.4693,0.3595,0.465,0.7609
5060631.0,22.7331,0.4325,0.0284,0.1854,0.0901,0.037,0.017,0.1602,0.3126,0.0887,0.1242,0.0571,575.5,33.0,6.04,248.8873,16.3652,106.7215,51.8662,21.2849,9.7609,92.1892,179.9047,51.0697,71.4922,32.8501,Adou Thiero,LAL,F,,2.6121,0.1718,1.1201,0.5443,0.2234,0.1024,0.9675,1.8881,0.536,0.7503,0.3448,0.5124,0.7143
4706557.0,24.9754,0.4446,0.088,0.1612,0.0841,0.0303,0.0178,0.1569,0.3622,0.0634,0.0763,0.0385,593.5,36.5,5.8438,263.872,52.2118,95.6624,49.934,17.9878,10.5684,93.1117,214.9779,37.6564,45.2875,22.8424,Chris Youngblood,POR,G,,2.5981,0.5141,0.9419,0.4917,0.1771,0.1041,0.9168,2.1167,0.3708,0.4459,0.2249,0.4331,0.8315
3134916.0,30.8125,0.3224,0.0654,0.1138,0.153,0.0486,0.0093,0.1182,0.2561,0.0341,0.044,0.0462,673.0,46.7349,8.0158,216.974,44.0389,76.598,102.9619,32.6832,6.2808,79.5209,172.3308,22.9301,29.6222,31.1003,Jordan McLaughlin,SA,G,,2.5843,0.5245,0.9123,1.2263,0.3893,0.0748,0.9471,2.0526,0.2731,0.3528,0.3704,0.4614,0.7741
4702745.0,25.0082,0.3704,0.0239,0.2373,0.089,0.0306,0.0396,0.1421,0.2759,0.0727,0.0959,0.0623,572.5,31.0,6.9048,212.049,13.6571,135.833,50.9475,17.5174,22.6889,81.3281,157.9657,41.6291,54.8885,35.6925,Amari Williams,BOS,F,,2.5575,0.1647,1.6382,0.6145,0.2113,0.2736,0.9809,1.9052,0.5021,0.662,0.4305,0.5148,0.7584
4432872.0,26.6181,0.4718,0.0527,0.1802,0.1128,0.0351,0.0155,0.1748,0.3713,0.0679,0.0874,0.0475,518.9,23.6,5.3265,244.8204,27.3546,93.4972,58.5234,18.2258,8.0487,90.684,192.6438,35.2166,45.3284,24.6684,Emanuel Miller,SA,F,,2.5131,0.2808,0.9598,0.6007,0.1871,0.0826,0.9309,1.9775,0.3615,0.4653,0.2532,0.4707,0.7769
4683749.0,25.2108,0.3883,0.0463,0.12,0.1504,0.0378,0.0163,0.1544,0.3526,0.0434,0.0591,0.0455,554.9,29.6,6.3195,215.4543,25.6806,66.5805,83.4814,20.9666,9.0429,85.6834,195.6839,24.1002,32.7747,25.2206,TyTy Washington Jr.,LAC,G,,2.4537,0.2925,0.7583,0.9507,0.2388,0.103,0.9758,2.2286,0.2745,0.3733,0.2872,0.4379,0.7353
4397654.0,27.1691,0.404,0.0705,0.1457,0.0887,0.034,0.0164,0.1545,0.4186,0.0409,0.0535,0.0424,520.2,23.859,6.007,210.1411,36.6522,75.7887,46.1633,17.6874,8.5286,80.3704,217.7442,21.2885,27.8097,22.0455,Adam Flagler,SAC,G,,2.4266,0.4232,0.8752,0.5331,0.2042,0.0985,0.9281,2.5144,0.2458,0.3211,0.2546,0.3691,0.7655
5211983.0,21.5147,0.436,0.061,0.1846,0.0926,0.0312,0.0152,0.1591,0.3698,0.0724,0.0908,0.0435,580.2,36.1313,5.3679,252.9443,35.3687,107.0925,53.7311,18.1037,8.8325,92.3027,214.5389,42.0252,52.6928,25.2309,Pacome Dadiet,NY,F,,2.3402,0.3272,0.9908,0.4971,0.1675,0.0817,0.854,1.9849,0.3888,0.4875,0.2334,0.4302,0.7976
4433618.0,24.1786,0.4608,0.0476,0.1853,0.1019,0.0349,0.0155,0.1761,0.3427,0.0624,0.0783,0.0524,516.5,24.4578,4.9091,238.0017,24.5635,95.7099,52.6495,18.0176,7.985,90.9629,176.9838,32.2181,40.465,27.0557,Harrison Ingram,SA,F,,2.2621,0.2335,0.9097,0.5004,0.1712,0.0759,0.8646,1.6821,0.3062,0.3846,0.2572,0.514,0.7962
4703889.0,24.9918,0.4881,0.0567,0.1887,0.0941,0.0341,0.0222,0.1791,0.3713,0.0727,0.0907,0.0518,511.5,23.0,4.6,249.638,29.0229,96.509,48.123,17.4266,11.3437,91.6027,189.9317,37.1825,46.4125,26.5149,Jayson Kent,POR,G,,2.245,0.261,0.8679,0.4328,0.1567,0.102,0.8238,1.7081,0.3344,0.4174,0.2385,0.4823,0.8011
4702972.0,25.1451,0.4222,0.0398,0.1914,0.099,0.0397,0.0239,0.1587,0.3279,0.0726,0.0928,0.0511,523.5,25.0,5.2222,221.0001,20.8136,100.222,51.8166,20.7958,12.5175,83.085,171.6499,38.0043,48.5937,26.7687,Chris Manon,LAL,G,,2.2046,0.2076,0.9998,0.5169,0.2075,0.1249,0.8288,1.7123,0.3791,0.4848,0.267,0.484,0.7821
4592857.0,25.2491,0.4181,0.044,0.1761,0.0772,0.0311,0.0253,0.159,0.3316,0.0645,0.0821,0.05,551.6,28.9,5.1905,230.6052,24.2897,97.1321,42.605,17.1413,13.9698,87.7031,182.8972,35.5974,45.296,27.5845,Isaiah Crawford,HOU,F,,2.17,0.2286,0.914,0.4009,0.1613,0.1315,0.8253,1.721,0.335,0.4262,0.2596,0.4795,0.7859
4709131.0,24.3101,0.4846,0.0697,0.1619,0.1283,0.0317,0.0172,0.1779,0.3939,0.0657,0.0831,0.0536,515.5,24.0,4.4286,249.8162,35.9214,83.4359,66.1552,16.3265,8.8654,91.6935,203.0788,33.8479,42.8505,27.6338,Sean Pedulla,HOU,G,,2.1461,0.3086,0.7168,0.5683,0.1403,0.0762,0.7877,1.7446,0.2908,0.3681,0.2374,0.4515,0.7899
4433569.0,24.5373,0.4268,0.0381,0.2209,0.1017,0.0357,0.0232,0.1629,0.393,0.0677,0.0996,0.0556,527.5,26.0,5.0,225.1397,20.0942,116.5006,53.6471,18.8384,12.243,85.9526,207.3225,35.6911,52.5409,29.3372,Johni Broome,LAC,F,,2.134,0.1905,1.1043,0.5085,0.1786,0.116,0.8147,1.9651,0.3383,0.498,0.2781,0.4146,0.6793
4433133.0,26.3169,0.462,0.0547,0.1349,0.1412,0.0303,0.0139,0.1721,0.3673,0.0645,0.0784,0.0539,531.9,27.6,4.5618,245.7224,29.1052,71.7666,75.1174,16.1331,7.419,91.5259,195.3906,34.3025,41.7272,28.665,Jahmir Young,MIA,G,,2.1074,0.2496,0.6155,0.6442,0.1384,0.0636,0.785,1.6758,0.2942,0.3579,0.2458,0.4684,0.8221
4592965.0,25.7666,0.4999,0.0656,0.1948,0.1063,0.0352,0.0174,0.1789,0.4038,0.079,0.101,0.0565,507.6,21.7,3.7576,253.7372,33.311,98.8678,53.9755,17.8687,8.809,90.7969,204.9848,40.0981,51.2776,28.6674,Tristen Newton,HOU,G,,1.8783,0.2466,0.7319,0.3996,0.1323,0.0652,0.6721,1.5174,0.2968,0.3796,0.2122,0.4429,0.782
5242496.0,20.1211,0.5106,0.0584,0.174,0.1153,0.0361,0.0196,0.1866,0.3999,0.0811,0.1014,0.0547,503.0,21.5,3.0,256.8312,29.3848,87.5053,58.0131,18.1377,9.8367,93.8369,201.1525,40.8123,50.9999,27.5228,Noa Essengue,CHI,F,,1.5318,0.1753,0.5219,0.346,0.1082,0.0587,0.5597,1.1997,0.2434,0.3042,0.1642,0.4665,0.8002
4700818.0,25.7228,0.4676,0.0475,0.2207,0.1183,0.032,0.0308,0.1737,0.3541,0.0712,0.0892,0.0611,511.5,25.0,2.5556,239.1737,24.3046,112.8752,60.5076,16.3773,15.7737,88.8244,181.1108,36.4404,45.6059,31.2657,Vladislav Goldin,MIA,C,,1.195,0.1214,0.5639,0.3023,0.0818,0.0788,0.4438,0.9049,0.1821,0.2279,0.1562,0.4904,0.799
4432645.0,23.4339,0.5064,0.0714,0.1777,0.1028,0.0348,0.0186,0.1834,0.4152,0.0724,0.0914,0.0533,507.0,24.0,2.0,256.7329,36.2101,90.1057,52.1012,17.6628,9.4369,93.0059,210.4925,36.7266,46.3612,27.0349,Trevor Keels,MIA,G,,1.0128,0.1428,0.3554,0.2055,0.0697,0.0372,0.3669,0.8303,0.1449,0.1829,0.1066,0.4418,0.7922
